{"type":"FeatureCollection","name":"status_cells","crs":{"type":"name","properties":{"name":"urn:ogc:def:crs:OGC:1.3:CRS84"}},"features":[{"type":"Feature","properties":{"cell_id":31.0,"area_km2":210.7178836,"elevation_m":207.7060242,"longitude":-89.1711271,"latitude":48.0050396,"abundance":[0.0,0.0,0.0,0.0,0.0,0.0,0.0,0.0,0.0,0.0,0.0,0.0,0.0,0.0,0.365989,0.6115835,0.585152,0.2958288,0.196983,0.2191343,0.2101872,0.1917237,0.1102975,0.1103192,0.1142732,0.1246385,0.1483715,0.1616671,0.109437,0.0490972,0.0872541,0.0888084,0.0722364,0.0371304,0.0157274,0.0257708,0.0648382,0.1466703,0.3395045,0.3996157,0.0342751,0.0,0.0,0.0,0.0,0.0,0.0,0.0,0.0,0.0,0.0,0.0],"lower":[0.0,0.0,0.0,0.0,0.0,0.0,0.0,0.0,0.0,0.0,0.0,0.0,0.0,0.0,0.206455,0.3333906,0.3325442,0.1269091,0.0723051,0.0946006,0.1042113,0.0923636,0.0534251,0.0468913,0.0557886,0.0622772,0.073761,0.0832268,0.0459874,0.0184888,0.0344206,0.0400548,0.0275953,0.0131624,0.0040896,0.0076826,0.0304465,0.0595685,0.1711031,0.212042,0.0124189,0.0,0.0,0.0,0.0,0.0,0.0,0.0,0.0,0.0,0.0,0.0],"upper":[0.0,0.0,0.0,0.0,0.0,0.0,0.0,0.0,0.0,0.0,0.0,0.0,0.0,0.0,0.6286444,0.9865474,0.9725786,0.5790133,0.3998982,0.4212351,0.3775142,0.3107599,0.2164659,0.2049216,0.219146,0.2390747,0.2763168,0.297297,0.2265835,0.109538,0.1992307,0.1804403,0.1528933,0.0856699,0.0394237,0.0586243,0.1065211,0.2813848,0.6790363,0.7584519,0.0945571,0.0,0.0,0.0,0.0,0.0,0.0,0.0,0.0,0.0,0.0,0.0],"occurrence":[0.0,0.0,0.0,0.0,0.0,0.0,0.0,0.0,0.0,0.0,0.0,0.0,0.0,0.0,0.2412366,0.3680225,0.3681026,0.1987721,0.1417656,0.1625461,0.160908,0.1565981,0.0898284,0.0903926,0.09437,0.0992391,0.1145244,0.1223039,0.0791514,0.0337537,0.0604741,0.0615511,0.053029,0.0293855,0.0127528,0.021131,0.0549183,0.1168554,0.2462408,0.2796093,0.0239906,0.0,0.0,0.0,0.0,0.0,0.0,0.0,0.0,0.0,0.0,0.0],"regions":["north"]},"geometry":{"type":"Polygon","coordinates":[[[-89.3703,48.00733],[-89.27317,48.01997],[-89.18563,48.04743],[-89.08745,48.08444],[-89.0043,47.96365],[-89.34016,47.96365],[-89.3703,48.00733]]]}},{"type":"Feature","properties":{"cell_id":32.0,"area_km2":476.8365219,"elevation_m":193.1018982,"longitude":-88.8803223,"latitude":48.0516535,"abundance":[0.0,0.0,0.0,0.0,0.0,0.0,0.0,0.0,0.0,0.0,0.0,0.0,0.0,0.0,0.357886,0.6457627,0.6196915,0.2980533,0.190517,0.1815378,0.155043,0.1261275,0.08677,0.0850177,0.0726788,0.0809046,0.0639331,0.0655183,0.0325879,0.0190791,0.0164013,0.0190344,0.0120778,0.0069131,0.006105,0.012746,0.0455487,0.1426595,0.356128,0.4021669,0.0474303,0.0,0.0,0.0,0.0,0.0,0.0,0.0,0.0,0.0,0.0,0.0],"lower":[0.0,0.0,0.0,0.0,0.0,0.0,0.0,0.0,0.0,0.0,0.0,0.0,0.0,0.0,0.1918513,0.3640319,0.3579096,0.1280588,0.0698469,0.0854762,0.0810582,0.070707,0.04029,0.0366412,0.0321783,0.0362247,0.031341,0.0313964,0.0129375,0.0051428,0.0051074,0.0070018,0.0039676,0.0019996,0.0015397,0.0044841,0.0206069,0.0538879,0.1794958,0.2027828,0.0150668,0.0,0.0,0.0,0.0,0.0,0.0,0.0,0.0,0.0,0.0,0.0],"upper":[0.0,0.0,0.0,0.0,0.0,0.0,0.0,0.0,0.0,0.0,0.0,0.0,0.0,0.0,0.5976544,1.0297861,0.9862559,0.5032074,0.3281856,0.3091708,0.2569647,0.1850711,0.1434243,0.1370006,0.1239141,0.142666,0.1098711,0.1062581,0.0588515,0.0366861,0.0325986,0.0363036,0.0247004,0.0148508,0.0152294,0.0281882,0.0781695,0.2882828,0.6916553,0.7693034,0.1129101,0.0,0.0,0.0,0.0,0.0,0.0,0.0,0.0,0.0,0.0,0.0],"occurrence":[0.0,0.0,0.0,0.0,0.0,0.0,0.0,0.0,0.0,0.0,0.0,0.0,0.0,0.0,0.2205689,0.3653941,0.3668583,0.195354,0.1227976,0.1258474,0.1109299,0.0973195,0.0687127,0.0668727,0.0553264,0.0599157,0.046162,0.0457649,0.0211728,0.0119049,0.0103834,0.0130368,0.0084304,0.0043537,0.0042774,0.0089456,0.0340714,0.1063044,0.2489211,0.2812043,0.0347936,0.0,0.0,0.0,0.0,0.0,0.0,0.0,0.0,0.0,0.0,0.0],"regions":["north"]},"geometry":{"type":"Polygon","coordinates":[[[-89.08745,48.08444],[-89.0626,48.09381],[-88.8987,48.15572],[-88.82061,48.18519],[-88.66843,47.96365],[-89.0043,47.96365],[-89.08745,48.08444]]]}},{"type":"Feature","properties":{"cell_id":33.0,"area_km2":706.63407,"elevation_m":189.1839905,"longitude":-88.5835892,"latitude":48.0907334,"abundance":[0.0,0.0,0.0,0.0,0.0,0.0,0.0,0.0,0.0,0.0,0.0,0.0,0.0,0.0,0.4102247,0.7025819,0.6330647,0.2164088,0.0214988,0.0286983,0.0271078,0.0238592,0.0,0.0,0.0050276,0.0051279,0.0121465,0.0125123,0.0,0.0,0.0,0.0071002,0.0,0.0,0.0,0.0,0.0,0.1186422,0.3602196,0.3854657,0.064943,0.0,0.0,0.0,0.0,0.0,0.0,0.0,0.0,0.0,0.0,0.0],"lower":[0.0,0.0,0.0,0.0,0.0,0.0,0.0,0.0,0.0,0.0,0.0,0.0,0.0,0.0,0.1943641,0.4129657,0.3890413,0.1126322,0.0104236,0.0163458,0.0160038,0.0144354,0.0,0.0,0.0028805,0.0030215,0.0077348,0.0079978,0.0,0.0,0.0,0.0038207,0.0,0.0,0.0,0.0,0.0,0.0418265,0.1759734,0.1976362,0.020667,0.0,0.0,0.0,0.0,0.0,0.0,0.0,0.0,0.0,0.0,0.0],"upper":[0.0,0.0,0.0,0.0,0.0,0.0,0.0,0.0,0.0,0.0,0.0,0.0,0.0,0.0,0.7794721,1.2475681,1.1236185,0.4178517,0.042258,0.0519124,0.0448268,0.0368856,0.0,0.0,0.0076306,0.0081185,0.0195053,0.0193815,0.0,0.0,0.0,0.0136034,0.0,0.0,0.0,0.0,0.0,0.2465934,0.6755014,0.707992,0.151523,0.0,0.0,0.0,0.0,0.0,0.0,0.0,0.0,0.0,0.0,0.0],"occurrence":[0.0,0.0,0.0,0.0,0.0,0.0,0.0,0.0,0.0,0.0,0.0,0.0,0.0,0.0,0.2080603,0.3412879,0.333506,0.1240526,0.0143134,0.0208402,0.019957,0.0193545,0.0,0.0,0.0039351,0.0039172,0.0091761,0.009208,0.0,0.0,0.0,0.0049534,0.0,0.0,0.0,0.0,0.0,0.0865629,0.2406539,0.2639965,0.0450356,0.0,0.0,0.0,0.0,0.0,0.0,0.0,0.0,0.0,0.0,0.0],"regions":["north"]},"geometry":{"type":"Polygon","coordinates":[[[-88.82061,48.18519],[-88.71393,48.22545],[-88.51183,48.22545],[-88.33257,47.96365],[-88.66843,47.96365],[-88.82061,48.18519]]]}},{"type":"Feature","properties":{"cell_id":34.0,"area_km2":729.0,"elevation_m":179.5418549,"longitude":-88.2538387,"latitude":48.0944521,"abundance":[0.0,0.0,0.0,0.0,0.0,0.0,0.0,0.0,0.0,0.0,0.0,0.0,0.0,0.0,0.4430363,0.717834,0.634465,0.3585917,0.0,0.0,0.0,0.0,0.0,0.0,0.0,0.0,0.0,0.0,0.0,0.0,0.0,0.0,0.0,0.0,0.0,0.0,0.0,0.1537741,0.4504234,0.4693904,0.1230542,0.0,0.0,0.0,0.0,0.0,0.0,0.0,0.0,0.0,0.0,0.0],"lower":[0.0,0.0,0.0,0.0,0.0,0.0,0.0,0.0,0.0,0.0,0.0,0.0,0.0,0.0,0.1925405,0.4267852,0.3714553,0.1787744,0.0,0.0,0.0,0.0,0.0,0.0,0.0,0.0,0.0,0.0,0.0,0.0,0.0,0.0,0.0,0.0,0.0,0.0,0.0,0.0332907,0.1730259,0.1992837,0.0330813,0.0,0.0,0.0,0.0,0.0,0.0,0.0,0.0,0.0,0.0,0.0],"upper":[0.0,0.0,0.0,0.0,0.0,0.0,0.0,0.0,0.0,0.0,0.0,0.0,0.0,0.0,0.7607974,1.2252594,1.1118367,0.662697,0.0,0.0,0.0,0.0,0.0,0.0,0.0,0.0,0.0,0.0,0.0,0.0,0.0,0.0,0.0,0.0,0.0,0.0,0.0,0.3873337,0.8073059,0.8397315,0.2959958,0.0,0.0,0.0,0.0,0.0,0.0,0.0,0.0,0.0,0.0,0.0],"occurrence":[0.0,0.0,0.0,0.0,0.0,0.0,0.0,0.0,0.0,0.0,0.0,0.0,0.0,0.0,0.1929637,0.3157415,0.3111987,0.190107,0.0,0.0,0.0,0.0,0.0,0.0,0.0,0.0,0.0,0.0,0.0,0.0,0.0,0.0,0.0,0.0,0.0,0.0,0.0,0.10321,0.262447,0.2895417,0.0826471,0.0,0.0,0.0,0.0,0.0,0.0,0.0,0.0,0.0,0.0,0.0],"regions":["north"]},"geometry":{"type":"Polygon","coordinates":[[[-88.51183,48.22545],[-88.17529,48.22545],[-87.9967,47.96365],[-88.33257,47.96365],[-88.51183,48.22545]]]}},{"type":"Feature","properties":{"cell_id":54.0,"area_km2":729.0,"elevation_m":194.2204132,"longitude":-89.082525,"latitude":47.8330507,"abundance":[0.0,0.0,0.0,0.0,0.0,0.0,0.0,0.0,0.0,0.0,0.0,0.0,0.0,0.0,0.4156297,0.7133274,0.6736066,0.3912045,0.2242381,0.2013512,0.1834282,0.157495,0.0960095,0.0922583,0.0813369,0.0767673,0.1195773,0.115176,0.0848269,0.0458535,0.0417814,0.0472565,0.0349967,0.0233575,0.0107579,0.0107954,0.0557586,0.1794755,0.3558705,0.3926831,0.0265475,0.0,0.0,0.0,0.0,0.0,0.0,0.0,0.0,0.0,0.0,0.0],"lower":[0.0,0.0,0.0,0.0,0.0,0.0,0.0,0.0,0.0,0.0,0.0,0.0,0.0,0.0,0.2199715,0.3805431,0.3708919,0.1619092,0.0841486,0.0903741,0.0952954,0.0870301,0.0422399,0.0388773,0.0332358,0.03114,0.0518139,0.0490379,0.0285484,0.0139574,0.0149553,0.0217922,0.0145722,0.0088272,0.0029857,0.0032332,0.0279146,0.0741756,0.1766867,0.2015699,0.0080062,0.0,0.0,0.0,0.0,0.0,0.0,0.0,0.0,0.0,0.0,0.0],"upper":[0.0,0.0,0.0,0.0,0.0,0.0,0.0,0.0,0.0,0.0,0.0,0.0,0.0,0.0,0.7059621,1.1555778,1.0882703,0.661862,0.4119259,0.3606111,0.3096338,0.2435646,0.1671157,0.1546807,0.1432841,0.1448309,0.2081902,0.1950079,0.1554307,0.0913513,0.093117,0.094228,0.0707166,0.0480057,0.0215126,0.0236365,0.0903225,0.3325926,0.6779315,0.7091889,0.0719314,0.0,0.0,0.0,0.0,0.0,0.0,0.0,0.0,0.0,0.0,0.0],"occurrence":[0.0,0.0,0.0,0.0,0.0,0.0,0.0,0.0,0.0,0.0,0.0,0.0,0.0,0.0,0.2595197,0.4182523,0.4106041,0.254909,0.148469,0.1417019,0.1341932,0.1235047,0.076822,0.0718704,0.06319,0.0587549,0.0827566,0.077729,0.054399,0.0295169,0.0273282,0.0319006,0.0245194,0.0163083,0.0077289,0.0084969,0.0440861,0.1414256,0.2593593,0.2840355,0.0197739,0.0,0.0,0.0,0.0,0.0,0.0,0.0,0.0,0.0,0.0,0.0],"regions":["north"]},"geometry":{"type":"Polygon","coordinates":[[[-89.34016,47.96365],[-89.0043,47.96365],[-88.82574,47.70264],[-89.16093,47.70264],[-89.34016,47.96365]]]}},{"type":"Feature","properties":{"cell_id":55.0,"area_km2":729.0,"elevation_m":184.7452087,"longitude":-88.7469976,"latitude":47.8330507,"abundance":[0.0,0.0,0.0,0.0,0.0,0.0,0.0,0.0,0.0,0.0,0.0,0.0,0.0,0.0,0.3536567,0.6884124,0.6453747,0.2232634,0.1468453,0.1370043,0.1220665,0.0878107,0.0478474,0.0451763,0.0428976,0.0378378,0.0501829,0.0514954,0.0457465,0.0323356,0.0305885,0.0299657,0.030954,0.0293506,0.0276235,0.0284328,0.0588717,0.1704671,0.3816053,0.4330711,0.054067,0.0,0.0,0.0,0.0,0.0,0.0,0.0,0.0,0.0,0.0,0.0],"lower":[0.0,0.0,0.0,0.0,0.0,0.0,0.0,0.0,0.0,0.0,0.0,0.0,0.0,0.0,0.1890433,0.3913723,0.3836002,0.094248,0.0520741,0.0601099,0.0614444,0.0479606,0.0175912,0.0152055,0.0135059,0.0138132,0.0203251,0.0228509,0.0170834,0.0100403,0.0112804,0.0152363,0.011708,0.0098948,0.0079016,0.0086171,0.0282324,0.0693368,0.1943095,0.2191115,0.0169084,0.0,0.0,0.0,0.0,0.0,0.0,0.0,0.0,0.0,0.0,0.0],"upper":[0.0,0.0,0.0,0.0,0.0,0.0,0.0,0.0,0.0,0.0,0.0,0.0,0.0,0.0,0.5969023,1.1081607,1.0561522,0.3964133,0.2547981,0.237053,0.2181824,0.1371527,0.0705636,0.0643255,0.0694289,0.07555,0.0924062,0.0919364,0.0844118,0.0750646,0.0757626,0.0688863,0.0605309,0.0568492,0.0550221,0.0564409,0.091126,0.382411,0.7617133,0.8400757,0.1277564,0.0,0.0,0.0,0.0,0.0,0.0,0.0,0.0,0.0,0.0,0.0],"occurrence":[0.0,0.0,0.0,0.0,0.0,0.0,0.0,0.0,0.0,0.0,0.0,0.0,0.0,0.0,0.2041704,0.3678043,0.3775759,0.1373366,0.0884962,0.0891455,0.0839623,0.0653452,0.0350987,0.0323531,0.0305955,0.0284663,0.0337192,0.0329941,0.0261489,0.0205568,0.0200809,0.0191121,0.0200352,0.0185104,0.0189756,0.0197371,0.0447284,0.131886,0.2619001,0.2950638,0.038963,0.0,0.0,0.0,0.0,0.0,0.0,0.0,0.0,0.0,0.0,0.0],"regions":["north"]},"geometry":{"type":"Polygon","coordinates":[[[-89.0043,47.96365],[-88.66843,47.96365],[-88.49055,47.70264],[-88.82574,47.70264],[-89.0043,47.96365]]]}},{"type":"Feature","properties":{"cell_id":79.0,"area_km2":729.0,"elevation_m":193.5447693,"longitude":-88.2349391,"latitude":47.5724222,"abundance":[0.0,0.0,0.0,0.0,0.0,0.0,0.0,0.0,0.0,0.0,0.0,0.0,0.0,0.0,0.3169147,0.641789,0.6484265,0.1359446,0.1887619,0.1806071,0.1176955,0.0884797,0.0482979,0.0470677,0.0480306,0.0487966,0.0528935,0.0484516,0.0195519,0.0,0.0,0.0120503,0.0,0.0,0.0,0.0,0.0,0.0336477,0.2842952,0.2844867,0.0107819,0.0,0.0,0.0,0.0,0.0,0.0,0.0,0.0,0.0,0.0,0.0],"lower":[0.0,0.0,0.0,0.0,0.0,0.0,0.0,0.0,0.0,0.0,0.0,0.0,0.0,0.0,0.1714402,0.3796127,0.426883,0.0852306,0.1137589,0.1058884,0.0718708,0.0557246,0.0272304,0.0271623,0.0231324,0.0222051,0.023544,0.0177122,0.0072793,0.0,0.0,0.0046187,0.0,0.0,0.0,0.0,0.0,0.0126198,0.1623242,0.1508187,0.0041798,0.0,0.0,0.0,0.0,0.0,0.0,0.0,0.0,0.0,0.0,0.0],"upper":[0.0,0.0,0.0,0.0,0.0,0.0,0.0,0.0,0.0,0.0,0.0,0.0,0.0,0.0,0.529172,1.0369083,1.0307298,0.1919691,0.2610842,0.2476629,0.1701379,0.1311108,0.074179,0.0702092,0.069352,0.0732988,0.0799571,0.0741723,0.0385204,0.0,0.0,0.02029,0.0,0.0,0.0,0.0,0.0,0.0569475,0.487873,0.5012778,0.0196238,0.0,0.0,0.0,0.0,0.0,0.0,0.0,0.0,0.0,0.0,0.0],"occurrence":[0.0,0.0,0.0,0.0,0.0,0.0,0.0,0.0,0.0,0.0,0.0,0.0,0.0,0.0,0.187019,0.33424,0.3499626,0.0856832,0.1175359,0.1121054,0.0786432,0.064466,0.035158,0.033317,0.0315967,0.0316943,0.0329233,0.0298125,0.0126195,0.0,0.0,0.0076921,0.0,0.0,0.0,0.0,0.0,0.023284,0.1715093,0.1713688,0.007101,0.0,0.0,0.0,0.0,0.0,0.0,0.0,0.0,0.0,0.0,0.0],"regions":["north"]},"geometry":{"type":"Polygon","coordinates":[[[-88.49055,47.70264],[-88.15536,47.70264],[-87.98017,47.44239],[-88.31469,47.44239],[-88.49055,47.70264]]]}},{"type":"Feature","properties":{"cell_id":80.0,"area_km2":729.0,"elevation_m":189.9985657,"longitude":-87.9000816,"latitude":47.5724222,"abundance":[0.0,0.0,0.0,0.0,0.0,0.0,0.0,0.0,0.0,0.0,0.0,0.0,0.0,0.0,0.5433789,0.7683314,0.7605477,0.3903993,0.3523111,0.3354208,0.2849161,0.2268462,0.1928899,0.1862519,0.1702625,0.1781646,0.1910288,0.177467,0.1158151,0.0245832,0.0197188,0.0480978,0.0566375,0.0158513,0.0170593,0.0212633,0.0825988,0.134862,0.3180214,0.2992042,0.0326643,0.0,0.0,0.0,0.0,0.0,0.0,0.0,0.0,0.0,0.0,0.0],"lower":[0.0,0.0,0.0,0.0,0.0,0.0,0.0,0.0,0.0,0.0,0.0,0.0,0.0,0.0,0.2879207,0.4480727,0.490384,0.2211814,0.1836717,0.1810206,0.1600051,0.1371733,0.0973373,0.1002136,0.0735811,0.0705863,0.0798246,0.0723703,0.0419375,0.0066851,0.0061899,0.0190453,0.0229331,0.0042266,0.0038847,0.0056381,0.0274256,0.044652,0.1868217,0.1632704,0.0142179,0.0,0.0,0.0,0.0,0.0,0.0,0.0,0.0,0.0,0.0,0.0],"upper":[0.0,0.0,0.0,0.0,0.0,0.0,0.0,0.0,0.0,0.0,0.0,0.0,0.0,0.0,0.8749931,1.1446104,1.1338617,0.5856166,0.4911705,0.4803774,0.4453948,0.3405846,0.2947684,0.2839133,0.2628147,0.2690479,0.2911519,0.2695819,0.2010929,0.0421223,0.0361218,0.0784014,0.1013644,0.0298748,0.0300851,0.0345977,0.1396944,0.2111853,0.5008371,0.5247138,0.0579556,0.0,0.0,0.0,0.0,0.0,0.0,0.0,0.0,0.0,0.0,0.0],"occurrence":[0.0,0.0,0.0,0.0,0.0,0.0,0.0,0.0,0.0,0.0,0.0,0.0,0.0,0.0,0.3254496,0.4255891,0.4437962,0.2501576,0.2305467,0.2204852,0.1972117,0.1792391,0.1476315,0.1406748,0.1193811,0.1211042,0.1256483,0.1152884,0.075975,0.016218,0.0138824,0.0335413,0.039919,0.0113503,0.0131121,0.0158049,0.0611636,0.1041893,0.2201134,0.2036479,0.021514,0.0,0.0,0.0,0.0,0.0,0.0,0.0,0.0,0.0,0.0,0.0],"regions":["north"]},"geometry":{"type":"Polygon","coordinates":[[[-88.15536,47.70264],[-87.82016,47.70264],[-87.64564,47.44239],[-87.98017,47.44239],[-88.15536,47.70264]]]}},{"type":"Feature","properties":{"cell_id":100.0,"area_km2":729.0,"elevation_m":192.2369995,"longitude":-88.7288094,"latitude":47.3125534,"abundance":[0.0,0.0,0.0,0.0,0.0,0.0,0.0,0.0,0.0,0.0,0.0,0.0,0.0,0.0,0.3963275,0.7211452,0.7489405,0.5605655,0.4077046,0.4271468,0.3759716,0.2237031,0.1722011,0.1401723,0.1011839,0.1262458,0.1464894,0.1261773,0.1111926,0.0964784,0.0798828,0.0500139,0.0141367,0.0131978,0.0210467,0.040551,0.0461733,0.0314712,0.2404788,0.1813633,0.0,0.0,0.0,0.0,0.0,0.0,0.0,0.0,0.0,0.0,0.0,0.0],"lower":[0.0,0.0,0.0,0.0,0.0,0.0,0.0,0.0,0.0,0.0,0.0,0.0,0.0,0.0,0.2116434,0.4289319,0.4888735,0.3651548,0.2640167,0.2649471,0.2200075,0.1277003,0.0863327,0.0813085,0.0610825,0.0658872,0.073118,0.0633387,0.0532631,0.0414406,0.0353439,0.0233069,0.0078112,0.0055474,0.0095699,0.0189497,0.0260679,0.0154104,0.1273916,0.0861364,0.0,0.0,0.0,0.0,0.0,0.0,0.0,0.0,0.0,0.0,0.0,0.0],"upper":[0.0,0.0,0.0,0.0,0.0,0.0,0.0,0.0,0.0,0.0,0.0,0.0,0.0,0.0,0.6659973,1.138975,1.1694506,0.8443582,0.5653253,0.6204615,0.5677995,0.3307246,0.2652818,0.214888,0.1625576,0.2079003,0.2286794,0.1928976,0.1760803,0.1584261,0.1457966,0.0895069,0.0244082,0.021505,0.037451,0.0676863,0.0771689,0.0618454,0.4972912,0.3788185,0.0,0.0,0.0,0.0,0.0,0.0,0.0,0.0,0.0,0.0,0.0,0.0],"occurrence":[0.0,0.0,0.0,0.0,0.0,0.0,0.0,0.0,0.0,0.0,0.0,0.0,0.0,0.0,0.2554592,0.4262511,0.4466253,0.3524804,0.2572708,0.2771936,0.2514111,0.1641501,0.1285285,0.1027743,0.0716854,0.0869063,0.0948439,0.0834425,0.0713339,0.0606595,0.0505787,0.0302574,0.0073235,0.0069572,0.0139008,0.0283629,0.0341711,0.0229348,0.1553976,0.110597,0.0,0.0,0.0,0.0,0.0,0.0,0.0,0.0,0.0,0.0,0.0,0.0],"regions":["north"]},"geometry":{"type":"Polygon","coordinates":[[[-88.98374,47.44239],[-88.64922,47.44239],[-88.4747,47.1829],[-88.80857,47.1829],[-88.98374,47.44239]]]}},{"type":"Feature","properties":{"cell_id":101.0,"area_km2":729.0,"elevation_m":234.442627,"longitude":-88.3946143,"latitude":47.3125534,"abundance":[0.0,0.0,0.0,0.0,0.0,0.0,0.0,0.0,0.0,0.0,0.0,0.0,0.0,0.0,0.5116869,0.8817204,0.9232617,0.7609967,0.6663586,0.6607397,0.5642238,0.4045663,0.3042449,0.2883282,0.2711137,0.290347,0.3519872,0.3687393,0.300254,0.2367726,0.2404736,0.2096768,0.1776787,0.1354867,0.1295402,0.1503115,0.173003,0.1732516,0.2434554,0.1823508,0.0,0.0,0.0,0.0,0.0,0.0,0.0,0.0,0.0,0.0,0.0,0.0],"lower":[0.0,0.0,0.0,0.0,0.0,0.0,0.0,0.0,0.0,0.0,0.0,0.0,0.0,0.0,0.2664492,0.4617483,0.5432786,0.4312438,0.3778938,0.3649541,0.29985,0.2184927,0.131772,0.1310387,0.1212545,0.1139651,0.1568203,0.1601663,0.1164382,0.079581,0.0882401,0.0865852,0.0637946,0.0416844,0.0367054,0.0496652,0.0705777,0.0674238,0.1222551,0.0830852,0.0,0.0,0.0,0.0,0.0,0.0,0.0,0.0,0.0,0.0,0.0,0.0],"upper":[0.0,0.0,0.0,0.0,0.0,0.0,0.0,0.0,0.0,0.0,0.0,0.0,0.0,0.0,0.8257275,1.3626454,1.4225743,1.1635952,0.9573067,0.9476801,0.8696594,0.6311135,0.4849495,0.432706,0.4216358,0.4555792,0.5182106,0.5398775,0.4768151,0.3841983,0.4184322,0.3577085,0.31102,0.2432219,0.2216941,0.2495928,0.2793473,0.2937936,0.4553339,0.3586676,0.0,0.0,0.0,0.0,0.0,0.0,0.0,0.0,0.0,0.0,0.0,0.0],"occurrence":[0.0,0.0,0.0,0.0,0.0,0.0,0.0,0.0,0.0,0.0,0.0,0.0,0.0,0.0,0.3209449,0.5043799,0.5304234,0.4492927,0.401998,0.4033456,0.3696505,0.3017949,0.2308768,0.2145573,0.1973553,0.2029216,0.2237522,0.2340697,0.190911,0.1493861,0.1536733,0.1363383,0.11417,0.0893937,0.0903989,0.1069245,0.1251614,0.1307397,0.1754398,0.1291624,0.0,0.0,0.0,0.0,0.0,0.0,0.0,0.0,0.0,0.0,0.0,0.0],"regions":["north"]},"geometry":{"type":"Polygon","coordinates":[[[-88.64922,47.44239],[-88.31469,47.44239],[-88.14084,47.1829],[-88.4747,47.1829],[-88.64922,47.44239]]]}},{"type":"Feature","properties":{"cell_id":102.0,"area_km2":729.0,"elevation_m":221.7291412,"longitude":-88.0604191,"latitude":47.3125534,"abundance":[0.0,0.0,0.0,0.0,0.0,0.0,0.0,0.0,0.0,0.0,0.0,0.0,0.0,0.0,0.6211888,0.9998192,1.0314143,0.7904873,0.755183,0.7295549,0.6117809,0.4650278,0.3987129,0.3917639,0.3576669,0.3962782,0.4178109,0.4308316,0.352277,0.2804869,0.2734903,0.2444111,0.2196676,0.1877742,0.1856915,0.217618,0.25365,0.2609448,0.3053845,0.2484749,0.0057868,0.0,0.0,0.0,0.0,0.0,0.0,0.0,0.0,0.0,0.0,0.0],"lower":[0.0,0.0,0.0,0.0,0.0,0.0,0.0,0.0,0.0,0.0,0.0,0.0,0.0,0.0,0.3063231,0.4859839,0.5631382,0.422336,0.3772314,0.3405957,0.2575294,0.2208685,0.1544532,0.1650846,0.1391523,0.1378871,0.1737942,0.1617549,0.1225196,0.0824073,0.079286,0.0808335,0.064485,0.0463514,0.0401437,0.0595705,0.0880444,0.0974201,0.1504231,0.1112774,0.0023127,0.0,0.0,0.0,0.0,0.0,0.0,0.0,0.0,0.0,0.0,0.0],"upper":[0.0,0.0,0.0,0.0,0.0,0.0,0.0,0.0,0.0,0.0,0.0,0.0,0.0,0.0,0.9950163,1.5255435,1.5804815,1.2161585,1.1000911,1.033443,0.9278489,0.7329643,0.6354378,0.5849191,0.5442748,0.6097529,0.5993352,0.612922,0.5319937,0.4354319,0.4542004,0.4057468,0.3724726,0.3354973,0.3218979,0.3665241,0.4060071,0.4250492,0.5241324,0.4538306,0.012322,0.0,0.0,0.0,0.0,0.0,0.0,0.0,0.0,0.0,0.0,0.0],"occurrence":[0.0,0.0,0.0,0.0,0.0,0.0,0.0,0.0,0.0,0.0,0.0,0.0,0.0,0.0,0.3798571,0.546021,0.5680707,0.4665548,0.4543169,0.4386384,0.3932658,0.3465548,0.3064096,0.2966573,0.2631659,0.2824288,0.2749693,0.2774215,0.2247534,0.1780725,0.1751404,0.1586471,0.1421183,0.1236939,0.1299545,0.1558518,0.180785,0.1943464,0.2249097,0.18113,0.0039948,0.0,0.0,0.0,0.0,0.0,0.0,0.0,0.0,0.0,0.0,0.0],"regions":["north"]},"geometry":{"type":"Polygon","coordinates":[[[-88.31469,47.44239],[-87.98017,47.44239],[-87.80697,47.1829],[-88.14084,47.1829],[-88.31469,47.44239]]]}},{"type":"Feature","properties":{"cell_id":103.0,"area_km2":729.0,"elevation_m":187.6934357,"longitude":-87.726224,"latitude":47.3125534,"abundance":[0.0,0.0,0.0,0.0,0.0,0.0,0.0,0.0,0.0,0.0,0.0,0.0,0.0,0.0,0.5857909,0.898691,0.8764014,0.6514885,0.5834786,0.564117,0.4608154,0.3169548,0.2224141,0.2393675,0.201799,0.2446745,0.2120607,0.2017049,0.1696828,0.1420988,0.126376,0.1172543,0.1163351,0.0980106,0.0780055,0.1016258,0.1782286,0.2685027,0.3530113,0.3371845,0.035299,0.0,0.0,0.0,0.0,0.0,0.0,0.0,0.0,0.0,0.0,0.0],"lower":[0.0,0.0,0.0,0.0,0.0,0.0,0.0,0.0,0.0,0.0,0.0,0.0,0.0,0.0,0.3081784,0.4946023,0.5381371,0.3836791,0.2875101,0.264509,0.2128666,0.1701707,0.0991533,0.1122357,0.0800357,0.0875961,0.0807316,0.0701256,0.056422,0.0376265,0.0341439,0.0418625,0.0388884,0.028014,0.0195341,0.029132,0.0685676,0.1075144,0.1957467,0.1717124,0.0166987,0.0,0.0,0.0,0.0,0.0,0.0,0.0,0.0,0.0,0.0,0.0],"upper":[0.0,0.0,0.0,0.0,0.0,0.0,0.0,0.0,0.0,0.0,0.0,0.0,0.0,0.0,0.9162116,1.3068521,1.2994194,0.9456466,0.8294032,0.7925983,0.7273372,0.5021495,0.3277154,0.3405276,0.2978281,0.387362,0.3258433,0.3145229,0.2755221,0.2367116,0.2146508,0.1952593,0.194851,0.1744742,0.1448395,0.1770809,0.2996277,0.4269758,0.550656,0.5488718,0.0701131,0.0,0.0,0.0,0.0,0.0,0.0,0.0,0.0,0.0,0.0,0.0],"occurrence":[0.0,0.0,0.0,0.0,0.0,0.0,0.0,0.0,0.0,0.0,0.0,0.0,0.0,0.0,0.3518283,0.48688,0.5000622,0.4021581,0.3569182,0.3408089,0.3057431,0.2435675,0.1741805,0.1834896,0.1534653,0.1768389,0.1449478,0.1345408,0.112554,0.0922654,0.0837838,0.0780179,0.075333,0.0630801,0.0543532,0.0710436,0.1296144,0.1978966,0.2492784,0.2317471,0.0237425,0.0,0.0,0.0,0.0,0.0,0.0,0.0,0.0,0.0,0.0,0.0],"regions":["north"]},"geometry":{"type":"Polygon","coordinates":[[[-87.98017,47.44239],[-87.64564,47.44239],[-87.4731,47.1829],[-87.80697,47.1829],[-87.98017,47.44239]]]}},{"type":"Feature","properties":{"cell_id":121.0,"area_km2":729.0,"elevation_m":190.3985901,"longitude":-89.222041,"latitude":47.0534318,"abundance":[0.0,0.0,0.0,0.0,0.0,0.0,0.0,0.0,0.0,0.0,0.0,0.0,0.0,0.0,0.7136333,1.1180718,1.0736828,0.9111921,0.6884927,0.6304668,0.490564,0.3157959,0.2370979,0.2372973,0.1890989,0.2143391,0.2464429,0.2412949,0.2165966,0.1700099,0.1438783,0.108247,0.0954399,0.0967446,0.0981003,0.1317862,0.1517142,0.195349,0.3560219,0.3349158,0.0,0.0,0.0,0.0,0.0,0.0,0.0,0.0,0.0,0.0,0.0,0.0],"lower":[0.0,0.0,0.0,0.0,0.0,0.0,0.0,0.0,0.0,0.0,0.0,0.0,0.0,0.0,0.3629539,0.6687203,0.6986188,0.5794723,0.4349109,0.360026,0.2709386,0.1753848,0.1256074,0.1415126,0.0979236,0.1069023,0.1422967,0.1280351,0.0998341,0.0642883,0.0460889,0.040987,0.0361756,0.0372359,0.0382866,0.0576364,0.0632039,0.0781807,0.1599264,0.1506813,0.0,0.0,0.0,0.0,0.0,0.0,0.0,0.0,0.0,0.0,0.0,0.0],"upper":[0.0,0.0,0.0,0.0,0.0,0.0,0.0,0.0,0.0,0.0,0.0,0.0,0.0,0.0,1.1921411,1.6201239,1.6090305,1.3558494,0.9755533,0.8793845,0.7000493,0.4529327,0.3444614,0.3221264,0.2579978,0.3100646,0.3593337,0.3713343,0.3646992,0.3198321,0.2632403,0.1823348,0.1600008,0.1482769,0.1510992,0.2171968,0.2546354,0.3411832,0.7267529,0.6619987,0.0,0.0,0.0,0.0,0.0,0.0,0.0,0.0,0.0,0.0,0.0,0.0],"occurrence":[0.0,0.0,0.0,0.0,0.0,0.0,0.0,0.0,0.0,0.0,0.0,0.0,0.0,0.0,0.3593026,0.5444168,0.548939,0.4841898,0.3861572,0.3719746,0.3032702,0.2100293,0.1626254,0.1570548,0.1216597,0.1324424,0.1422957,0.1407908,0.1229046,0.0968346,0.0811597,0.0642687,0.0599123,0.0622277,0.0610955,0.0811335,0.0882836,0.1201812,0.2220327,0.221861,0.0,0.0,0.0,0.0,0.0,0.0,0.0,0.0,0.0,0.0,0.0,0.0],"regions":["north"]},"geometry":{"type":"Polygon","coordinates":[[[-89.4763,47.1829],[-89.14244,47.1829],[-88.9686,46.92415],[-89.30181,46.92415],[-89.4763,47.1829]]]}},{"type":"Feature","properties":{"cell_id":122.0,"area_km2":729.0,"elevation_m":251.440155,"longitude":-88.8885007,"latitude":47.0534318,"abundance":[0.0,0.0,0.0,0.0,0.0,0.0,0.0,0.0,0.0,0.0,0.0,0.0,0.0,0.0,0.7435582,1.2517927,1.2570568,1.1196452,0.9769986,0.9307319,0.8189922,0.5786854,0.4982575,0.4864095,0.4758059,0.5181389,0.613695,0.5936095,0.5367733,0.4585182,0.4029122,0.3492243,0.299907,0.2918475,0.2971264,0.3071631,0.3305424,0.3348506,0.3389401,0.2730733,0.0,0.0,0.0,0.0,0.0,0.0,0.0,0.0,0.0,0.0,0.0,0.0],"lower":[0.0,0.0,0.0,0.0,0.0,0.0,0.0,0.0,0.0,0.0,0.0,0.0,0.0,0.0,0.3820951,0.6883717,0.7379363,0.6790667,0.6123346,0.5800293,0.4981705,0.35607,0.2710042,0.2879395,0.2357733,0.2281259,0.353889,0.2719129,0.2619632,0.1847522,0.1436384,0.1455484,0.1223077,0.1237466,0.1210565,0.1331315,0.1433354,0.1288711,0.1430643,0.1137816,0.0,0.0,0.0,0.0,0.0,0.0,0.0,0.0,0.0,0.0,0.0,0.0],"upper":[0.0,0.0,0.0,0.0,0.0,0.0,0.0,0.0,0.0,0.0,0.0,0.0,0.0,0.0,1.1700006,1.8418013,1.9047713,1.6682129,1.4122171,1.2807584,1.1284399,0.8177833,0.7170397,0.6725851,0.671849,0.741334,0.8410934,0.8359171,0.7925,0.7090185,0.6468133,0.5464272,0.4896923,0.4797282,0.4820139,0.5188427,0.5452325,0.6149813,0.7618406,0.6309492,0.0,0.0,0.0,0.0,0.0,0.0,0.0,0.0,0.0,0.0,0.0,0.0],"occurrence":[0.0,0.0,0.0,0.0,0.0,0.0,0.0,0.0,0.0,0.0,0.0,0.0,0.0,0.0,0.3808229,0.5863872,0.6123691,0.5850703,0.5313072,0.5243559,0.4823031,0.3864844,0.3447635,0.3394503,0.3247112,0.338155,0.3656143,0.3517445,0.3178943,0.270372,0.2436927,0.2210711,0.1891596,0.1885449,0.1973454,0.2022368,0.2066205,0.2209268,0.237002,0.1920442,0.0,0.0,0.0,0.0,0.0,0.0,0.0,0.0,0.0,0.0,0.0,0.0],"regions":["north"]},"geometry":{"type":"Polygon","coordinates":[[[-89.14244,47.1829],[-88.80857,47.1829],[-88.63538,46.92415],[-88.9686,46.92415],[-89.14244,47.1829]]]}},{"type":"Feature","properties":{"cell_id":123.0,"area_km2":729.0,"elevation_m":250.203125,"longitude":-88.5549603,"latitude":47.0534318,"abundance":[0.0,0.0,0.0,0.0,0.0,0.0,0.0,0.0,0.0,0.0,0.0,0.0,0.0,0.0,0.5238308,0.8987731,0.9423319,0.8302584,0.7704874,0.7424258,0.6360766,0.4758384,0.3575343,0.3143131,0.2799917,0.3023348,0.3865305,0.4020694,0.3485674,0.2879185,0.2875973,0.238055,0.2041012,0.1651843,0.1693134,0.1800111,0.2070878,0.2193464,0.2260506,0.1504744,0.0,0.0,0.0,0.0,0.0,0.0,0.0,0.0,0.0,0.0,0.0,0.0],"lower":[0.0,0.0,0.0,0.0,0.0,0.0,0.0,0.0,0.0,0.0,0.0,0.0,0.0,0.0,0.2792701,0.5236856,0.5951145,0.5480067,0.5219657,0.4901096,0.3997859,0.3025479,0.2067287,0.1925941,0.1543614,0.1487801,0.2179772,0.2052196,0.1793649,0.1309256,0.1293955,0.1174048,0.0980627,0.076124,0.0796384,0.0892365,0.106928,0.1018657,0.1048118,0.0626532,0.0,0.0,0.0,0.0,0.0,0.0,0.0,0.0,0.0,0.0,0.0,0.0],"upper":[0.0,0.0,0.0,0.0,0.0,0.0,0.0,0.0,0.0,0.0,0.0,0.0,0.0,0.0,0.8262444,1.3150462,1.363528,1.1860435,1.0559009,1.0361944,0.9248761,0.6850058,0.5381786,0.4529199,0.4079502,0.4546525,0.5474727,0.5707245,0.5182083,0.4514277,0.4723053,0.381367,0.3351766,0.2681103,0.2723457,0.2896635,0.3317481,0.3870846,0.4607806,0.3226802,0.0,0.0,0.0,0.0,0.0,0.0,0.0,0.0,0.0,0.0,0.0,0.0],"occurrence":[0.0,0.0,0.0,0.0,0.0,0.0,0.0,0.0,0.0,0.0,0.0,0.0,0.0,0.0,0.304951,0.4970508,0.5399469,0.4945965,0.4625785,0.4541732,0.4072528,0.3439529,0.2640808,0.2265115,0.1963283,0.2063994,0.2431064,0.2525745,0.217409,0.1776271,0.1784454,0.1488063,0.1277674,0.1056668,0.1150266,0.1245578,0.1441169,0.15503,0.1655453,0.1106057,0.0,0.0,0.0,0.0,0.0,0.0,0.0,0.0,0.0,0.0,0.0,0.0],"regions":["north"]},"geometry":{"type":"Polygon","coordinates":[[[-88.80857,47.1829],[-88.4747,47.1829],[-88.30217,46.92415],[-88.63538,46.92415],[-88.80857,47.1829]]]}},{"type":"Feature","properties":{"cell_id":124.0,"area_km2":729.0,"elevation_m":194.829071,"longitude":-88.22142,"latitude":47.0534318,"abundance":[0.0,0.0,0.0,0.0,0.0,0.0,0.0,0.0,0.0,0.0,0.0,0.0,0.0,0.0,0.5709379,0.871812,0.86946,0.5538983,0.4438248,0.4319541,0.3565783,0.2622,0.2039822,0.1713152,0.1360603,0.1624832,0.1913116,0.1627329,0.1010011,0.0824682,0.1110597,0.0974194,0.0921316,0.0673005,0.0594424,0.0749136,0.1324557,0.2025718,0.3033375,0.2707458,0.0086424,0.0,0.0,0.0,0.0,0.0,0.0,0.0,0.0,0.0,0.0,0.0],"lower":[0.0,0.0,0.0,0.0,0.0,0.0,0.0,0.0,0.0,0.0,0.0,0.0,0.0,0.0,0.3048836,0.4970142,0.5461764,0.3669258,0.2833467,0.2576779,0.201206,0.1534252,0.1097657,0.0981152,0.0747259,0.0811766,0.099382,0.0810141,0.0443676,0.0342114,0.0479802,0.0433918,0.0371885,0.0249013,0.0226822,0.0287187,0.060323,0.0969906,0.169512,0.1386031,0.003153,0.0,0.0,0.0,0.0,0.0,0.0,0.0,0.0,0.0,0.0,0.0],"upper":[0.0,0.0,0.0,0.0,0.0,0.0,0.0,0.0,0.0,0.0,0.0,0.0,0.0,0.0,0.9350492,1.2844794,1.2773952,0.7980729,0.6185344,0.6078538,0.5410812,0.4118129,0.3244019,0.2563791,0.2093905,0.2623812,0.2975008,0.2483956,0.1577751,0.1259896,0.1772366,0.1608782,0.1585079,0.1150889,0.0981953,0.1196367,0.2022037,0.3303517,0.5216659,0.4822788,0.0173013,0.0,0.0,0.0,0.0,0.0,0.0,0.0,0.0,0.0,0.0,0.0],"occurrence":[0.0,0.0,0.0,0.0,0.0,0.0,0.0,0.0,0.0,0.0,0.0,0.0,0.0,0.0,0.3344764,0.4816303,0.5143831,0.337815,0.2699136,0.2650441,0.2310526,0.1947365,0.1557028,0.1290608,0.099814,0.1149301,0.1232397,0.1043144,0.0649561,0.0525257,0.0709783,0.064429,0.060107,0.0445833,0.0412704,0.0516494,0.0925708,0.1417666,0.206302,0.1804232,0.0058143,0.0,0.0,0.0,0.0,0.0,0.0,0.0,0.0,0.0,0.0,0.0],"regions":["north"]},"geometry":{"type":"Polygon","coordinates":[[[-88.4747,47.1829],[-88.14084,47.1829],[-87.96895,46.92415],[-88.30217,46.92415],[-88.4747,47.1829]]]}},{"type":"Feature","properties":{"cell_id":125.0,"area_km2":729.0,"elevation_m":186.2750549,"longitude":-87.8878797,"latitude":47.0534318,"abundance":[0.0,0.0,0.0,0.0,0.0,0.0,0.0,0.0,0.0,0.0,0.0,0.0,0.0,0.0,0.5131605,0.7133489,0.7305067,0.0,0.0,0.0,0.0,0.0,0.0,0.0,0.0,0.0,0.0,0.0,0.0,0.0,0.0,0.0,0.0,0.0,0.0,0.0,0.0,0.0,0.3314238,0.3227697,0.0,0.0,0.0,0.0,0.0,0.0,0.0,0.0,0.0,0.0,0.0,0.0],"lower":[0.0,0.0,0.0,0.0,0.0,0.0,0.0,0.0,0.0,0.0,0.0,0.0,0.0,0.0,0.2837495,0.41131,0.4503487,0.0,0.0,0.0,0.0,0.0,0.0,0.0,0.0,0.0,0.0,0.0,0.0,0.0,0.0,0.0,0.0,0.0,0.0,0.0,0.0,0.0,0.1985194,0.1677164,0.0,0.0,0.0,0.0,0.0,0.0,0.0,0.0,0.0,0.0,0.0,0.0],"upper":[0.0,0.0,0.0,0.0,0.0,0.0,0.0,0.0,0.0,0.0,0.0,0.0,0.0,0.0,0.9375035,1.1809187,1.1243675,0.0,0.0,0.0,0.0,0.0,0.0,0.0,0.0,0.0,0.0,0.0,0.0,0.0,0.0,0.0,0.0,0.0,0.0,0.0,0.0,0.0,0.5602965,0.5787537,0.0,0.0,0.0,0.0,0.0,0.0,0.0,0.0,0.0,0.0,0.0,0.0],"occurrence":[0.0,0.0,0.0,0.0,0.0,0.0,0.0,0.0,0.0,0.0,0.0,0.0,0.0,0.0,0.2523797,0.3251068,0.3393748,0.0,0.0,0.0,0.0,0.0,0.0,0.0,0.0,0.0,0.0,0.0,0.0,0.0,0.0,0.0,0.0,0.0,0.0,0.0,0.0,0.0,0.1749692,0.1728807,0.0,0.0,0.0,0.0,0.0,0.0,0.0,0.0,0.0,0.0,0.0,0.0],"regions":["north"]},"geometry":{"type":"Polygon","coordinates":[[[-88.14084,47.1829],[-87.80697,47.1829],[-87.63574,46.92415],[-87.96895,46.92415],[-88.14084,47.1829]]]}},{"type":"Feature","properties":{"cell_id":141.0,"area_km2":691.3946798,"elevation_m":201.6064453,"longitude":-90.036719,"latitude":46.78951,"abundance":[0.0,0.0,0.0,0.0,0.0,0.0,0.0,0.0,0.0,0.0,0.0,0.0,0.0,0.0,0.8694338,1.3062348,1.2848608,1.0889373,0.9047603,0.8251745,0.7123748,0.4913307,0.4098094,0.34588,0.3300991,0.3910869,0.4097695,0.447479,0.3682582,0.3330826,0.2756196,0.2073707,0.1710546,0.1447644,0.2059737,0.2587089,0.3359794,0.4406886,0.5866774,0.4779954,0.1116851,0.0,0.0,0.0,0.0,0.0,0.0,0.0,0.0,0.0,0.0,0.0],"lower":[0.0,0.0,0.0,0.0,0.0,0.0,0.0,0.0,0.0,0.0,0.0,0.0,0.0,0.0,0.4934867,0.8401848,0.8756343,0.7637444,0.6241366,0.5716523,0.4730188,0.3406036,0.2911693,0.2548227,0.2368425,0.2765191,0.2839683,0.308924,0.2410199,0.1991285,0.1606958,0.1189217,0.093453,0.0833041,0.118753,0.1458961,0.2076436,0.2711392,0.3160051,0.2253889,0.0356229,0.0,0.0,0.0,0.0,0.0,0.0,0.0,0.0,0.0,0.0,0.0],"upper":[0.0,0.0,0.0,0.0,0.0,0.0,0.0,0.0,0.0,0.0,0.0,0.0,0.0,0.0,1.4027663,1.9260217,1.9193337,1.6231349,1.3190826,1.1270188,0.9524177,0.7026018,0.5569392,0.4396521,0.4304041,0.5405263,0.5430518,0.5771073,0.4818363,0.4550932,0.4096535,0.3047133,0.262689,0.2346315,0.3401332,0.4270538,0.5397164,0.6798764,0.9563639,0.7860143,0.248902,0.0,0.0,0.0,0.0,0.0,0.0,0.0,0.0,0.0,0.0,0.0],"occurrence":[0.0,0.0,0.0,0.0,0.0,0.0,0.0,0.0,0.0,0.0,0.0,0.0,0.0,0.0,0.3833517,0.5248352,0.5455104,0.480749,0.4243641,0.4210465,0.3978996,0.2936685,0.2602546,0.2153466,0.1995455,0.2199512,0.2089088,0.2204943,0.1791145,0.1691575,0.1447572,0.1172836,0.1022092,0.0870016,0.1183832,0.1346268,0.1651791,0.2336336,0.3012318,0.2882795,0.0708301,0.0,0.0,0.0,0.0,0.0,0.0,0.0,0.0,0.0,0.0,0.0],"regions":["north"]},"geometry":{"type":"Polygon","coordinates":[[[-90.24598,46.84232],[-90.242,46.84846],[-90.19294,46.92415],[-89.96825,46.92415],[-89.79444,46.66612],[-90.12701,46.66612],[-90.24598,46.84232]]]}},{"type":"Feature","properties":{"cell_id":142.0,"area_km2":729.0,"elevation_m":261.3108826,"longitude":-89.7146483,"latitude":46.7950449,"abundance":[0.0,0.0,0.0,0.0,0.0,0.0,0.0,0.0,0.0,0.0,0.0,0.0,0.0,0.0,0.8576022,1.3397464,1.3168386,1.195907,1.072831,0.9575967,0.8242558,0.6316158,0.5465164,0.5517281,0.4826065,0.5829333,0.6823205,0.7014394,0.6612681,0.5903554,0.5250933,0.4379499,0.3657092,0.359536,0.3690588,0.4377687,0.4860279,0.5577305,0.6345491,0.4652983,0.0341121,0.0,0.0,0.0,0.0,0.0,0.0,0.0,0.0,0.0,0.0,0.0],"lower":[0.0,0.0,0.0,0.0,0.0,0.0,0.0,0.0,0.0,0.0,0.0,0.0,0.0,0.0,0.5005921,0.882664,0.8935974,0.8338205,0.737418,0.6557513,0.5379053,0.4217168,0.3805465,0.4025576,0.3466022,0.4123056,0.4817213,0.4883741,0.4500563,0.3703778,0.3266135,0.2610282,0.2080117,0.2149952,0.2144715,0.256974,0.3010406,0.3351128,0.3190745,0.2240842,0.0065794,0.0,0.0,0.0,0.0,0.0,0.0,0.0,0.0,0.0,0.0,0.0],"upper":[0.0,0.0,0.0,0.0,0.0,0.0,0.0,0.0,0.0,0.0,0.0,0.0,0.0,0.0,1.3457283,1.9198099,1.9043026,1.7227452,1.5027944,1.3236563,1.1323932,0.8988857,0.7478041,0.7327922,0.6538723,0.8031007,0.9129885,0.9378325,0.8973279,0.832217,0.7547334,0.615775,0.5354276,0.5240253,0.5580984,0.6683515,0.7402164,0.8618429,1.0700457,0.8215297,0.104866,0.0,0.0,0.0,0.0,0.0,0.0,0.0,0.0,0.0,0.0,0.0],"occurrence":[0.0,0.0,0.0,0.0,0.0,0.0,0.0,0.0,0.0,0.0,0.0,0.0,0.0,0.0,0.4178342,0.580364,0.5992666,0.567761,0.5253847,0.5184934,0.4866349,0.4093438,0.369878,0.3760881,0.3201455,0.3484552,0.3750902,0.3764939,0.3451793,0.3185727,0.2874153,0.2583182,0.2296749,0.2292441,0.2311114,0.2586519,0.2678404,0.3026241,0.3234636,0.28815,0.0206452,0.0,0.0,0.0,0.0,0.0,0.0,0.0,0.0,0.0,0.0,0.0],"regions":["north"]},"geometry":{"type":"Polygon","coordinates":[[[-89.96825,46.92415],[-89.63503,46.92415],[-89.46186,46.66612],[-89.79444,46.66612],[-89.96825,46.92415]]]}},{"type":"Feature","properties":{"cell_id":143.0,"area_km2":729.0,"elevation_m":254.0997467,"longitude":-89.3817554,"latitude":46.7950449,"abundance":[0.0,0.0,0.0,0.0,0.0,0.0,0.0,0.0,0.0,0.0,0.0,0.0,0.0,0.0,0.7605103,1.1930827,1.1747453,1.0031053,0.8550165,0.7744626,0.6852385,0.5221798,0.4552174,0.4576971,0.4398434,0.4967446,0.5700489,0.5798343,0.5403101,0.4659875,0.4445153,0.3549677,0.3044984,0.2722941,0.2626676,0.3172073,0.3616095,0.4088821,0.4467402,0.3735414,0.0050354,0.0,0.0,0.0,0.0,0.0,0.0,0.0,0.0,0.0,0.0,0.0],"lower":[0.0,0.0,0.0,0.0,0.0,0.0,0.0,0.0,0.0,0.0,0.0,0.0,0.0,0.0,0.4272986,0.7452775,0.7697415,0.6858736,0.5511023,0.4957789,0.418072,0.3355375,0.3020999,0.322596,0.300474,0.3299563,0.3796845,0.3827712,0.3125504,0.2415866,0.2251452,0.1761723,0.1474928,0.1372691,0.1312669,0.1602949,0.1875318,0.2031884,0.199541,0.165897,0.000699,0.0,0.0,0.0,0.0,0.0,0.0,0.0,0.0,0.0,0.0,0.0],"upper":[0.0,0.0,0.0,0.0,0.0,0.0,0.0,0.0,0.0,0.0,0.0,0.0,0.0,0.0,1.2000756,1.7200515,1.6918176,1.4521515,1.2043748,1.0757987,0.9459597,0.7622148,0.6357524,0.6186981,0.6057475,0.6924848,0.786076,0.810616,0.7871175,0.7114562,0.6816822,0.5414544,0.4750213,0.4102437,0.406243,0.4954453,0.5565891,0.6218968,0.7456482,0.6637953,0.0109872,0.0,0.0,0.0,0.0,0.0,0.0,0.0,0.0,0.0,0.0,0.0],"occurrence":[0.0,0.0,0.0,0.0,0.0,0.0,0.0,0.0,0.0,0.0,0.0,0.0,0.0,0.0,0.3952906,0.5712704,0.5813333,0.5229515,0.4740379,0.4621123,0.4253568,0.3524667,0.31508,0.3135169,0.2894188,0.3076282,0.3300951,0.3333879,0.3059779,0.2702929,0.2592244,0.2204567,0.198299,0.1793902,0.1778828,0.2108592,0.2324951,0.253858,0.2801819,0.2516285,0.0030908,0.0,0.0,0.0,0.0,0.0,0.0,0.0,0.0,0.0,0.0,0.0],"regions":["north"]},"geometry":{"type":"Polygon","coordinates":[[[-89.63503,46.92415],[-89.30181,46.92415],[-89.12929,46.66612],[-89.46186,46.66612],[-89.63503,46.92415]]]}},{"type":"Feature","properties":{"cell_id":144.0,"area_km2":729.0,"elevation_m":297.964386,"longitude":-89.0488624,"latitude":46.7950449,"abundance":[0.0,0.0,0.0,0.0,0.0,0.0,0.0,0.0,0.0,0.0,0.0,0.0,0.0,0.0,0.8297521,1.3258995,1.2999042,1.1563218,1.0561414,0.9643653,0.8674196,0.7113997,0.636003,0.6194268,0.6061546,0.6739094,0.7565461,0.7653366,0.7213222,0.618405,0.590237,0.4858495,0.4320897,0.3959437,0.3620512,0.4002563,0.4033139,0.4115266,0.3827838,0.2872446,0.0,0.0,0.0,0.0,0.0,0.0,0.0,0.0,0.0,0.0,0.0,0.0],"lower":[0.0,0.0,0.0,0.0,0.0,0.0,0.0,0.0,0.0,0.0,0.0,0.0,0.0,0.0,0.4250167,0.7700812,0.7874036,0.7312135,0.648743,0.5803214,0.5181219,0.4461114,0.384685,0.4011717,0.3613396,0.3851567,0.4789357,0.4922377,0.4241402,0.3208521,0.2782871,0.2230427,0.1870029,0.1683348,0.1536343,0.1866482,0.1981125,0.1952022,0.1803874,0.1383973,0.0,0.0,0.0,0.0,0.0,0.0,0.0,0.0,0.0,0.0,0.0,0.0],"upper":[0.0,0.0,0.0,0.0,0.0,0.0,0.0,0.0,0.0,0.0,0.0,0.0,0.0,0.0,1.3217827,1.958115,1.9171225,1.7066954,1.4949418,1.3302381,1.2027173,1.0247277,0.9102968,0.8561543,0.8499628,0.9472803,1.032932,1.0479028,1.0171831,0.9098727,0.8859841,0.719075,0.6607505,0.6060594,0.575491,0.6464671,0.6553212,0.6836469,0.7271584,0.5849304,0.0,0.0,0.0,0.0,0.0,0.0,0.0,0.0,0.0,0.0,0.0,0.0],"occurrence":[0.0,0.0,0.0,0.0,0.0,0.0,0.0,0.0,0.0,0.0,0.0,0.0,0.0,0.0,0.4401162,0.6287525,0.6372537,0.6109812,0.584382,0.5597506,0.5253945,0.4922425,0.4542015,0.4338735,0.4120376,0.4333567,0.4564545,0.4629539,0.4328537,0.3769848,0.3647161,0.3208281,0.2887485,0.2682768,0.2527726,0.2797623,0.2794755,0.2851768,0.2781237,0.2183889,0.0,0.0,0.0,0.0,0.0,0.0,0.0,0.0,0.0,0.0,0.0,0.0],"regions":["north"]},"geometry":{"type":"Polygon","coordinates":[[[-89.30181,46.92415],[-88.9686,46.92415],[-88.79672,46.66612],[-89.12929,46.66612],[-89.30181,46.92415]]]}},{"type":"Feature","properties":{"cell_id":145.0,"area_km2":729.0,"elevation_m":298.1624756,"longitude":-88.7159695,"latitude":46.7950449,"abundance":[0.0,0.0,0.0,0.0,0.0,0.0,0.0,0.0,0.0,0.0,0.0,0.0,0.0,0.0,0.8437811,1.4052854,1.3532444,1.1846685,1.1105415,1.0411232,0.9409965,0.769178,0.6614088,0.6400757,0.6296123,0.7034849,0.8001024,0.808577,0.7402314,0.649269,0.6007282,0.5186957,0.4824806,0.4440369,0.4182116,0.4416223,0.4382831,0.4190402,0.3739229,0.2550764,0.0,0.0,0.0,0.0,0.0,0.0,0.0,0.0,0.0,0.0,0.0,0.0],"lower":[0.0,0.0,0.0,0.0,0.0,0.0,0.0,0.0,0.0,0.0,0.0,0.0,0.0,0.0,0.4504013,0.795048,0.8209445,0.7748896,0.7485967,0.6947674,0.5945011,0.4920543,0.4122829,0.4208362,0.3774693,0.4001271,0.5158492,0.5210988,0.4602111,0.3631082,0.2956736,0.2558752,0.2308639,0.2213492,0.2009727,0.2326933,0.2275877,0.2047736,0.1710198,0.117038,0.0,0.0,0.0,0.0,0.0,0.0,0.0,0.0,0.0,0.0,0.0,0.0],"upper":[0.0,0.0,0.0,0.0,0.0,0.0,0.0,0.0,0.0,0.0,0.0,0.0,0.0,0.0,1.2852075,2.0422704,2.0188618,1.7168654,1.5932516,1.4336672,1.2931666,1.0840769,0.9766326,0.934364,0.9149172,1.0158864,1.1137991,1.1026807,1.0450368,0.943796,0.892244,0.7733614,0.717554,0.672415,0.637158,0.6720082,0.6742364,0.6848061,0.7266009,0.5494046,0.0,0.0,0.0,0.0,0.0,0.0,0.0,0.0,0.0,0.0,0.0,0.0],"occurrence":[0.0,0.0,0.0,0.0,0.0,0.0,0.0,0.0,0.0,0.0,0.0,0.0,0.0,0.0,0.4666106,0.6654751,0.677851,0.6384805,0.6202587,0.6011521,0.5668119,0.5335283,0.4822805,0.4615502,0.4355493,0.4584674,0.4871643,0.4844348,0.4463166,0.3925062,0.3718608,0.3419568,0.3193475,0.3014435,0.2960511,0.3082708,0.2991384,0.2924113,0.274227,0.1975581,0.0,0.0,0.0,0.0,0.0,0.0,0.0,0.0,0.0,0.0,0.0,0.0],"regions":["north"]},"geometry":{"type":"Polygon","coordinates":[[[-88.9686,46.92415],[-88.63538,46.92415],[-88.46415,46.66612],[-88.79672,46.66612],[-88.9686,46.92415]]]}},{"type":"Feature","properties":{"cell_id":146.0,"area_km2":729.0,"elevation_m":295.3539429,"longitude":-88.3830765,"latitude":46.7950449,"abundance":[0.0,0.0,0.0,0.0,0.0,0.0,0.0,0.0,0.0,0.0,0.0,0.0,0.0,0.0,0.6933053,1.1399822,1.1648076,0.9831678,0.8846387,0.8462605,0.7607467,0.5957434,0.4995112,0.4825262,0.4816536,0.5421832,0.6188214,0.6043602,0.5132445,0.4202373,0.3810983,0.325832,0.3044712,0.2743309,0.2714317,0.3025125,0.3051784,0.3056039,0.2949635,0.214187,0.0,0.0,0.0,0.0,0.0,0.0,0.0,0.0,0.0,0.0,0.0,0.0],"lower":[0.0,0.0,0.0,0.0,0.0,0.0,0.0,0.0,0.0,0.0,0.0,0.0,0.0,0.0,0.3741961,0.6710963,0.7583429,0.6833028,0.6305432,0.5803344,0.5078804,0.405434,0.329332,0.3291073,0.3158504,0.3476021,0.4292355,0.4153918,0.3184331,0.2499013,0.2049689,0.1746983,0.1611847,0.1488185,0.1441457,0.1636356,0.1692904,0.1587946,0.1514776,0.0998599,0.0,0.0,0.0,0.0,0.0,0.0,0.0,0.0,0.0,0.0,0.0,0.0],"upper":[0.0,0.0,0.0,0.0,0.0,0.0,0.0,0.0,0.0,0.0,0.0,0.0,0.0,0.0,1.0877382,1.6791837,1.6598837,1.3603089,1.2030393,1.1433915,1.0513057,0.8406043,0.7301688,0.6758876,0.6671867,0.7450034,0.8367936,0.8198049,0.7421353,0.6281999,0.5834969,0.4984471,0.4642591,0.4172213,0.4128349,0.4669481,0.4889367,0.5124493,0.5749081,0.4463775,0.0,0.0,0.0,0.0,0.0,0.0,0.0,0.0,0.0,0.0,0.0,0.0],"occurrence":[0.0,0.0,0.0,0.0,0.0,0.0,0.0,0.0,0.0,0.0,0.0,0.0,0.0,0.0,0.3869128,0.5670081,0.5892922,0.5243661,0.5000984,0.4945597,0.4678594,0.4225062,0.3712096,0.3496422,0.3325809,0.3481934,0.3623381,0.3519631,0.3041207,0.2509814,0.2341277,0.2120215,0.2021447,0.185351,0.1949049,0.2159685,0.2186143,0.2222844,0.2185419,0.1591561,0.0,0.0,0.0,0.0,0.0,0.0,0.0,0.0,0.0,0.0,0.0,0.0],"regions":["north"]},"geometry":{"type":"Polygon","coordinates":[[[-88.63538,46.92415],[-88.30217,46.92415],[-88.13158,46.66612],[-88.46415,46.66612],[-88.63538,46.92415]]]}},{"type":"Feature","properties":{"cell_id":147.0,"area_km2":729.0,"elevation_m":357.3477783,"longitude":-88.0501836,"latitude":46.7950449,"abundance":[0.0,0.0,0.0,0.0,0.0,0.0,0.0,0.0,0.0,0.0,0.0,0.0,0.0,0.0,0.7897691,1.2974912,1.3228536,1.1830928,1.1067071,1.0349828,0.9104819,0.72316,0.6326611,0.6377161,0.6648913,0.7534651,0.862062,0.819134,0.6901724,0.603693,0.5260145,0.4658729,0.4487902,0.4023444,0.4081283,0.4285796,0.401047,0.3940211,0.3460268,0.2432038,0.0,0.0,0.0,0.0,0.0,0.0,0.0,0.0,0.0,0.0,0.0,0.0],"lower":[0.0,0.0,0.0,0.0,0.0,0.0,0.0,0.0,0.0,0.0,0.0,0.0,0.0,0.0,0.44526,0.8017266,0.8747837,0.8231748,0.7994173,0.7163901,0.5944781,0.4810421,0.4206227,0.4295557,0.4542357,0.5058983,0.6174967,0.5768085,0.4503842,0.3744451,0.3110587,0.2758857,0.2600726,0.2312994,0.2331944,0.2442773,0.2273834,0.2191892,0.1881989,0.1168196,0.0,0.0,0.0,0.0,0.0,0.0,0.0,0.0,0.0,0.0,0.0,0.0],"upper":[0.0,0.0,0.0,0.0,0.0,0.0,0.0,0.0,0.0,0.0,0.0,0.0,0.0,0.0,1.2373475,1.9201521,1.8886969,1.6716205,1.5336761,1.3929864,1.2540599,1.0307397,0.928896,0.8796425,0.9117278,1.0354769,1.170498,1.1173426,0.999501,0.8882876,0.7997418,0.7067509,0.6596737,0.5909467,0.5986388,0.6507528,0.6357179,0.6391995,0.5929781,0.4580997,0.0,0.0,0.0,0.0,0.0,0.0,0.0,0.0,0.0,0.0,0.0,0.0],"occurrence":[0.0,0.0,0.0,0.0,0.0,0.0,0.0,0.0,0.0,0.0,0.0,0.0,0.0,0.0,0.4454193,0.6309184,0.6446671,0.6140069,0.5886238,0.5592524,0.5128797,0.4953289,0.4562555,0.445888,0.4452294,0.4740091,0.4891222,0.457599,0.3954559,0.3490361,0.319632,0.2983648,0.2886852,0.2657596,0.2885616,0.3012495,0.2859491,0.2870891,0.2619286,0.1899008,0.0,0.0,0.0,0.0,0.0,0.0,0.0,0.0,0.0,0.0,0.0,0.0],"regions":["north"]},"geometry":{"type":"Polygon","coordinates":[[[-88.30217,46.92415],[-87.96895,46.92415],[-87.799,46.66612],[-88.13158,46.66612],[-88.30217,46.92415]]]}},{"type":"Feature","properties":{"cell_id":148.0,"area_km2":729.0,"elevation_m":271.7207336,"longitude":-87.7172906,"latitude":46.7950449,"abundance":[0.0,0.0,0.0,0.0,0.0,0.0,0.0,0.0,0.0,0.0,0.0,0.0,0.0,0.0,0.7718642,1.1886362,1.1765202,0.9320266,0.9101765,0.8460685,0.7626608,0.5966796,0.5075867,0.4811994,0.497003,0.5485715,0.5823282,0.5509916,0.4292795,0.3510929,0.3264935,0.2842724,0.2794227,0.2445217,0.2680392,0.2951711,0.3404031,0.3831422,0.3927677,0.3031919,0.0074453,0.0,0.0,0.0,0.0,0.0,0.0,0.0,0.0,0.0,0.0,0.0],"lower":[0.0,0.0,0.0,0.0,0.0,0.0,0.0,0.0,0.0,0.0,0.0,0.0,0.0,0.0,0.459944,0.8041506,0.8195879,0.6731247,0.6716142,0.6118264,0.5009624,0.3886895,0.3409393,0.3286995,0.3310129,0.3634367,0.4063193,0.3855453,0.2809648,0.2201294,0.186633,0.1618144,0.1556614,0.1438462,0.1588799,0.1733646,0.2078493,0.2249668,0.2207717,0.1580262,0.0024617,0.0,0.0,0.0,0.0,0.0,0.0,0.0,0.0,0.0,0.0,0.0],"upper":[0.0,0.0,0.0,0.0,0.0,0.0,0.0,0.0,0.0,0.0,0.0,0.0,0.0,0.0,1.1880525,1.7035539,1.6580818,1.3198798,1.2412314,1.1372768,1.0542314,0.8441143,0.7281492,0.6686887,0.6942303,0.766941,0.8051668,0.7713208,0.6126107,0.5064796,0.4766776,0.4198802,0.4038638,0.3476913,0.4004399,0.4472914,0.5245721,0.5901238,0.6140697,0.534263,0.0160551,0.0,0.0,0.0,0.0,0.0,0.0,0.0,0.0,0.0,0.0,0.0],"occurrence":[0.0,0.0,0.0,0.0,0.0,0.0,0.0,0.0,0.0,0.0,0.0,0.0,0.0,0.0,0.4342786,0.5863552,0.5941099,0.5130622,0.5181419,0.4867846,0.4486167,0.4123522,0.3717143,0.3416227,0.3332909,0.3520768,0.3445145,0.3256021,0.2590298,0.2133219,0.2040557,0.1829682,0.1880454,0.1694625,0.1956099,0.2178328,0.2489516,0.2823166,0.28934,0.2205305,0.0050088,0.0,0.0,0.0,0.0,0.0,0.0,0.0,0.0,0.0,0.0,0.0],"regions":["north"]},"geometry":{"type":"Polygon","coordinates":[[[-87.96895,46.92415],[-87.63574,46.92415],[-87.46643,46.66612],[-87.799,46.66612],[-87.96895,46.92415]]]}},{"type":"Feature","properties":{"cell_id":152.0,"area_km2":729.0,"elevation_m":179.0773163,"longitude":-86.3857189,"latitude":46.7950449,"abundance":[0.0,0.0,0.0,0.0,0.0,0.0,0.0,0.0,0.0,0.0,0.0,0.0,0.0,0.0,0.5956183,0.7920199,0.7401919,0.0,0.0,0.0,0.0,0.0,0.0,0.0,0.0,0.0,0.0,0.0,0.0,0.0,0.0,0.0,0.0,0.0,0.0,0.0,0.0,0.2299328,0.2807115,0.248459,0.0342969,0.0,0.0,0.0,0.0,0.0,0.0,0.0,0.0,0.0,0.0,0.0],"lower":[0.0,0.0,0.0,0.0,0.0,0.0,0.0,0.0,0.0,0.0,0.0,0.0,0.0,0.0,0.3375456,0.3723736,0.3431305,0.0,0.0,0.0,0.0,0.0,0.0,0.0,0.0,0.0,0.0,0.0,0.0,0.0,0.0,0.0,0.0,0.0,0.0,0.0,0.0,0.1272144,0.1484897,0.1275774,0.0153191,0.0,0.0,0.0,0.0,0.0,0.0,0.0,0.0,0.0,0.0,0.0],"upper":[0.0,0.0,0.0,0.0,0.0,0.0,0.0,0.0,0.0,0.0,0.0,0.0,0.0,0.0,1.0565264,1.2709541,1.2452794,0.0,0.0,0.0,0.0,0.0,0.0,0.0,0.0,0.0,0.0,0.0,0.0,0.0,0.0,0.0,0.0,0.0,0.0,0.0,0.0,0.3744291,0.4137871,0.4021618,0.0607021,0.0,0.0,0.0,0.0,0.0,0.0,0.0,0.0,0.0,0.0,0.0],"occurrence":[0.0,0.0,0.0,0.0,0.0,0.0,0.0,0.0,0.0,0.0,0.0,0.0,0.0,0.0,0.2914776,0.3577273,0.3581676,0.0,0.0,0.0,0.0,0.0,0.0,0.0,0.0,0.0,0.0,0.0,0.0,0.0,0.0,0.0,0.0,0.0,0.0,0.0,0.0,0.1553902,0.1860913,0.1543978,0.0252878,0.0,0.0,0.0,0.0,0.0,0.0,0.0,0.0,0.0,0.0,0.0],"regions":["north"]},"geometry":{"type":"Polygon","coordinates":[[[-86.63609,46.92415],[-86.30287,46.92415],[-86.13614,46.66612],[-86.46872,46.66612],[-86.63609,46.92415]]]}},{"type":"Feature","properties":{"cell_id":153.0,"area_km2":729.0,"elevation_m":179.6417847,"longitude":-86.0528259,"latitude":46.7950449,"abundance":[0.0,0.0,0.0,0.0,0.0,0.0,0.0,0.0,0.0,0.0,0.0,0.0,0.0,0.0,0.5211403,0.652647,0.6098706,0.4348899,0.1678355,0.0789903,0.0,0.0,0.0,0.0,0.0,0.0,0.0,0.0,0.0,0.0,0.0,0.0,0.0,0.0,0.0,0.0,0.0157089,0.2299815,0.2727773,0.2301472,0.0440098,0.0,0.0,0.0,0.0,0.0,0.0,0.0,0.0,0.0,0.0,0.0],"lower":[0.0,0.0,0.0,0.0,0.0,0.0,0.0,0.0,0.0,0.0,0.0,0.0,0.0,0.0,0.3145575,0.4070476,0.3550883,0.2188967,0.080418,0.0361453,0.0,0.0,0.0,0.0,0.0,0.0,0.0,0.0,0.0,0.0,0.0,0.0,0.0,0.0,0.0,0.0,0.0051078,0.1118707,0.1357648,0.1149772,0.017358,0.0,0.0,0.0,0.0,0.0,0.0,0.0,0.0,0.0,0.0,0.0],"upper":[0.0,0.0,0.0,0.0,0.0,0.0,0.0,0.0,0.0,0.0,0.0,0.0,0.0,0.0,0.8690881,1.0915978,1.026656,0.7201844,0.2869583,0.1430341,0.0,0.0,0.0,0.0,0.0,0.0,0.0,0.0,0.0,0.0,0.0,0.0,0.0,0.0,0.0,0.0,0.0235271,0.3637004,0.4115297,0.3982133,0.0739003,0.0,0.0,0.0,0.0,0.0,0.0,0.0,0.0,0.0,0.0,0.0],"occurrence":[0.0,0.0,0.0,0.0,0.0,0.0,0.0,0.0,0.0,0.0,0.0,0.0,0.0,0.0,0.3110481,0.3916716,0.3709651,0.2567985,0.1051228,0.0498365,0.0,0.0,0.0,0.0,0.0,0.0,0.0,0.0,0.0,0.0,0.0,0.0,0.0,0.0,0.0,0.0,0.0125472,0.1519868,0.1891619,0.1575799,0.030339,0.0,0.0,0.0,0.0,0.0,0.0,0.0,0.0,0.0,0.0,0.0],"regions":["north"]},"geometry":{"type":"Polygon","coordinates":[[[-86.30287,46.92415],[-85.96966,46.92415],[-85.80357,46.66612],[-86.13614,46.66612],[-86.30287,46.92415]]]}},{"type":"Feature","properties":{"cell_id":154.0,"area_km2":729.0,"elevation_m":180.1104431,"longitude":-85.719933,"latitude":46.7950449,"abundance":[0.0,0.0,0.0,0.0,0.0,0.0,0.0,0.0,0.0,0.0,0.0,0.0,0.0,0.0,0.5946067,0.7655063,0.7079131,0.4728038,0.072146,0.0,0.0,0.0,0.0,0.0,0.0,0.0,0.0,0.0,0.0,0.0,0.0,0.0,0.0,0.0,0.0,0.0,0.0403531,0.219393,0.2770505,0.2303617,0.0523911,0.0,0.0,0.0,0.0,0.0,0.0,0.0,0.0,0.0,0.0,0.0],"lower":[0.0,0.0,0.0,0.0,0.0,0.0,0.0,0.0,0.0,0.0,0.0,0.0,0.0,0.0,0.3639587,0.496463,0.4258393,0.2528127,0.034003,0.0,0.0,0.0,0.0,0.0,0.0,0.0,0.0,0.0,0.0,0.0,0.0,0.0,0.0,0.0,0.0,0.0,0.0173551,0.1104765,0.1433843,0.1195538,0.0237381,0.0,0.0,0.0,0.0,0.0,0.0,0.0,0.0,0.0,0.0,0.0],"upper":[0.0,0.0,0.0,0.0,0.0,0.0,0.0,0.0,0.0,0.0,0.0,0.0,0.0,0.0,0.8772139,1.0953138,1.0235034,0.7775936,0.1237365,0.0,0.0,0.0,0.0,0.0,0.0,0.0,0.0,0.0,0.0,0.0,0.0,0.0,0.0,0.0,0.0,0.0,0.0669423,0.3451633,0.4092759,0.4135148,0.0862436,0.0,0.0,0.0,0.0,0.0,0.0,0.0,0.0,0.0,0.0,0.0],"occurrence":[0.0,0.0,0.0,0.0,0.0,0.0,0.0,0.0,0.0,0.0,0.0,0.0,0.0,0.0,0.3702553,0.4872732,0.4891637,0.315358,0.0506938,0.0,0.0,0.0,0.0,0.0,0.0,0.0,0.0,0.0,0.0,0.0,0.0,0.0,0.0,0.0,0.0,0.0,0.0330483,0.1525725,0.2072704,0.1712288,0.0372475,0.0,0.0,0.0,0.0,0.0,0.0,0.0,0.0,0.0,0.0,0.0],"regions":["north"]},"geometry":{"type":"Polygon","coordinates":[[[-85.96966,46.92415],[-85.63644,46.92415],[-85.471,46.66612],[-85.80357,46.66612],[-85.96966,46.92415]]]}},{"type":"Feature","properties":{"cell_id":155.0,"area_km2":729.0,"elevation_m":185.7774506,"longitude":-85.38704,"latitude":46.7950449,"abundance":[0.0,0.0,0.0,0.0,0.0,0.0,0.0,0.0,0.0,0.0,0.0,0.0,0.0,0.0,0.6364946,0.8961893,0.9821254,0.7392835,0.6912631,0.6399693,0.527876,0.4124944,0.3861305,0.2881697,0.2984405,0.2860903,0.2875467,0.2804708,0.2263283,0.2022256,0.1938878,0.1906076,0.1791247,0.1684073,0.1628922,0.1565926,0.1441655,0.2159623,0.2711831,0.1953592,0.0282146,0.0,0.0,0.0,0.0,0.0,0.0,0.0,0.0,0.0,0.0,0.0],"lower":[0.0,0.0,0.0,0.0,0.0,0.0,0.0,0.0,0.0,0.0,0.0,0.0,0.0,0.0,0.3513235,0.5299466,0.6170458,0.4748328,0.4395872,0.4363341,0.3501181,0.2645199,0.2254972,0.1967309,0.200883,0.1866666,0.1926339,0.1917252,0.1513176,0.1324584,0.1234291,0.1202995,0.1171959,0.0977383,0.0810547,0.0735457,0.0632763,0.1104514,0.1438569,0.0898024,0.0144194,0.0,0.0,0.0,0.0,0.0,0.0,0.0,0.0,0.0,0.0,0.0],"upper":[0.0,0.0,0.0,0.0,0.0,0.0,0.0,0.0,0.0,0.0,0.0,0.0,0.0,0.0,1.038142,1.3118286,1.4349471,1.0528967,0.973219,0.8760329,0.7147931,0.578276,0.6007076,0.4014223,0.4193997,0.3915305,0.4011229,0.3983055,0.3223668,0.2915824,0.2805043,0.2682672,0.2520933,0.2407472,0.2384137,0.2341232,0.23285,0.3423639,0.4149294,0.327581,0.049751,0.0,0.0,0.0,0.0,0.0,0.0,0.0,0.0,0.0,0.0,0.0],"occurrence":[0.0,0.0,0.0,0.0,0.0,0.0,0.0,0.0,0.0,0.0,0.0,0.0,0.0,0.0,0.3718598,0.4726629,0.5086198,0.3849046,0.3885357,0.3612891,0.3137396,0.2770858,0.2798885,0.2170598,0.2180238,0.208057,0.2074593,0.1923555,0.1550218,0.1395128,0.1330165,0.1344385,0.1257562,0.1186975,0.1112765,0.1096865,0.1036968,0.1514638,0.2004625,0.1494745,0.0211277,0.0,0.0,0.0,0.0,0.0,0.0,0.0,0.0,0.0,0.0,0.0],"regions":["north"]},"geometry":{"type":"Polygon","coordinates":[[[-85.63644,46.92415],[-85.30323,46.92415],[-85.13843,46.66612],[-85.471,46.66612],[-85.63644,46.92415]]]}},{"type":"Feature","properties":{"cell_id":156.0,"area_km2":729.0,"elevation_m":185.8391418,"longitude":-85.0541471,"latitude":46.7950449,"abundance":[0.0,0.0,0.0,0.0,0.0,0.0,0.0,0.0,0.0,0.0,0.0,0.0,0.0,0.0,0.5713495,0.6979856,0.7390282,0.5250657,0.5038822,0.4286546,0.2665036,0.1406406,0.2339981,0.0698633,0.0580828,0.0788536,0.0807526,0.0880025,0.0581219,0.0521742,0.068369,0.0647989,0.0697834,0.0593439,0.0460769,0.0823075,0.1489439,0.2656559,0.2814654,0.2131859,0.0437423,0.0,0.0,0.0,0.0,0.0,0.0,0.0,0.0,0.0,0.0,0.0],"lower":[0.0,0.0,0.0,0.0,0.0,0.0,0.0,0.0,0.0,0.0,0.0,0.0,0.0,0.0,0.3201288,0.436777,0.4463811,0.2770926,0.2515594,0.2253278,0.1454862,0.0760012,0.0919341,0.0425659,0.037192,0.0460905,0.0479185,0.0519826,0.0348524,0.0301895,0.034902,0.0353074,0.037981,0.0307016,0.0225913,0.0331967,0.0608444,0.1370772,0.1571322,0.1005411,0.0208037,0.0,0.0,0.0,0.0,0.0,0.0,0.0,0.0,0.0,0.0,0.0],"upper":[0.0,0.0,0.0,0.0,0.0,0.0,0.0,0.0,0.0,0.0,0.0,0.0,0.0,0.0,0.9040086,1.0326834,1.0754005,0.7767861,0.7601423,0.6299078,0.3877247,0.2081972,0.3826793,0.1008783,0.080515,0.1096536,0.1133393,0.1231916,0.085336,0.0761689,0.0990217,0.0907138,0.0999191,0.0862258,0.0705385,0.1300725,0.2364999,0.4191148,0.4304089,0.3727232,0.078381,0.0,0.0,0.0,0.0,0.0,0.0,0.0,0.0,0.0,0.0,0.0],"occurrence":[0.0,0.0,0.0,0.0,0.0,0.0,0.0,0.0,0.0,0.0,0.0,0.0,0.0,0.0,0.3308564,0.3884912,0.4115648,0.3060693,0.3148325,0.2659465,0.1729623,0.1029492,0.1641605,0.0552115,0.0446393,0.0610087,0.060238,0.0627547,0.0414986,0.0364618,0.0477781,0.0470887,0.0527828,0.0449607,0.0334328,0.060697,0.1136651,0.1919525,0.2169691,0.1663489,0.033561,0.0,0.0,0.0,0.0,0.0,0.0,0.0,0.0,0.0,0.0,0.0],"regions":["north"]},"geometry":{"type":"Polygon","coordinates":[[[-85.30323,46.92415],[-84.97001,46.92415],[-84.80586,46.66612],[-85.13843,46.66612],[-85.30323,46.92415]]]}},{"type":"Feature","properties":{"cell_id":162.0,"area_km2":3.0795902,"elevation_m":273.6528931,"longitude":-90.3979066,"latitude":46.5675894,"abundance":[0.0,0.0,0.0,0.0,0.0,0.0,0.0,0.0,0.0,0.0,0.0,0.0,0.0,0.0,0.8949056,1.4224886,1.3946215,1.2353989,1.0790774,0.9356228,0.7942269,0.6298047,0.5131124,0.5186382,0.5234756,0.5927373,0.6776888,0.7091992,0.732718,0.6591313,0.6390908,0.5418269,0.4453503,0.3949634,0.3806831,0.4406817,0.4829029,0.5800655,0.6573169,0.5539371,0.176636,0.0,0.0,0.0,0.0,0.0,0.0,0.0,0.0,0.0,0.0,0.0],"lower":[0.0,0.0,0.0,0.0,0.0,0.0,0.0,0.0,0.0,0.0,0.0,0.0,0.0,0.0,0.5505262,1.0189625,1.0115241,0.9040917,0.7957744,0.7047102,0.580694,0.4675114,0.3834741,0.4029973,0.3972801,0.4351199,0.4954181,0.5260081,0.5468327,0.4753527,0.4504299,0.375529,0.2946931,0.2658619,0.2535297,0.2915761,0.3236081,0.3707424,0.421329,0.3379465,0.07003,0.0,0.0,0.0,0.0,0.0,0.0,0.0,0.0,0.0,0.0,0.0],"upper":[0.0,0.0,0.0,0.0,0.0,0.0,0.0,0.0,0.0,0.0,0.0,0.0,0.0,0.0,1.3279167,1.9662759,1.9577603,1.7556316,1.4623833,1.255412,1.063448,0.8563798,0.6919003,0.6871776,0.6875164,0.7905876,0.912979,0.9562383,0.9661442,0.8769156,0.8650572,0.7399107,0.602203,0.5380732,0.5286039,0.6162357,0.6644461,0.8594652,1.0100392,0.8584599,0.3251511,0.0,0.0,0.0,0.0,0.0,0.0,0.0,0.0,0.0,0.0,0.0],"occurrence":[0.0,0.0,0.0,0.0,0.0,0.0,0.0,0.0,0.0,0.0,0.0,0.0,0.0,0.0,0.4220671,0.5950156,0.5918614,0.5545443,0.5197961,0.5104358,0.4934198,0.4065625,0.3518774,0.3573227,0.3440506,0.3581045,0.3965866,0.4051348,0.4006473,0.3687564,0.3596089,0.3289641,0.2830071,0.2541971,0.2432163,0.2709095,0.2813928,0.3429434,0.3764357,0.3545782,0.1240399,0.0,0.0,0.0,0.0,0.0,0.0,0.0,0.0,0.0,0.0,0.0],"regions":["north"]},"geometry":{"type":"Polygon","coordinates":[[[-90.38187,46.55089],[-90.39234,46.54896],[-90.41259,46.58527],[-90.40888,46.59099],[-90.38187,46.55089]]]}},{"type":"Feature","properties":{"cell_id":163.0,"area_km2":562.5191351,"elevation_m":359.7904053,"longitude":-90.1794241,"latitude":46.5467732,"abundance":[0.0,0.0,0.0,0.0,0.0,0.0,0.0,0.0,0.0,0.0,0.0,0.0,0.0,0.0,0.8657874,1.3737875,1.3737249,1.2435951,1.0950114,0.9788705,0.8183326,0.6579493,0.5318202,0.5449206,0.5227455,0.6034648,0.664122,0.7144499,0.7246997,0.6752535,0.648441,0.5392658,0.4589848,0.4294129,0.4043475,0.4592467,0.4879543,0.521148,0.5731281,0.4671815,0.1298326,0.0,0.0,0.0,0.0,0.0,0.0,0.0,0.0,0.0,0.0,0.0],"lower":[0.0,0.0,0.0,0.0,0.0,0.0,0.0,0.0,0.0,0.0,0.0,0.0,0.0,0.0,0.5075705,0.9692054,0.986618,0.9135353,0.8068158,0.7298014,0.5861406,0.4718889,0.3961847,0.4176996,0.3988247,0.4530833,0.4844691,0.5199345,0.5373574,0.4888282,0.4628921,0.3742995,0.2998958,0.282625,0.2768767,0.3215712,0.3383854,0.3500234,0.358762,0.2497454,0.0445652,0.0,0.0,0.0,0.0,0.0,0.0,0.0,0.0,0.0,0.0,0.0],"upper":[0.0,0.0,0.0,0.0,0.0,0.0,0.0,0.0,0.0,0.0,0.0,0.0,0.0,0.0,1.2926534,1.8957379,1.9336665,1.7452669,1.4706944,1.2944459,1.0805309,0.909381,0.7347671,0.7337744,0.7006014,0.8112785,0.9128761,0.9651166,0.9568885,0.8993556,0.8663698,0.7216239,0.6124023,0.5822255,0.5472149,0.6177411,0.6559311,0.7095283,0.8330694,0.718524,0.2620835,0.0,0.0,0.0,0.0,0.0,0.0,0.0,0.0,0.0,0.0,0.0],"occurrence":[0.0,0.0,0.0,0.0,0.0,0.0,0.0,0.0,0.0,0.0,0.0,0.0,0.0,0.0,0.4584947,0.6285579,0.6418516,0.6090655,0.5783384,0.5731924,0.535399,0.4459043,0.3827555,0.3935534,0.3666935,0.4011768,0.4238973,0.4457804,0.4325494,0.4097984,0.3889747,0.3525452,0.3090406,0.2934988,0.2835949,0.3111404,0.317585,0.336416,0.3597952,0.316267,0.0947751,0.0,0.0,0.0,0.0,0.0,0.0,0.0,0.0,0.0,0.0,0.0],"regions":["north"]},"geometry":{"type":"Polygon","coordinates":[[[-90.40888,46.59099],[-90.36017,46.66612],[-90.12701,46.66612],[-89.95452,46.40882],[-90.16322,46.40882],[-90.17446,46.42572],[-90.20242,46.46775],[-90.23038,46.50977],[-90.28786,46.52739],[-90.31823,46.53664],[-90.34088,46.55845],[-90.38187,46.55089],[-90.40888,46.59099]]]}},{"type":"Feature","properties":{"cell_id":164.0,"area_km2":729.0,"elevation_m":424.6433716,"longitude":-89.8743926,"latitude":46.5373807,"abundance":[0.0,0.0,0.0,0.0,0.0,0.0,0.0,0.0,0.0,0.0,0.0,0.0,0.0,0.0,1.0156637,1.6100556,1.6615729,1.5202284,1.3550267,1.1737765,1.0094614,0.8095295,0.7226747,0.7201448,0.7138563,0.8263171,0.9206526,0.9377839,0.9362885,0.840314,0.7969136,0.6678722,0.5915025,0.551146,0.530129,0.5867346,0.6207597,0.6412144,0.6447673,0.4636514,0.0916161,0.0,0.0,0.0,0.0,0.0,0.0,0.0,0.0,0.0,0.0,0.0],"lower":[0.0,0.0,0.0,0.0,0.0,0.0,0.0,0.0,0.0,0.0,0.0,0.0,0.0,0.0,0.5887994,1.0915629,1.1365422,1.0736619,0.9501904,0.8316702,0.6819156,0.5721809,0.5186281,0.5497673,0.5429811,0.6157289,0.6768945,0.6860634,0.704592,0.6202326,0.5820091,0.478541,0.4039612,0.3774858,0.3512382,0.3902115,0.4225657,0.4389228,0.3945225,0.2568872,0.0307189,0.0,0.0,0.0,0.0,0.0,0.0,0.0,0.0,0.0,0.0,0.0],"upper":[0.0,0.0,0.0,0.0,0.0,0.0,0.0,0.0,0.0,0.0,0.0,0.0,0.0,0.0,1.5304221,2.2738535,2.3952658,2.1934187,1.903886,1.6015927,1.3540637,1.1596415,0.9847358,0.9354669,0.943123,1.1212947,1.2281085,1.2211432,1.2113445,1.1134511,1.0732409,0.8894242,0.7975343,0.7746714,0.7684304,0.8456719,0.8808311,0.890004,0.9673577,0.696735,0.1718754,0.0,0.0,0.0,0.0,0.0,0.0,0.0,0.0,0.0,0.0,0.0],"occurrence":[0.0,0.0,0.0,0.0,0.0,0.0,0.0,0.0,0.0,0.0,0.0,0.0,0.0,0.0,0.4635769,0.6500654,0.6849098,0.665872,0.6406316,0.6238744,0.5884785,0.5156104,0.4873003,0.4847766,0.4705487,0.5019038,0.5287547,0.5290389,0.5099551,0.46991,0.4483739,0.4098933,0.3691767,0.3493407,0.3420834,0.3600907,0.3527133,0.3640595,0.3498072,0.2888623,0.0627525,0.0,0.0,0.0,0.0,0.0,0.0,0.0,0.0,0.0,0.0,0.0],"regions":["north"]},"geometry":{"type":"Polygon","coordinates":[[[-90.12701,46.66612],[-89.79444,46.66612],[-89.62258,46.40882],[-89.95452,46.40882],[-90.12701,46.66612]]]}},{"type":"Feature","properties":{"cell_id":165.0,"area_km2":729.0,"elevation_m":415.230835,"longitude":-89.5421397,"latitude":46.5373807,"abundance":[0.0,0.0,0.0,0.0,0.0,0.0,0.0,0.0,0.0,0.0,0.0,0.0,0.0,0.0,0.9490596,1.4923102,1.5193646,1.3636687,1.1820759,1.0280294,0.8942186,0.7325745,0.5977273,0.598067,0.5804874,0.666027,0.7700084,0.7945672,0.8160337,0.7544172,0.729026,0.6121119,0.540764,0.4987881,0.4680638,0.5138988,0.5364098,0.5378007,0.5400512,0.404624,0.018897,0.0,0.0,0.0,0.0,0.0,0.0,0.0,0.0,0.0,0.0,0.0],"lower":[0.0,0.0,0.0,0.0,0.0,0.0,0.0,0.0,0.0,0.0,0.0,0.0,0.0,0.0,0.5476546,0.9705151,0.9828925,0.9395534,0.8077055,0.7108154,0.5828318,0.5011309,0.4187809,0.4407135,0.4271356,0.4738905,0.544291,0.5651117,0.5894949,0.541239,0.5177495,0.4304688,0.367707,0.3365408,0.3089795,0.3395219,0.3525296,0.3445342,0.2898876,0.1895606,0.0030827,0.0,0.0,0.0,0.0,0.0,0.0,0.0,0.0,0.0,0.0,0.0],"upper":[0.0,0.0,0.0,0.0,0.0,0.0,0.0,0.0,0.0,0.0,0.0,0.0,0.0,0.0,1.4000928,2.0878026,2.2001467,1.9989922,1.6573148,1.3873067,1.2158442,1.0409093,0.8450468,0.8074985,0.7956769,0.9200051,1.0246787,1.0518622,1.0741622,1.0218347,0.9920895,0.8316294,0.7426941,0.6912347,0.6683964,0.7410016,0.7674164,0.7769559,0.8563424,0.6469694,0.0400999,0.0,0.0,0.0,0.0,0.0,0.0,0.0,0.0,0.0,0.0,0.0],"occurrence":[0.0,0.0,0.0,0.0,0.0,0.0,0.0,0.0,0.0,0.0,0.0,0.0,0.0,0.0,0.4813918,0.6553428,0.6762564,0.6495673,0.6185971,0.5876276,0.5484752,0.4835027,0.4116027,0.4108012,0.391122,0.4225051,0.4538749,0.4569564,0.4583925,0.4317464,0.4208963,0.3857121,0.3486875,0.3287322,0.312087,0.325533,0.3136907,0.3265172,0.3198924,0.2712677,0.0127745,0.0,0.0,0.0,0.0,0.0,0.0,0.0,0.0,0.0,0.0,0.0],"regions":["north"]},"geometry":{"type":"Polygon","coordinates":[[[-89.79444,46.66612],[-89.46186,46.66612],[-89.29065,46.40882],[-89.62258,46.40882],[-89.79444,46.66612]]]}},{"type":"Feature","properties":{"cell_id":166.0,"area_km2":729.0,"elevation_m":383.8285828,"longitude":-89.2098869,"latitude":46.5373807,"abundance":[0.0,0.0,0.0,0.0,0.0,0.0,0.0,0.0,0.0,0.0,0.0,0.0,0.0,0.0,0.8749331,1.3747611,1.3887618,1.2639207,1.1023115,0.9951752,0.8976074,0.7261752,0.6225343,0.6211224,0.6051589,0.690369,0.7766029,0.781855,0.7534736,0.6881203,0.6626415,0.5584931,0.5133008,0.4803358,0.4412985,0.4787723,0.4726875,0.4488523,0.3979504,0.2791397,0.0,0.0,0.0,0.0,0.0,0.0,0.0,0.0,0.0,0.0,0.0,0.0],"lower":[0.0,0.0,0.0,0.0,0.0,0.0,0.0,0.0,0.0,0.0,0.0,0.0,0.0,0.0,0.4791701,0.791502,0.8331352,0.8341816,0.7179761,0.6426682,0.5474458,0.4533491,0.4248334,0.4455715,0.4271135,0.4634717,0.5254161,0.5461168,0.5216493,0.4644569,0.4542831,0.3614746,0.3086329,0.2868929,0.262169,0.2941508,0.2791727,0.2662823,0.2135827,0.1365017,0.0,0.0,0.0,0.0,0.0,0.0,0.0,0.0,0.0,0.0,0.0,0.0],"upper":[0.0,0.0,0.0,0.0,0.0,0.0,0.0,0.0,0.0,0.0,0.0,0.0,0.0,0.0,1.3231515,2.0160501,2.0335526,1.8275138,1.5472301,1.3635787,1.217986,1.0210755,0.8876796,0.8609968,0.8463157,0.9650724,1.0680562,1.0523962,1.0175159,0.9526798,0.9198469,0.7644696,0.7068962,0.6717496,0.6602762,0.7203816,0.7049773,0.673866,0.6661288,0.5238245,0.0,0.0,0.0,0.0,0.0,0.0,0.0,0.0,0.0,0.0,0.0,0.0],"occurrence":[0.0,0.0,0.0,0.0,0.0,0.0,0.0,0.0,0.0,0.0,0.0,0.0,0.0,0.0,0.4669816,0.6451827,0.6594169,0.6449366,0.5965129,0.5777064,0.5471948,0.4907519,0.4371176,0.4324051,0.4087233,0.4375253,0.4617845,0.4613156,0.444148,0.4133444,0.4103249,0.3725437,0.3483466,0.3340094,0.3164684,0.3339725,0.3253911,0.315963,0.2897914,0.2086938,0.0,0.0,0.0,0.0,0.0,0.0,0.0,0.0,0.0,0.0,0.0,0.0],"regions":["north"]},"geometry":{"type":"Polygon","coordinates":[[[-89.46186,46.66612],[-89.12929,46.66612],[-88.95871,46.40882],[-89.29065,46.40882],[-89.46186,46.66612]]]}},{"type":"Feature","properties":{"cell_id":167.0,"area_km2":729.0,"elevation_m":406.2319336,"longitude":-88.8776341,"latitude":46.5373807,"abundance":[0.0,0.0,0.0,0.0,0.0,0.0,0.0,0.0,0.0,0.0,0.0,0.0,0.0,0.0,0.9188372,1.557027,1.5026829,1.3446941,1.2552754,1.1320246,1.0352705,0.8728423,0.7766456,0.7711527,0.7570776,0.8563366,0.9382219,0.8864156,0.8382815,0.751548,0.7296995,0.651458,0.6091297,0.580942,0.5182241,0.5573337,0.5204475,0.4802071,0.4077186,0.2867671,0.0,0.0,0.0,0.0,0.0,0.0,0.0,0.0,0.0,0.0,0.0,0.0],"lower":[0.0,0.0,0.0,0.0,0.0,0.0,0.0,0.0,0.0,0.0,0.0,0.0,0.0,0.0,0.4939413,0.8775288,0.9141766,0.8833998,0.8342236,0.7699947,0.67974,0.5597137,0.5029824,0.527239,0.5165759,0.5729221,0.6494032,0.6390275,0.6003997,0.510941,0.4982923,0.4037076,0.3439929,0.3190678,0.2838687,0.3197513,0.2853874,0.2748032,0.2250077,0.1573325,0.0,0.0,0.0,0.0,0.0,0.0,0.0,0.0,0.0,0.0,0.0,0.0],"upper":[0.0,0.0,0.0,0.0,0.0,0.0,0.0,0.0,0.0,0.0,0.0,0.0,0.0,0.0,1.414763,2.2290676,2.1793573,1.8907801,1.7670015,1.5523661,1.4145569,1.2183998,1.112654,1.0618829,1.0501024,1.193374,1.2787377,1.199001,1.1200867,1.0132403,0.9778973,0.8654052,0.8200881,0.7978697,0.7683583,0.8302133,0.7797346,0.709571,0.6660069,0.5077156,0.0,0.0,0.0,0.0,0.0,0.0,0.0,0.0,0.0,0.0,0.0,0.0],"occurrence":[0.0,0.0,0.0,0.0,0.0,0.0,0.0,0.0,0.0,0.0,0.0,0.0,0.0,0.0,0.5077062,0.7037747,0.7056307,0.6804844,0.6631037,0.64091,0.6126662,0.5876793,0.5505829,0.5407363,0.510472,0.5386574,0.5559983,0.5379506,0.5119261,0.4681198,0.4593278,0.4379995,0.416927,0.409117,0.3854458,0.4008861,0.3739219,0.3484192,0.3072931,0.2220453,0.0,0.0,0.0,0.0,0.0,0.0,0.0,0.0,0.0,0.0,0.0,0.0],"regions":["north"]},"geometry":{"type":"Polygon","coordinates":[[[-89.12929,46.66612],[-88.79672,46.66612],[-88.62677,46.40882],[-88.95871,46.40882],[-89.12929,46.66612]]]}},{"type":"Feature","properties":{"cell_id":168.0,"area_km2":729.0,"elevation_m":459.7926025,"longitude":-88.5453812,"latitude":46.5373807,"abundance":[0.0,0.0,0.0,0.0,0.0,0.0,0.0,0.0,0.0,0.0,0.0,0.0,0.0,0.0,0.8001077,1.3620982,1.3079416,1.1378539,1.0591649,0.9657711,0.8738806,0.7369021,0.6591808,0.6531224,0.6626428,0.7526236,0.8420897,0.807148,0.7346702,0.6685312,0.6395881,0.5734767,0.5530478,0.5174758,0.4759897,0.4962475,0.4431344,0.4074662,0.3446264,0.2239916,0.0,0.0,0.0,0.0,0.0,0.0,0.0,0.0,0.0,0.0,0.0,0.0],"lower":[0.0,0.0,0.0,0.0,0.0,0.0,0.0,0.0,0.0,0.0,0.0,0.0,0.0,0.0,0.4168717,0.7648279,0.8266266,0.7890408,0.7483374,0.6873661,0.5998179,0.4854224,0.4263778,0.44173,0.4518292,0.5136859,0.6157959,0.6009989,0.5362623,0.4700818,0.455407,0.3872342,0.3541959,0.3244291,0.2771365,0.2955385,0.2527555,0.2406025,0.1879691,0.1217038,0.0,0.0,0.0,0.0,0.0,0.0,0.0,0.0,0.0,0.0,0.0,0.0],"upper":[0.0,0.0,0.0,0.0,0.0,0.0,0.0,0.0,0.0,0.0,0.0,0.0,0.0,0.0,1.2344031,1.960873,1.8706874,1.6074133,1.4496455,1.2912418,1.1673843,0.9910797,0.9101975,0.8864813,0.8942416,1.0159997,1.1141636,1.0649855,0.969138,0.8837102,0.8437622,0.7513628,0.7190502,0.6829371,0.6569006,0.7012187,0.65374,0.6188731,0.5762894,0.383928,0.0,0.0,0.0,0.0,0.0,0.0,0.0,0.0,0.0,0.0,0.0,0.0],"occurrence":[0.0,0.0,0.0,0.0,0.0,0.0,0.0,0.0,0.0,0.0,0.0,0.0,0.0,0.0,0.4425819,0.6393315,0.6425807,0.594737,0.5827841,0.565259,0.535841,0.5062307,0.4747348,0.4673892,0.4559267,0.4829929,0.4983607,0.4822909,0.4478768,0.4138634,0.4103017,0.3896362,0.3835188,0.3703513,0.3554748,0.3626735,0.3293431,0.2996482,0.2626403,0.1779735,0.0,0.0,0.0,0.0,0.0,0.0,0.0,0.0,0.0,0.0,0.0,0.0],"regions":["north"]},"geometry":{"type":"Polygon","coordinates":[[[-88.79672,46.66612],[-88.46415,46.66612],[-88.29484,46.40882],[-88.62677,46.40882],[-88.79672,46.66612]]]}},{"type":"Feature","properties":{"cell_id":169.0,"area_km2":729.0,"elevation_m":512.5559692,"longitude":-88.2131284,"latitude":46.5373807,"abundance":[0.0,0.0,0.0,0.0,0.0,0.0,0.0,0.0,0.0,0.0,0.0,0.0,0.0,0.0,0.8001711,1.2961311,1.3223069,1.2217335,1.1756624,1.0698766,0.964634,0.7904351,0.7024582,0.6902866,0.715928,0.8670157,1.0097984,0.9986606,0.8905531,0.7970095,0.7378219,0.6740757,0.6400241,0.5951445,0.5546328,0.5743126,0.480476,0.4155957,0.3171449,0.1718316,0.0,0.0,0.0,0.0,0.0,0.0,0.0,0.0,0.0,0.0,0.0,0.0],"lower":[0.0,0.0,0.0,0.0,0.0,0.0,0.0,0.0,0.0,0.0,0.0,0.0,0.0,0.0,0.4340194,0.7436744,0.83695,0.8448259,0.8265358,0.7636001,0.6644066,0.5074944,0.4563141,0.4518563,0.4652358,0.5850283,0.7600757,0.7252628,0.631687,0.5598,0.5270824,0.4710894,0.4415598,0.3951032,0.3549109,0.3571801,0.2779383,0.2420413,0.1684558,0.0840619,0.0,0.0,0.0,0.0,0.0,0.0,0.0,0.0,0.0,0.0,0.0,0.0],"upper":[0.0,0.0,0.0,0.0,0.0,0.0,0.0,0.0,0.0,0.0,0.0,0.0,0.0,0.0,1.2854624,1.9469563,1.8882675,1.6857404,1.580397,1.4396874,1.3299017,1.1071117,1.0147605,0.9568986,0.9823804,1.1780121,1.3462068,1.3325361,1.232201,1.1156236,1.0334229,0.9278129,0.8597365,0.810172,0.7652872,0.8293597,0.7403767,0.6447988,0.5275207,0.2751286,0.0,0.0,0.0,0.0,0.0,0.0,0.0,0.0,0.0,0.0,0.0,0.0],"occurrence":[0.0,0.0,0.0,0.0,0.0,0.0,0.0,0.0,0.0,0.0,0.0,0.0,0.0,0.0,0.443097,0.6116346,0.6283865,0.6040893,0.6058937,0.5848265,0.5598592,0.5333175,0.5075551,0.5011318,0.493968,0.538614,0.5554968,0.5314782,0.4891168,0.4504049,0.448758,0.4339739,0.4218614,0.4027489,0.3927184,0.3971975,0.3478914,0.3027469,0.2409687,0.1363106,0.0,0.0,0.0,0.0,0.0,0.0,0.0,0.0,0.0,0.0,0.0,0.0],"regions":["north"]},"geometry":{"type":"Polygon","coordinates":[[[-88.46415,46.66612],[-88.13158,46.66612],[-87.9629,46.40882],[-88.29484,46.40882],[-88.46415,46.66612]]]}},{"type":"Feature","properties":{"cell_id":170.0,"area_km2":729.0,"elevation_m":478.5787048,"longitude":-87.8808755,"latitude":46.5373807,"abundance":[0.0,0.0,0.0,0.0,0.0,0.0,0.0,0.0,0.0,0.0,0.0,0.0,0.0,0.0,0.7510682,1.2079089,1.2358332,1.1308728,1.0877557,1.009964,0.8981171,0.7057352,0.6131751,0.6167816,0.6581678,0.7724124,0.8889335,0.8629929,0.7500476,0.6771628,0.6209633,0.5900649,0.5738302,0.520586,0.5018569,0.5225587,0.4557504,0.4088922,0.3194166,0.1428785,0.0,0.0,0.0,0.0,0.0,0.0,0.0,0.0,0.0,0.0,0.0,0.0],"lower":[0.0,0.0,0.0,0.0,0.0,0.0,0.0,0.0,0.0,0.0,0.0,0.0,0.0,0.0,0.4130549,0.7338591,0.8139125,0.7741182,0.7579814,0.7173011,0.610285,0.4536202,0.4017597,0.4003758,0.4312623,0.5144546,0.6492768,0.6189428,0.5223173,0.4660772,0.421168,0.401985,0.3903818,0.3376051,0.3290821,0.3314484,0.2764044,0.241943,0.160862,0.0652974,0.0,0.0,0.0,0.0,0.0,0.0,0.0,0.0,0.0,0.0,0.0,0.0],"upper":[0.0,0.0,0.0,0.0,0.0,0.0,0.0,0.0,0.0,0.0,0.0,0.0,0.0,0.0,1.1727148,1.8165948,1.7729659,1.5895125,1.4996684,1.3441199,1.2240716,0.9930741,0.8898481,0.860009,0.8883605,1.0599451,1.1970041,1.1749226,1.0574812,0.9393872,0.8489928,0.7949876,0.758226,0.7092928,0.680114,0.7350373,0.6744465,0.6211244,0.5118257,0.2348357,0.0,0.0,0.0,0.0,0.0,0.0,0.0,0.0,0.0,0.0,0.0,0.0],"occurrence":[0.0,0.0,0.0,0.0,0.0,0.0,0.0,0.0,0.0,0.0,0.0,0.0,0.0,0.0,0.4593051,0.6342617,0.6432822,0.6155333,0.6094335,0.5703038,0.5262484,0.5131442,0.4639373,0.463837,0.4673312,0.5088717,0.5268773,0.5101676,0.4643402,0.4230693,0.4144211,0.4087805,0.4003245,0.3737845,0.3773042,0.3855981,0.3455455,0.3133869,0.2510961,0.1174947,0.0,0.0,0.0,0.0,0.0,0.0,0.0,0.0,0.0,0.0,0.0,0.0],"regions":["north"]},"geometry":{"type":"Polygon","coordinates":[[[-88.13158,46.66612],[-87.799,46.66612],[-87.63097,46.40882],[-87.9629,46.40882],[-88.13158,46.66612]]]}},{"type":"Feature","properties":{"cell_id":171.0,"area_km2":729.0,"elevation_m":352.3815613,"longitude":-87.5486227,"latitude":46.5373807,"abundance":[0.0,0.0,0.0,0.0,0.0,0.0,0.0,0.0,0.0,0.0,0.0,0.0,0.0,0.0,0.7468161,1.153019,1.1174598,0.9895407,0.9317341,0.8962235,0.8113938,0.6074806,0.5229543,0.5116223,0.5293529,0.581175,0.6433027,0.6448303,0.5469526,0.4788604,0.4299142,0.4138064,0.4058314,0.3686386,0.362529,0.3784633,0.3736761,0.3594666,0.2944598,0.1542028,0.0022939,0.0,0.0,0.0,0.0,0.0,0.0,0.0,0.0,0.0,0.0,0.0],"lower":[0.0,0.0,0.0,0.0,0.0,0.0,0.0,0.0,0.0,0.0,0.0,0.0,0.0,0.0,0.4680483,0.7792115,0.7809997,0.6946453,0.6779268,0.6538194,0.571897,0.4298506,0.3753667,0.3679718,0.3797059,0.411249,0.4630385,0.4645881,0.3912744,0.3192385,0.2884823,0.2725949,0.2656691,0.2421118,0.2428088,0.2483622,0.2435264,0.2212205,0.153998,0.0743826,0.0006842,0.0,0.0,0.0,0.0,0.0,0.0,0.0,0.0,0.0,0.0,0.0],"upper":[0.0,0.0,0.0,0.0,0.0,0.0,0.0,0.0,0.0,0.0,0.0,0.0,0.0,0.0,1.1234403,1.663962,1.5765423,1.3958839,1.2958553,1.204407,1.102726,0.8375064,0.7289649,0.7022497,0.7147013,0.7964437,0.8583471,0.8727474,0.7442915,0.6484537,0.5871718,0.5772617,0.5587859,0.5180575,0.5116211,0.53851,0.5424485,0.5396615,0.4684279,0.2789946,0.0051805,0.0,0.0,0.0,0.0,0.0,0.0,0.0,0.0,0.0,0.0,0.0],"occurrence":[0.0,0.0,0.0,0.0,0.0,0.0,0.0,0.0,0.0,0.0,0.0,0.0,0.0,0.0,0.4578828,0.6115677,0.6093628,0.5691086,0.5601425,0.5275905,0.4843896,0.4424479,0.3966968,0.3820375,0.3765563,0.4006574,0.418411,0.4229667,0.3702608,0.3193923,0.2879593,0.2824964,0.2792286,0.2626543,0.2742652,0.2896403,0.286012,0.2781436,0.2310857,0.1208155,0.0015092,0.0,0.0,0.0,0.0,0.0,0.0,0.0,0.0,0.0,0.0,0.0],"regions":["north"]},"geometry":{"type":"Polygon","coordinates":[[[-87.799,46.66612],[-87.46643,46.66612],[-87.29903,46.40882],[-87.63097,46.40882],[-87.799,46.66612]]]}},{"type":"Feature","properties":{"cell_id":172.0,"area_km2":729.0,"elevation_m":222.5103912,"longitude":-87.2163699,"latitude":46.5373807,"abundance":[0.0,0.0,0.0,0.0,0.0,0.0,0.0,0.0,0.0,0.0,0.0,0.0,0.0,0.0,0.6750346,1.0195918,0.9840692,0.6911512,0.5947193,0.6061891,0.5536153,0.4291767,0.3851547,0.3673442,0.3639857,0.3700847,0.3596212,0.331917,0.2649432,0.2300327,0.2382859,0.2240922,0.2512702,0.2082495,0.1777944,0.1754238,0.189014,0.2455278,0.3209713,0.2463325,0.0055321,0.0,0.0,0.0,0.0,0.0,0.0,0.0,0.0,0.0,0.0,0.0],"lower":[0.0,0.0,0.0,0.0,0.0,0.0,0.0,0.0,0.0,0.0,0.0,0.0,0.0,0.0,0.4025355,0.682941,0.665315,0.4977164,0.450389,0.4582166,0.3945163,0.3122672,0.2702678,0.2586972,0.247894,0.2492329,0.2430666,0.2236862,0.170223,0.1467295,0.1504187,0.1358393,0.1541092,0.1163128,0.0987912,0.0974689,0.1102497,0.1405679,0.1949076,0.1308977,0.0021514,0.0,0.0,0.0,0.0,0.0,0.0,0.0,0.0,0.0,0.0,0.0],"upper":[0.0,0.0,0.0,0.0,0.0,0.0,0.0,0.0,0.0,0.0,0.0,0.0,0.0,0.0,1.042822,1.5183954,1.4444908,1.0023407,0.8130636,0.8210682,0.7579899,0.5883859,0.5363053,0.5027599,0.4946484,0.5099755,0.4932141,0.4516027,0.3885272,0.3273472,0.3321438,0.3069544,0.3443632,0.3019518,0.270366,0.2722621,0.2881657,0.3870243,0.524896,0.4242311,0.0131801,0.0,0.0,0.0,0.0,0.0,0.0,0.0,0.0,0.0,0.0,0.0],"occurrence":[0.0,0.0,0.0,0.0,0.0,0.0,0.0,0.0,0.0,0.0,0.0,0.0,0.0,0.0,0.3838175,0.5365269,0.5291066,0.3854476,0.3514691,0.3490426,0.3301287,0.301909,0.2840863,0.2677678,0.2564013,0.2539309,0.2397305,0.2133408,0.1738424,0.1503477,0.1593023,0.1511382,0.1719007,0.1464035,0.1332785,0.1356785,0.1445498,0.1848313,0.2286412,0.1701899,0.0034308,0.0,0.0,0.0,0.0,0.0,0.0,0.0,0.0,0.0,0.0,0.0],"regions":["north"]},"geometry":{"type":"Polygon","coordinates":[[[-87.46643,46.66612],[-87.13386,46.66612],[-86.9671,46.40882],[-87.29903,46.40882],[-87.46643,46.66612]]]}},{"type":"Feature","properties":{"cell_id":173.0,"area_km2":729.0,"elevation_m":205.0184784,"longitude":-86.884117,"latitude":46.5373807,"abundance":[0.0,0.0,0.0,0.0,0.0,0.0,0.0,0.0,0.0,0.0,0.0,0.0,0.0,0.0,0.7419785,1.0380747,1.0252395,0.8267487,0.6267872,0.5811265,0.5169491,0.3762091,0.3334871,0.3127509,0.3219082,0.3095199,0.3027749,0.308098,0.2438336,0.2098322,0.2068767,0.1844174,0.169615,0.1441006,0.1374634,0.1518645,0.1967289,0.2686814,0.3279584,0.2778161,0.0045957,0.0,0.0,0.0,0.0,0.0,0.0,0.0,0.0,0.0,0.0,0.0],"lower":[0.0,0.0,0.0,0.0,0.0,0.0,0.0,0.0,0.0,0.0,0.0,0.0,0.0,0.0,0.4488008,0.67915,0.6745989,0.571559,0.4512777,0.4176176,0.3609639,0.2738006,0.2405442,0.2287272,0.2324823,0.2166371,0.2185278,0.2183419,0.1611924,0.1411974,0.1405529,0.1180106,0.106307,0.0856071,0.0824391,0.0901255,0.1125554,0.1484196,0.1895217,0.1424882,0.0010397,0.0,0.0,0.0,0.0,0.0,0.0,0.0,0.0,0.0,0.0,0.0],"upper":[0.0,0.0,0.0,0.0,0.0,0.0,0.0,0.0,0.0,0.0,0.0,0.0,0.0,0.0,1.1990471,1.5525807,1.5047787,1.2146109,0.8690007,0.7983973,0.7070183,0.5264995,0.4623893,0.4188313,0.4359295,0.4213447,0.417177,0.4186743,0.3337292,0.2908057,0.2841738,0.2520231,0.2346795,0.2152725,0.2131782,0.233431,0.2982061,0.4283533,0.5270738,0.4932187,0.009924,0.0,0.0,0.0,0.0,0.0,0.0,0.0,0.0,0.0,0.0,0.0],"occurrence":[0.0,0.0,0.0,0.0,0.0,0.0,0.0,0.0,0.0,0.0,0.0,0.0,0.0,0.0,0.4312001,0.5425736,0.5419747,0.4520388,0.3637699,0.3331207,0.3070952,0.2643311,0.2533568,0.2305778,0.2256722,0.2132419,0.2055371,0.1985785,0.1621341,0.1376042,0.1346667,0.1223787,0.116016,0.1020688,0.1022046,0.1158263,0.1511513,0.202051,0.2331139,0.1960351,0.0025636,0.0,0.0,0.0,0.0,0.0,0.0,0.0,0.0,0.0,0.0,0.0],"regions":["north"]},"geometry":{"type":"Polygon","coordinates":[[[-87.13386,46.66612],[-86.80129,46.66612],[-86.63516,46.40882],[-86.9671,46.40882],[-87.13386,46.66612]]]}},{"type":"Feature","properties":{"cell_id":174.0,"area_km2":729.0,"elevation_m":214.9288025,"longitude":-86.5518642,"latitude":46.5373807,"abundance":[0.0,0.0,0.0,0.0,0.0,0.0,0.0,0.0,0.0,0.0,0.0,0.0,0.0,0.0,0.7620584,1.1095414,1.1380631,1.0127839,0.9036318,0.8382154,0.7616969,0.5892364,0.4713995,0.4739404,0.4897885,0.4789323,0.4809457,0.4446161,0.3725387,0.3431888,0.3157564,0.2818651,0.266277,0.2299941,0.2332833,0.2320844,0.2452927,0.2755286,0.3071946,0.2228703,0.0,0.0,0.0,0.0,0.0,0.0,0.0,0.0,0.0,0.0,0.0,0.0],"lower":[0.0,0.0,0.0,0.0,0.0,0.0,0.0,0.0,0.0,0.0,0.0,0.0,0.0,0.0,0.4063262,0.6965232,0.7609168,0.7027562,0.6562293,0.6138788,0.5363795,0.4219626,0.3392259,0.3432756,0.3640661,0.3447973,0.3498392,0.3135451,0.2550011,0.235093,0.2015735,0.1782928,0.1655593,0.1249112,0.1293918,0.1177814,0.1269766,0.156236,0.1719746,0.1046583,0.0,0.0,0.0,0.0,0.0,0.0,0.0,0.0,0.0,0.0,0.0,0.0],"upper":[0.0,0.0,0.0,0.0,0.0,0.0,0.0,0.0,0.0,0.0,0.0,0.0,0.0,0.0,1.2233014,1.6364067,1.6758016,1.4522432,1.2314817,1.1649982,1.031491,0.7966378,0.6441955,0.6362641,0.6657509,0.6472559,0.6566583,0.6108842,0.5243198,0.4781721,0.4438022,0.3863637,0.3678399,0.3436874,0.3523417,0.3665124,0.3981164,0.4469214,0.4920782,0.3996502,0.0,0.0,0.0,0.0,0.0,0.0,0.0,0.0,0.0,0.0,0.0,0.0],"occurrence":[0.0,0.0,0.0,0.0,0.0,0.0,0.0,0.0,0.0,0.0,0.0,0.0,0.0,0.0,0.4384233,0.5772488,0.5804718,0.5303941,0.5188583,0.480886,0.4585379,0.4039386,0.3407305,0.341262,0.3376003,0.3309132,0.3258778,0.2882881,0.2418975,0.2258059,0.2108087,0.193534,0.188203,0.1630639,0.1673834,0.1729845,0.1833261,0.2105046,0.2279468,0.1665682,0.0,0.0,0.0,0.0,0.0,0.0,0.0,0.0,0.0,0.0,0.0,0.0],"regions":["north"]},"geometry":{"type":"Polygon","coordinates":[[[-86.80129,46.66612],[-86.46872,46.66612],[-86.30323,46.40882],[-86.63516,46.40882],[-86.80129,46.66612]]]}},{"type":"Feature","properties":{"cell_id":175.0,"area_km2":729.0,"elevation_m":247.7929993,"longitude":-86.2196114,"latitude":46.5373807,"abundance":[0.0,0.0,0.0,0.0,0.0,0.0,0.0,0.0,0.0,0.0,0.0,0.0,0.0,0.0,0.6701513,1.0313325,1.0810736,1.0029044,0.902703,0.8624489,0.7746027,0.5943446,0.4838012,0.453628,0.4759808,0.4441191,0.449559,0.4449249,0.3787342,0.3749619,0.3603359,0.3417152,0.329616,0.2831547,0.2844776,0.287156,0.2833313,0.3027636,0.2908495,0.1957448,0.0,0.0,0.0,0.0,0.0,0.0,0.0,0.0,0.0,0.0,0.0,0.0],"lower":[0.0,0.0,0.0,0.0,0.0,0.0,0.0,0.0,0.0,0.0,0.0,0.0,0.0,0.0,0.3512441,0.6184373,0.6916233,0.6726967,0.6331859,0.5960028,0.522361,0.413992,0.3360432,0.3219533,0.340013,0.3062414,0.308155,0.2963799,0.2471233,0.2395434,0.2166149,0.2045454,0.2008336,0.1518502,0.1489381,0.1390918,0.1381809,0.1614347,0.1543327,0.0814569,0.0,0.0,0.0,0.0,0.0,0.0,0.0,0.0,0.0,0.0,0.0,0.0],"upper":[0.0,0.0,0.0,0.0,0.0,0.0,0.0,0.0,0.0,0.0,0.0,0.0,0.0,0.0,1.0725689,1.5496954,1.6316257,1.4711831,1.2586949,1.2392286,1.0876654,0.8196909,0.6879581,0.6287017,0.6643659,0.6116449,0.6317943,0.6418222,0.5557682,0.5371711,0.5094084,0.4707917,0.4593742,0.4237083,0.4291624,0.4639466,0.4760411,0.4823723,0.465426,0.3409322,0.0,0.0,0.0,0.0,0.0,0.0,0.0,0.0,0.0,0.0,0.0,0.0],"occurrence":[0.0,0.0,0.0,0.0,0.0,0.0,0.0,0.0,0.0,0.0,0.0,0.0,0.0,0.0,0.4065573,0.5615187,0.5784309,0.541167,0.522077,0.496512,0.4637924,0.409568,0.3576438,0.3348109,0.3447531,0.3180658,0.3129131,0.2934527,0.2481377,0.2466043,0.2407153,0.2384548,0.2380737,0.203733,0.2018715,0.2120808,0.2109065,0.2301856,0.2294218,0.1585211,0.0,0.0,0.0,0.0,0.0,0.0,0.0,0.0,0.0,0.0,0.0,0.0],"regions":["north"]},"geometry":{"type":"Polygon","coordinates":[[[-86.46872,46.66612],[-86.13614,46.66612],[-85.97129,46.40882],[-86.30323,46.40882],[-86.46872,46.66612]]]}},{"type":"Feature","properties":{"cell_id":176.0,"area_km2":729.0,"elevation_m":255.5769348,"longitude":-85.8873585,"latitude":46.5373807,"abundance":[0.0,0.0,0.0,0.0,0.0,0.0,0.0,0.0,0.0,0.0,0.0,0.0,0.0,0.0,0.7538175,1.15257,1.2458196,1.1567328,1.0465612,1.0096567,0.921807,0.7502704,0.6543437,0.6131491,0.6317485,0.6154298,0.6253358,0.6156933,0.5443065,0.5061561,0.4917923,0.4466993,0.4273549,0.3833119,0.3809173,0.3757125,0.3368302,0.312797,0.2928376,0.1866968,0.0,0.0,0.0,0.0,0.0,0.0,0.0,0.0,0.0,0.0,0.0,0.0],"lower":[0.0,0.0,0.0,0.0,0.0,0.0,0.0,0.0,0.0,0.0,0.0,0.0,0.0,0.0,0.4048891,0.7016093,0.8184239,0.7952412,0.7543727,0.7270395,0.6506445,0.532926,0.45899,0.4370212,0.4554567,0.4283717,0.4479292,0.4232025,0.3682614,0.3370673,0.3025132,0.2710778,0.2644383,0.2146046,0.2029861,0.1891203,0.1550035,0.1604686,0.1555893,0.0736044,0.0,0.0,0.0,0.0,0.0,0.0,0.0,0.0,0.0,0.0,0.0,0.0],"upper":[0.0,0.0,0.0,0.0,0.0,0.0,0.0,0.0,0.0,0.0,0.0,0.0,0.0,0.0,1.1838522,1.7363344,1.8837134,1.6812332,1.4427885,1.4066452,1.2594761,1.020504,0.9194523,0.8401348,0.8742512,0.8551015,0.8749646,0.8722858,0.7922661,0.7252394,0.6975327,0.6110434,0.5903856,0.5663843,0.5651053,0.5862384,0.5563406,0.5101322,0.4888881,0.346985,0.0,0.0,0.0,0.0,0.0,0.0,0.0,0.0,0.0,0.0,0.0,0.0],"occurrence":[0.0,0.0,0.0,0.0,0.0,0.0,0.0,0.0,0.0,0.0,0.0,0.0,0.0,0.0,0.4543619,0.6116526,0.6276431,0.5928109,0.5967773,0.5772246,0.5505032,0.5075552,0.4779878,0.4434913,0.4442615,0.4368508,0.4314939,0.3984842,0.347428,0.3242544,0.3268534,0.3085476,0.3029609,0.2727555,0.2670077,0.2698564,0.2462465,0.2393418,0.2332425,0.1565593,0.0,0.0,0.0,0.0,0.0,0.0,0.0,0.0,0.0,0.0,0.0,0.0],"regions":["north"]},"geometry":{"type":"Polygon","coordinates":[[[-86.13614,46.66612],[-85.80357,46.66612],[-85.63935,46.40882],[-85.97129,46.40882],[-86.13614,46.66612]]]}},{"type":"Feature","properties":{"cell_id":177.0,"area_km2":729.0,"elevation_m":236.7635498,"longitude":-85.5551057,"latitude":46.5373807,"abundance":[0.0,0.0,0.0,0.0,0.0,0.0,0.0,0.0,0.0,0.0,0.0,0.0,0.0,0.0,0.6213806,0.996569,1.0381758,0.9742435,0.8871229,0.8508922,0.6857555,0.5346342,0.4310687,0.3582089,0.3821217,0.3691087,0.382962,0.3910003,0.324298,0.3154987,0.3699368,0.3590143,0.3530515,0.3141895,0.2731543,0.2919384,0.2817143,0.2679114,0.272105,0.1754967,0.0,0.0,0.0,0.0,0.0,0.0,0.0,0.0,0.0,0.0,0.0,0.0],"lower":[0.0,0.0,0.0,0.0,0.0,0.0,0.0,0.0,0.0,0.0,0.0,0.0,0.0,0.0,0.3285059,0.5953206,0.6538121,0.613567,0.5659741,0.5617992,0.4489197,0.350454,0.2821097,0.2490448,0.2605373,0.2377322,0.2512356,0.2495958,0.2055265,0.1924323,0.2108001,0.2085299,0.2135781,0.1633235,0.1280149,0.1264905,0.1135414,0.1238732,0.1380698,0.0728047,0.0,0.0,0.0,0.0,0.0,0.0,0.0,0.0,0.0,0.0,0.0,0.0],"upper":[0.0,0.0,0.0,0.0,0.0,0.0,0.0,0.0,0.0,0.0,0.0,0.0,0.0,0.0,1.0166478,1.5161185,1.5253235,1.4097729,1.271575,1.2216597,0.9585192,0.7573492,0.6378378,0.5040523,0.5336391,0.5125684,0.552116,0.5680327,0.4783507,0.458345,0.5356551,0.5037975,0.5040618,0.4586689,0.4105667,0.4563195,0.4674043,0.4356414,0.4535167,0.3185351,0.0,0.0,0.0,0.0,0.0,0.0,0.0,0.0,0.0,0.0,0.0,0.0],"occurrence":[0.0,0.0,0.0,0.0,0.0,0.0,0.0,0.0,0.0,0.0,0.0,0.0,0.0,0.0,0.390604,0.5531508,0.5547249,0.5366585,0.5248597,0.5054008,0.4246394,0.376916,0.3312899,0.2777945,0.2906189,0.2775316,0.2819396,0.2743975,0.2241748,0.21896,0.2595136,0.2640114,0.2655572,0.2335979,0.1970079,0.2157764,0.2120982,0.2068676,0.2249503,0.1527282,0.0,0.0,0.0,0.0,0.0,0.0,0.0,0.0,0.0,0.0,0.0,0.0],"regions":["north"]},"geometry":{"type":"Polygon","coordinates":[[[-85.80357,46.66612],[-85.471,46.66612],[-85.30742,46.40882],[-85.63935,46.40882],[-85.80357,46.66612]]]}},{"type":"Feature","properties":{"cell_id":178.0,"area_km2":729.0,"elevation_m":224.3006897,"longitude":-85.2228528,"latitude":46.5373807,"abundance":[0.0,0.0,0.0,0.0,0.0,0.0,0.0,0.0,0.0,0.0,0.0,0.0,0.0,0.0,0.6641684,1.0821824,1.1492971,1.1185117,1.0248511,0.9899936,0.8258342,0.6469698,0.5686163,0.4921437,0.5312574,0.5141708,0.5264993,0.529253,0.453306,0.4053571,0.3890586,0.3528302,0.3552684,0.3278715,0.290953,0.3016612,0.2817355,0.2663739,0.2736579,0.1773422,0.0,0.0,0.0,0.0,0.0,0.0,0.0,0.0,0.0,0.0,0.0,0.0],"lower":[0.0,0.0,0.0,0.0,0.0,0.0,0.0,0.0,0.0,0.0,0.0,0.0,0.0,0.0,0.3711512,0.6665732,0.7880874,0.7730017,0.7000004,0.7005597,0.5568518,0.436134,0.3802764,0.3457575,0.3739732,0.3495046,0.3685529,0.3644741,0.3048671,0.2697353,0.2519504,0.2275681,0.2362151,0.1956411,0.149257,0.1456754,0.1245919,0.1344338,0.1462519,0.0754618,0.0,0.0,0.0,0.0,0.0,0.0,0.0,0.0,0.0,0.0,0.0,0.0],"upper":[0.0,0.0,0.0,0.0,0.0,0.0,0.0,0.0,0.0,0.0,0.0,0.0,0.0,0.0,1.0667654,1.5832046,1.664288,1.5495256,1.4098861,1.3618271,1.1197793,0.885742,0.8058839,0.6838266,0.7394314,0.7079574,0.7399041,0.7325826,0.6375371,0.5734767,0.5559638,0.4847141,0.4920409,0.4577377,0.423507,0.4500186,0.4479328,0.4272853,0.4392796,0.3120705,0.0,0.0,0.0,0.0,0.0,0.0,0.0,0.0,0.0,0.0,0.0,0.0],"occurrence":[0.0,0.0,0.0,0.0,0.0,0.0,0.0,0.0,0.0,0.0,0.0,0.0,0.0,0.0,0.3984764,0.5640059,0.581763,0.5716221,0.5706833,0.5562753,0.4932458,0.4313684,0.4147597,0.3575126,0.3770859,0.3672957,0.3690548,0.3480801,0.2958729,0.2647868,0.2660811,0.2501993,0.2544057,0.2292899,0.1981934,0.2093417,0.1995332,0.1960437,0.21487,0.1461687,0.0,0.0,0.0,0.0,0.0,0.0,0.0,0.0,0.0,0.0,0.0,0.0],"regions":["north"]},"geometry":{"type":"Polygon","coordinates":[[[-85.471,46.66612],[-85.13843,46.66612],[-84.97548,46.40882],[-85.30742,46.40882],[-85.471,46.66612]]]}},{"type":"Feature","properties":{"cell_id":179.0,"area_km2":729.0,"elevation_m":205.2422943,"longitude":-84.8906,"latitude":46.5373807,"abundance":[0.0,0.0,0.0,0.0,0.0,0.0,0.0,0.0,0.0,0.0,0.0,0.0,0.0,0.0,0.6048787,0.9066508,0.9462909,0.821321,0.6652303,0.6221393,0.4986887,0.3787853,0.4195106,0.2755165,0.29271,0.2784929,0.2771918,0.2710165,0.2313701,0.2122189,0.2045121,0.185472,0.1864235,0.1742966,0.1499699,0.1923099,0.2142353,0.2600762,0.2689562,0.1751598,0.0296948,0.0,0.0,0.0,0.0,0.0,0.0,0.0,0.0,0.0,0.0,0.0],"lower":[0.0,0.0,0.0,0.0,0.0,0.0,0.0,0.0,0.0,0.0,0.0,0.0,0.0,0.0,0.3397295,0.5608137,0.6121585,0.5142251,0.4295326,0.4139872,0.3319121,0.2467231,0.2432855,0.1874157,0.19785,0.1875144,0.1925847,0.1831495,0.1494539,0.1385676,0.1339944,0.123185,0.1242127,0.1158546,0.0877532,0.1048002,0.1000822,0.1373249,0.1412268,0.0739775,0.0130873,0.0,0.0,0.0,0.0,0.0,0.0,0.0,0.0,0.0,0.0,0.0],"upper":[0.0,0.0,0.0,0.0,0.0,0.0,0.0,0.0,0.0,0.0,0.0,0.0,0.0,0.0,0.9979407,1.3326403,1.3748131,1.1912522,0.9237267,0.8757135,0.7089776,0.5309542,0.6281806,0.3910592,0.4094562,0.3926275,0.4017737,0.3958856,0.3527269,0.3180323,0.2982088,0.2589696,0.2565578,0.2388868,0.2081812,0.2752675,0.325234,0.4052639,0.4203809,0.3079548,0.0539133,0.0,0.0,0.0,0.0,0.0,0.0,0.0,0.0,0.0,0.0,0.0],"occurrence":[0.0,0.0,0.0,0.0,0.0,0.0,0.0,0.0,0.0,0.0,0.0,0.0,0.0,0.0,0.346868,0.451394,0.4654835,0.4131362,0.3689063,0.3575327,0.3120407,0.2656338,0.3066292,0.2093394,0.2126569,0.1997265,0.1925841,0.1747589,0.1441062,0.1315689,0.1314149,0.1257558,0.1291634,0.1198588,0.1021887,0.1349815,0.1543909,0.184871,0.2019981,0.1366678,0.0233715,0.0,0.0,0.0,0.0,0.0,0.0,0.0,0.0,0.0,0.0,0.0],"regions":["north"]},"geometry":{"type":"Polygon","coordinates":[[[-85.13843,46.66612],[-84.80586,46.66612],[-84.64355,46.40882],[-84.97548,46.40882],[-85.13843,46.66612]]]}},{"type":"Feature","properties":{"cell_id":180.0,"area_km2":283.0148638,"elevation_m":221.7035828,"longitude":-84.5422435,"latitude":46.4722993,"abundance":[0.0,0.0,0.0,0.0,0.0,0.0,0.0,0.0,0.0,0.0,0.0,0.0,0.0,0.0,0.6170656,0.9127693,1.0033208,0.8649584,0.8340315,0.7372566,0.5771848,0.4307323,0.4113961,0.2620116,0.2517897,0.2543835,0.2698789,0.2801837,0.2443957,0.2067456,0.2052691,0.1846723,0.1904497,0.1885263,0.1688531,0.2249935,0.2332218,0.2564747,0.2536623,0.1209143,0.0115563,0.0,0.0,0.0,0.0,0.0,0.0,0.0,0.0,0.0,0.0,0.0],"lower":[0.0,0.0,0.0,0.0,0.0,0.0,0.0,0.0,0.0,0.0,0.0,0.0,0.0,0.0,0.3679668,0.6088245,0.6848311,0.5949088,0.5685809,0.5184203,0.3866166,0.2879256,0.2653381,0.1929088,0.1856507,0.1834274,0.1896387,0.1969268,0.16853,0.1431611,0.1401835,0.1278382,0.1307517,0.1203018,0.0937251,0.1218209,0.1158442,0.1264232,0.1290682,0.0501563,0.0037486,0.0,0.0,0.0,0.0,0.0,0.0,0.0,0.0,0.0,0.0,0.0],"upper":[0.0,0.0,0.0,0.0,0.0,0.0,0.0,0.0,0.0,0.0,0.0,0.0,0.0,0.0,0.9343551,1.318651,1.4337112,1.2186817,1.1808676,1.0346569,0.7824574,0.5934536,0.5922571,0.359886,0.3448884,0.3577481,0.3891309,0.3884512,0.3352732,0.284678,0.2762892,0.2420413,0.2515789,0.2555629,0.239675,0.3279523,0.3545309,0.3973801,0.4034199,0.2143697,0.0208915,0.0,0.0,0.0,0.0,0.0,0.0,0.0,0.0,0.0,0.0,0.0],"occurrence":[0.0,0.0,0.0,0.0,0.0,0.0,0.0,0.0,0.0,0.0,0.0,0.0,0.0,0.0,0.3646779,0.4834719,0.5150911,0.4508042,0.4770894,0.4392164,0.3720482,0.3015982,0.3135302,0.2067989,0.1918264,0.1914523,0.1984193,0.1897651,0.1605121,0.1348013,0.1323468,0.1243562,0.1343829,0.1349012,0.1213389,0.1622584,0.1735923,0.1897333,0.1965211,0.0970708,0.0091694,0.0,0.0,0.0,0.0,0.0,0.0,0.0,0.0,0.0,0.0,0.0],"regions":["north"]},"geometry":{"type":"Polygon","coordinates":[[[-84.80586,46.66612],[-84.78999,46.66612],[-84.77941,46.63728],[-84.66578,46.54325],[-84.56175,46.45737],[-84.50158,46.46187],[-84.4405,46.49814],[-84.40171,46.51561],[-84.37918,46.51661],[-84.31161,46.40882],[-84.64355,46.40882],[-84.80586,46.66612]]]}},{"type":"Feature","properties":{"cell_id":181.0,"area_km2":229.3582959,"elevation_m":252.9192505,"longitude":-84.2366055,"latitude":46.4764124,"abundance":[0.0,0.0,0.0,0.0,0.0,0.0,0.0,0.0,0.0,0.0,0.0,0.0,0.0,0.0,0.6954864,1.0459312,1.1722769,1.1398549,1.0429189,0.9502586,0.7973602,0.5988769,0.4852921,0.3942138,0.3821261,0.3926254,0.4473485,0.4458192,0.3929476,0.3409952,0.3241769,0.2983088,0.2920195,0.2956018,0.2801805,0.306823,0.2913601,0.2499148,0.2324382,0.0635057,0.0016608,0.0,0.0,0.0,0.0,0.0,0.0,0.0,0.0,0.0,0.0,0.0],"lower":[0.0,0.0,0.0,0.0,0.0,0.0,0.0,0.0,0.0,0.0,0.0,0.0,0.0,0.0,0.424112,0.7066135,0.8435146,0.827967,0.7409297,0.6932727,0.5505648,0.4143007,0.3542566,0.3023763,0.2887648,0.2903181,0.3244209,0.3197865,0.2738514,0.2340343,0.222825,0.2141249,0.2125955,0.2070688,0.1780118,0.1983323,0.1649884,0.1197532,0.1061654,0.0255687,0.0002755,0.0,0.0,0.0,0.0,0.0,0.0,0.0,0.0,0.0,0.0,0.0],"upper":[0.0,0.0,0.0,0.0,0.0,0.0,0.0,0.0,0.0,0.0,0.0,0.0,0.0,0.0,1.0382612,1.4985901,1.6211545,1.551422,1.4290928,1.3162591,1.0792689,0.8104728,0.6762958,0.5326246,0.5223781,0.5460846,0.6386633,0.6204762,0.5437264,0.4746042,0.4458783,0.3937764,0.3838463,0.3976634,0.3896634,0.4310179,0.4363519,0.3801538,0.3774838,0.1149602,0.0036463,0.0,0.0,0.0,0.0,0.0,0.0,0.0,0.0,0.0,0.0,0.0],"occurrence":[0.0,0.0,0.0,0.0,0.0,0.0,0.0,0.0,0.0,0.0,0.0,0.0,0.0,0.0,0.4105566,0.549824,0.5886397,0.5686001,0.5660931,0.5417051,0.5004647,0.4137101,0.3725571,0.3070219,0.2892747,0.2947395,0.3280132,0.3038254,0.2581014,0.2198678,0.2031787,0.1955172,0.2057471,0.2095117,0.1965326,0.2140246,0.2060679,0.1811385,0.1751454,0.0516291,0.0013807,0.0,0.0,0.0,0.0,0.0,0.0,0.0,0.0,0.0,0.0,0.0],"regions":["north"]},"geometry":{"type":"Polygon","coordinates":[[[-84.37918,46.51661],[-84.33671,46.5185],[-84.19217,46.54956],[-84.14948,46.54277],[-84.12522,46.52723],[-84.12318,46.50295],[-84.12814,46.4836],[-84.15047,46.44479],[-84.13329,46.40882],[-84.31161,46.40882],[-84.37918,46.51661]]]}},{"type":"Feature","properties":{"cell_id":186.0,"area_km2":161.1491589,"elevation_m":494.4084778,"longitude":-90.0192354,"latitude":46.3626955,"abundance":[0.0,0.0,0.0,0.0,0.0,0.0,0.0,0.0,0.0,0.0,0.0,0.0,0.0,0.0,0.8892285,1.2897247,1.3652529,1.2154623,0.9821138,0.8245015,0.7079294,0.5744228,0.5083507,0.5132753,0.5378113,0.6205705,0.692433,0.7223721,0.7364493,0.7098814,0.6965518,0.6023699,0.5493008,0.46581,0.4144564,0.4271249,0.3763924,0.3406207,0.3343486,0.1967768,0.0,0.0,0.0,0.0,0.0,0.0,0.0,0.0,0.0,0.0,0.0,0.0],"lower":[0.0,0.0,0.0,0.0,0.0,0.0,0.0,0.0,0.0,0.0,0.0,0.0,0.0,0.0,0.5523252,0.8757579,0.9241564,0.8517177,0.6635824,0.5726997,0.4937236,0.4170552,0.3811675,0.3897978,0.4107383,0.4691024,0.5077126,0.5433444,0.5709611,0.5546813,0.5365973,0.4404894,0.3763584,0.316587,0.2702465,0.2909716,0.2547804,0.2327183,0.2168413,0.1202788,0.0,0.0,0.0,0.0,0.0,0.0,0.0,0.0,0.0,0.0,0.0,0.0],"upper":[0.0,0.0,0.0,0.0,0.0,0.0,0.0,0.0,0.0,0.0,0.0,0.0,0.0,0.0,1.2956294,1.8362411,2.0330875,1.7460897,1.3584583,1.1111183,0.9769675,0.805402,0.690558,0.6704005,0.7059492,0.8314127,0.9335729,0.9641618,0.9400918,0.9176471,0.8977226,0.7756714,0.7310099,0.6529972,0.6082333,0.6171556,0.53961,0.4808388,0.4801493,0.2992423,0.0,0.0,0.0,0.0,0.0,0.0,0.0,0.0,0.0,0.0,0.0,0.0],"occurrence":[0.0,0.0,0.0,0.0,0.0,0.0,0.0,0.0,0.0,0.0,0.0,0.0,0.0,0.0,0.4917393,0.6371018,0.6593141,0.6098415,0.5596148,0.521341,0.4874028,0.405834,0.3668396,0.3678758,0.3687828,0.3986259,0.4323604,0.4455738,0.4437549,0.4330051,0.4438156,0.4079467,0.3717615,0.3230718,0.2955536,0.2981246,0.2554902,0.2351339,0.2376364,0.1477826,0.0,0.0,0.0,0.0,0.0,0.0,0.0,0.0,0.0,0.0,0.0,0.0],"regions":["north"]},"geometry":{"type":"Polygon","coordinates":[[[-89.95452,46.40882],[-89.87904,46.29553],[-89.99365,46.31758],[-90.11855,46.34166],[-90.14651,46.38368],[-90.16322,46.40882],[-89.95452,46.40882]]]}},{"type":"Feature","properties":{"cell_id":187.0,"area_km2":425.6254765,"elevation_m":495.6993408,"longitude":-89.7241508,"latitude":46.3323435,"abundance":[0.0,0.0,0.0,0.0,0.0,0.0,0.0,0.0,0.0,0.0,0.0,0.0,0.0,0.0,0.9671503,1.4804679,1.5275719,1.3411635,1.1619161,1.0016891,0.8940167,0.7377177,0.6737422,0.6862038,0.7010907,0.8023245,0.8652319,0.872136,0.8551807,0.7871043,0.7707441,0.6855518,0.635502,0.5860228,0.5087737,0.5138594,0.4604026,0.4046355,0.3582814,0.2168054,0.0,0.0,0.0,0.0,0.0,0.0,0.0,0.0,0.0,0.0,0.0,0.0],"lower":[0.0,0.0,0.0,0.0,0.0,0.0,0.0,0.0,0.0,0.0,0.0,0.0,0.0,0.0,0.577345,0.9589697,0.9920012,0.9467881,0.7885512,0.6917215,0.6056043,0.5299106,0.4920867,0.5113061,0.5289232,0.5894493,0.6359504,0.6641617,0.6711549,0.629892,0.617072,0.5170135,0.4341381,0.3864722,0.3325525,0.3442222,0.3087177,0.2784297,0.2236945,0.1282557,0.0,0.0,0.0,0.0,0.0,0.0,0.0,0.0,0.0,0.0,0.0,0.0],"upper":[0.0,0.0,0.0,0.0,0.0,0.0,0.0,0.0,0.0,0.0,0.0,0.0,0.0,0.0,1.4017445,2.1061006,2.2198455,1.8917116,1.5934609,1.3511081,1.2363427,1.0613656,0.9627622,0.9264981,0.957927,1.1088927,1.1760823,1.1479822,1.0896065,1.0228441,0.9826744,0.8641726,0.8184311,0.7837274,0.7475549,0.7569339,0.6712666,0.572055,0.5254509,0.3375757,0.0,0.0,0.0,0.0,0.0,0.0,0.0,0.0,0.0,0.0,0.0,0.0],"occurrence":[0.0,0.0,0.0,0.0,0.0,0.0,0.0,0.0,0.0,0.0,0.0,0.0,0.0,0.0,0.5324548,0.6898807,0.7106586,0.6638691,0.6351861,0.6055972,0.5800056,0.5126466,0.4782504,0.4814653,0.4738619,0.5027774,0.525487,0.5088122,0.4963834,0.4667151,0.4890365,0.4633639,0.4320524,0.405117,0.3677014,0.3545868,0.3043655,0.2800094,0.2492319,0.1653133,0.0,0.0,0.0,0.0,0.0,0.0,0.0,0.0,0.0,0.0,0.0,0.0],"regions":["north"]},"geometry":{"type":"Polygon","coordinates":[[[-89.95452,46.40882],[-89.62258,46.40882],[-89.49893,46.22232],[-89.61892,46.24545],[-89.74384,46.26947],[-89.86875,46.29355],[-89.87904,46.29553],[-89.95452,46.40882]]]}},{"type":"Feature","properties":{"cell_id":188.0,"area_km2":633.3901632,"elevation_m":493.8279724,"longitude":-89.3730082,"latitude":46.2962638,"abundance":[0.0,0.0,0.0,0.0,0.0,0.0,0.0,0.0,0.0,0.0,0.0,0.0,0.0,0.0,1.0266629,1.5977384,1.6518903,1.4609724,1.2930695,1.1430739,1.0421289,0.8773425,0.7908127,0.7789354,0.7721907,0.8872192,0.9867289,0.9592587,0.9240785,0.8418407,0.7910827,0.7005019,0.6398594,0.6061178,0.5442207,0.5755463,0.5270022,0.458551,0.3928441,0.26555,0.0,0.0,0.0,0.0,0.0,0.0,0.0,0.0,0.0,0.0,0.0,0.0],"lower":[0.0,0.0,0.0,0.0,0.0,0.0,0.0,0.0,0.0,0.0,0.0,0.0,0.0,0.0,0.5958653,1.0451584,1.0875206,1.0484014,0.9052045,0.7914546,0.6999277,0.6177022,0.5670874,0.5792449,0.5822651,0.6642981,0.7314919,0.7223892,0.7112926,0.6539627,0.6167818,0.5393193,0.4456985,0.4110975,0.3544327,0.3813365,0.3359023,0.2941873,0.2226595,0.148333,0.0,0.0,0.0,0.0,0.0,0.0,0.0,0.0,0.0,0.0,0.0,0.0],"upper":[0.0,0.0,0.0,0.0,0.0,0.0,0.0,0.0,0.0,0.0,0.0,0.0,0.0,0.0,1.5008278,2.2740777,2.3311303,2.0560846,1.7417946,1.5051938,1.3831594,1.2165796,1.1304917,1.0735861,1.0513152,1.1962057,1.3077953,1.2634696,1.2027626,1.1076096,1.0474001,0.8938806,0.8209546,0.7971682,0.758997,0.8281575,0.7743465,0.6520017,0.6168383,0.4126022,0.0,0.0,0.0,0.0,0.0,0.0,0.0,0.0,0.0,0.0,0.0,0.0],"occurrence":[0.0,0.0,0.0,0.0,0.0,0.0,0.0,0.0,0.0,0.0,0.0,0.0,0.0,0.0,0.536724,0.6957169,0.716182,0.6817006,0.6621122,0.6436179,0.6196095,0.5729863,0.5338469,0.5198223,0.501305,0.5344771,0.5637923,0.5430134,0.5276939,0.4917268,0.4822914,0.4606096,0.4247291,0.4089062,0.3785276,0.3755378,0.3300057,0.3015923,0.2614008,0.1968272,0.0,0.0,0.0,0.0,0.0,0.0,0.0,0.0,0.0,0.0,0.0,0.0],"regions":["north"]},"geometry":{"type":"Polygon","coordinates":[[[-89.62258,46.40882],[-89.29065,46.40882],[-89.12134,46.15221],[-89.13496,46.15221],[-89.24418,46.17325],[-89.36908,46.19734],[-89.49399,46.22136],[-89.49893,46.22232],[-89.62258,46.40882]]]}},{"type":"Feature","properties":{"cell_id":189.0,"area_km2":729.0,"elevation_m":493.0100098,"longitude":-89.0399467,"latitude":46.2804273,"abundance":[0.0,0.0,0.0,0.0,0.0,0.0,0.0,0.0,0.0,0.0,0.0,0.0,0.0,0.0,1.0470234,1.6505611,1.7182869,1.5159998,1.350215,1.1989326,1.1051555,0.9377474,0.8613331,0.8529857,0.8566902,0.9949816,1.1068518,1.0552464,0.9749092,0.8679174,0.8194329,0.7379116,0.6922331,0.6629142,0.6118874,0.6395108,0.5659132,0.477313,0.3770909,0.2280263,0.0,0.0,0.0,0.0,0.0,0.0,0.0,0.0,0.0,0.0,0.0,0.0],"lower":[0.0,0.0,0.0,0.0,0.0,0.0,0.0,0.0,0.0,0.0,0.0,0.0,0.0,0.0,0.5750575,0.9807301,1.0412676,1.0532137,0.950368,0.8638417,0.7858435,0.6624202,0.6088421,0.6285072,0.6457934,0.7375978,0.8320511,0.799786,0.7539132,0.6726886,0.6458564,0.5715128,0.4907198,0.4545906,0.3929457,0.412858,0.3342227,0.3070154,0.2079704,0.1272697,0.0,0.0,0.0,0.0,0.0,0.0,0.0,0.0,0.0,0.0,0.0,0.0],"upper":[0.0,0.0,0.0,0.0,0.0,0.0,0.0,0.0,0.0,0.0,0.0,0.0,0.0,0.0,1.5209208,2.3282785,2.3901415,2.0767164,1.7951663,1.5809007,1.479051,1.2813854,1.2159226,1.1609977,1.1644719,1.3564233,1.492162,1.397747,1.2908661,1.1711718,1.1033828,0.9435433,0.8809898,0.8587638,0.8396108,0.9065305,0.817641,0.6973546,0.589582,0.3650514,0.0,0.0,0.0,0.0,0.0,0.0,0.0,0.0,0.0,0.0,0.0,0.0],"occurrence":[0.0,0.0,0.0,0.0,0.0,0.0,0.0,0.0,0.0,0.0,0.0,0.0,0.0,0.0,0.5390372,0.7138675,0.7345198,0.7018818,0.67764,0.6568193,0.6352684,0.6107567,0.5894806,0.5830159,0.5639501,0.590813,0.6131798,0.5862432,0.5551894,0.5150843,0.5067315,0.488414,0.4676239,0.4618595,0.437345,0.4332239,0.3838297,0.3399445,0.2730452,0.1728353,0.0,0.0,0.0,0.0,0.0,0.0,0.0,0.0,0.0,0.0,0.0,0.0],"regions":["north"]},"geometry":{"type":"Polygon","coordinates":[[[-89.29065,46.40882],[-88.95871,46.40882],[-88.79004,46.15221],[-89.12134,46.15221],[-89.29065,46.40882]]]}},{"type":"Feature","properties":{"cell_id":190.0,"area_km2":729.0,"elevation_m":479.1781311,"longitude":-88.7083268,"latitude":46.2804273,"abundance":[0.0,0.0,0.0,0.0,0.0,0.0,0.0,0.0,0.0,0.0,0.0,0.0,0.0,0.0,1.1114744,1.8359531,1.8094667,1.5918256,1.3822119,1.2387033,1.1248116,0.9784552,0.8884534,0.8748669,0.8831274,1.0044172,1.0743953,0.9887482,0.9059612,0.826256,0.8056217,0.7442418,0.7251164,0.684067,0.627686,0.6384877,0.562737,0.4804082,0.3749972,0.2294039,0.0,0.0,0.0,0.0,0.0,0.0,0.0,0.0,0.0,0.0,0.0,0.0],"lower":[0.0,0.0,0.0,0.0,0.0,0.0,0.0,0.0,0.0,0.0,0.0,0.0,0.0,0.0,0.5905553,0.9951907,1.0973983,1.0626924,1.0011767,0.9112021,0.8400829,0.6975275,0.6191494,0.6389932,0.6497462,0.7439293,0.819599,0.7642115,0.7038078,0.6455035,0.6442426,0.5778275,0.5268344,0.4838401,0.4070002,0.4277059,0.3399481,0.2991799,0.2128038,0.1290786,0.0,0.0,0.0,0.0,0.0,0.0,0.0,0.0,0.0,0.0,0.0,0.0],"upper":[0.0,0.0,0.0,0.0,0.0,0.0,0.0,0.0,0.0,0.0,0.0,0.0,0.0,0.0,1.6461815,2.5697114,2.5439711,2.1933513,1.8594557,1.637387,1.4874047,1.2944556,1.2100751,1.1602213,1.1966438,1.3757408,1.4640275,1.318885,1.1953582,1.0953212,1.038074,0.9552767,0.9120996,0.873263,0.8401999,0.8940732,0.8024128,0.6995313,0.5894529,0.3661088,0.0,0.0,0.0,0.0,0.0,0.0,0.0,0.0,0.0,0.0,0.0,0.0],"occurrence":[0.0,0.0,0.0,0.0,0.0,0.0,0.0,0.0,0.0,0.0,0.0,0.0,0.0,0.0,0.5928941,0.7740136,0.7778121,0.7459332,0.7234817,0.7049243,0.6718385,0.6501823,0.6286588,0.6113351,0.5981622,0.6270046,0.6390435,0.6023898,0.5653412,0.5266581,0.5260125,0.5151924,0.5066587,0.5012814,0.4832592,0.4804743,0.4322175,0.3631998,0.2875548,0.179761,0.0,0.0,0.0,0.0,0.0,0.0,0.0,0.0,0.0,0.0,0.0,0.0],"regions":["north"]},"geometry":{"type":"Polygon","coordinates":[[[-88.95871,46.40882],[-88.62677,46.40882],[-88.45873,46.15221],[-88.79004,46.15221],[-88.95871,46.40882]]]}},{"type":"Feature","properties":{"cell_id":191.0,"area_km2":729.0,"elevation_m":472.4260254,"longitude":-88.3767069,"latitude":46.2804273,"abundance":[0.0,0.0,0.0,0.0,0.0,0.0,0.0,0.0,0.0,0.0,0.0,0.0,0.0,0.0,0.9603605,1.5821209,1.6075249,1.4612257,1.3050417,1.1609057,1.0415522,0.8712133,0.7755917,0.7747995,0.7794244,0.8856597,0.9595237,0.914021,0.8271503,0.7600215,0.7277673,0.6748226,0.6625075,0.6177394,0.5602286,0.5734272,0.5017896,0.4425254,0.3422453,0.1831672,0.0,0.0,0.0,0.0,0.0,0.0,0.0,0.0,0.0,0.0,0.0,0.0],"lower":[0.0,0.0,0.0,0.0,0.0,0.0,0.0,0.0,0.0,0.0,0.0,0.0,0.0,0.0,0.4879193,0.8635915,0.9461477,0.9706854,0.9382322,0.8710973,0.7717201,0.6062409,0.5241992,0.5435055,0.5493356,0.6223549,0.7236791,0.6951344,0.6316931,0.5838059,0.5766525,0.5153942,0.479563,0.4335129,0.3730598,0.3859834,0.3091752,0.276345,0.1920754,0.1000932,0.0,0.0,0.0,0.0,0.0,0.0,0.0,0.0,0.0,0.0,0.0,0.0],"upper":[0.0,0.0,0.0,0.0,0.0,0.0,0.0,0.0,0.0,0.0,0.0,0.0,0.0,0.0,1.424319,2.2629595,2.2738266,2.0247288,1.7853005,1.5467302,1.3912631,1.1500951,1.067763,1.0347595,1.0446403,1.1953334,1.2811246,1.2061149,1.0853814,1.0039048,0.9304968,0.8654649,0.8291999,0.7869683,0.7446817,0.7778946,0.6955256,0.6372324,0.5342495,0.2953138,0.0,0.0,0.0,0.0,0.0,0.0,0.0,0.0,0.0,0.0,0.0,0.0],"occurrence":[0.0,0.0,0.0,0.0,0.0,0.0,0.0,0.0,0.0,0.0,0.0,0.0,0.0,0.0,0.5502644,0.7313396,0.7375692,0.7153417,0.7061117,0.6793575,0.6418493,0.6085565,0.5775001,0.5696093,0.5523434,0.5839047,0.6017601,0.5755792,0.5357996,0.4997557,0.4934813,0.4800309,0.4717676,0.4591702,0.4378234,0.4434232,0.397363,0.3435424,0.270016,0.148601,0.0,0.0,0.0,0.0,0.0,0.0,0.0,0.0,0.0,0.0,0.0,0.0],"regions":["north"]},"geometry":{"type":"Polygon","coordinates":[[[-88.62677,46.40882],[-88.29484,46.40882],[-88.12743,46.15221],[-88.45873,46.15221],[-88.62677,46.40882]]]}},{"type":"Feature","properties":{"cell_id":192.0,"area_km2":729.0,"elevation_m":453.399353,"longitude":-88.045087,"latitude":46.2804273,"abundance":[0.0,0.0,0.0,0.0,0.0,0.0,0.0,0.0,0.0,0.0,0.0,0.0,0.0,0.0,0.9143919,1.4925268,1.465399,1.3514123,1.2188337,1.0899943,0.98128,0.8232314,0.7100724,0.7224714,0.7386236,0.8261518,0.9004892,0.8939824,0.7844613,0.7148697,0.6731927,0.6344389,0.6409857,0.5972866,0.5459831,0.5658309,0.4921285,0.4378281,0.3488147,0.1743791,0.0,0.0,0.0,0.0,0.0,0.0,0.0,0.0,0.0,0.0,0.0,0.0],"lower":[0.0,0.0,0.0,0.0,0.0,0.0,0.0,0.0,0.0,0.0,0.0,0.0,0.0,0.0,0.4785485,0.8387573,0.8753292,0.8555052,0.8328101,0.7894188,0.7124587,0.5639245,0.4704728,0.4878007,0.4982797,0.5551656,0.6787136,0.6740515,0.5847185,0.5350459,0.5132982,0.4701811,0.456403,0.398168,0.3593921,0.3627543,0.3030289,0.2679444,0.1915343,0.0856818,0.0,0.0,0.0,0.0,0.0,0.0,0.0,0.0,0.0,0.0,0.0,0.0],"upper":[0.0,0.0,0.0,0.0,0.0,0.0,0.0,0.0,0.0,0.0,0.0,0.0,0.0,0.0,1.3592153,2.1579685,2.1124203,1.8964577,1.6942575,1.4656862,1.3342179,1.1104715,0.9874336,0.9631487,0.993449,1.1217293,1.1946354,1.1720957,1.0391726,0.9354876,0.8682501,0.8174121,0.811765,0.7746974,0.7291839,0.7795215,0.6907292,0.6289892,0.5344763,0.2856966,0.0,0.0,0.0,0.0,0.0,0.0,0.0,0.0,0.0,0.0,0.0,0.0],"occurrence":[0.0,0.0,0.0,0.0,0.0,0.0,0.0,0.0,0.0,0.0,0.0,0.0,0.0,0.0,0.5426817,0.7160308,0.7095158,0.6916166,0.6802002,0.6497487,0.618169,0.5885038,0.5392061,0.5419716,0.5365888,0.557424,0.5703751,0.5613907,0.5177394,0.4782451,0.472834,0.4602453,0.4681203,0.4511679,0.4268474,0.4391141,0.3924207,0.3436901,0.2795345,0.1426526,0.0,0.0,0.0,0.0,0.0,0.0,0.0,0.0,0.0,0.0,0.0,0.0],"regions":["north"]},"geometry":{"type":"Polygon","coordinates":[[[-88.29484,46.40882],[-87.9629,46.40882],[-87.79612,46.15221],[-88.12743,46.15221],[-88.29484,46.40882]]]}},{"type":"Feature","properties":{"cell_id":193.0,"area_km2":729.0,"elevation_m":402.4922485,"longitude":-87.7134671,"latitude":46.2804273,"abundance":[0.0,0.0,0.0,0.0,0.0,0.0,0.0,0.0,0.0,0.0,0.0,0.0,0.0,0.0,0.9501291,1.4853277,1.4417109,1.2929666,1.1686075,1.0257288,0.9004146,0.7524617,0.6638828,0.6961179,0.7324671,0.7728691,0.8393306,0.8078353,0.6971599,0.6372325,0.5909965,0.5738467,0.5937231,0.547052,0.4901609,0.5015941,0.4382777,0.4047417,0.3520055,0.2012361,0.0,0.0,0.0,0.0,0.0,0.0,0.0,0.0,0.0,0.0,0.0,0.0],"lower":[0.0,0.0,0.0,0.0,0.0,0.0,0.0,0.0,0.0,0.0,0.0,0.0,0.0,0.0,0.5097862,0.8736248,0.8896155,0.8057774,0.7818551,0.7322696,0.6273763,0.5111128,0.4528007,0.4710285,0.4784701,0.4952141,0.5860754,0.5692229,0.4907344,0.452016,0.4111917,0.4038988,0.4035881,0.3246461,0.3004567,0.3000762,0.2683541,0.2558838,0.2016409,0.0883089,0.0,0.0,0.0,0.0,0.0,0.0,0.0,0.0,0.0,0.0,0.0,0.0],"upper":[0.0,0.0,0.0,0.0,0.0,0.0,0.0,0.0,0.0,0.0,0.0,0.0,0.0,0.0,1.4279307,2.2541502,2.104058,1.8294706,1.6743762,1.4015753,1.2128706,1.0210786,0.9206033,0.9466707,1.0048136,1.0847696,1.1712719,1.1150993,0.9572062,0.8275587,0.7715341,0.7533692,0.7674142,0.7322084,0.6635989,0.6959049,0.6277207,0.592113,0.5276753,0.3313849,0.0,0.0,0.0,0.0,0.0,0.0,0.0,0.0,0.0,0.0,0.0,0.0],"occurrence":[0.0,0.0,0.0,0.0,0.0,0.0,0.0,0.0,0.0,0.0,0.0,0.0,0.0,0.0,0.5636364,0.7132683,0.7048277,0.668531,0.6501832,0.5963471,0.5503805,0.5406291,0.5070291,0.5212261,0.5210978,0.5199172,0.5279291,0.5200207,0.4733969,0.4416824,0.4255468,0.4255688,0.4463089,0.4207731,0.3874694,0.3971858,0.3541701,0.326043,0.288071,0.1662949,0.0,0.0,0.0,0.0,0.0,0.0,0.0,0.0,0.0,0.0,0.0,0.0],"regions":["north"]},"geometry":{"type":"Polygon","coordinates":[[[-87.9629,46.40882],[-87.63097,46.40882],[-87.46481,46.15221],[-87.79612,46.15221],[-87.9629,46.40882]]]}},{"type":"Feature","properties":{"cell_id":194.0,"area_km2":729.0,"elevation_m":336.2726746,"longitude":-87.3818472,"latitude":46.2804273,"abundance":[0.0,0.0,0.0,0.0,0.0,0.0,0.0,0.0,0.0,0.0,0.0,0.0,0.0,0.0,0.7510509,1.1046317,1.0384392,0.8940181,0.8222728,0.7403706,0.6714555,0.5544675,0.4814238,0.4819867,0.4806697,0.5186923,0.5525431,0.5324364,0.4557571,0.4171175,0.4122495,0.3934481,0.4062934,0.3601195,0.3260512,0.3348038,0.3207862,0.3266629,0.3300976,0.2145035,0.0,0.0,0.0,0.0,0.0,0.0,0.0,0.0,0.0,0.0,0.0,0.0],"lower":[0.0,0.0,0.0,0.0,0.0,0.0,0.0,0.0,0.0,0.0,0.0,0.0,0.0,0.0,0.4230846,0.703005,0.6823766,0.5907945,0.5434552,0.5217459,0.4610102,0.382587,0.3294545,0.3273588,0.3220527,0.333296,0.3695708,0.3569016,0.2932423,0.2720069,0.2585762,0.251027,0.2538381,0.1992543,0.1936257,0.1947966,0.1941411,0.2008944,0.1910422,0.1026945,0.0,0.0,0.0,0.0,0.0,0.0,0.0,0.0,0.0,0.0,0.0,0.0],"upper":[0.0,0.0,0.0,0.0,0.0,0.0,0.0,0.0,0.0,0.0,0.0,0.0,0.0,0.0,1.1245196,1.6620739,1.5271904,1.3124666,1.1788538,1.0293456,0.9337993,0.7668853,0.6568498,0.6582976,0.6482095,0.7101607,0.7447415,0.7227151,0.6293148,0.5620134,0.5570461,0.5328422,0.5438979,0.505965,0.4633664,0.4888482,0.4762863,0.495626,0.508301,0.3562598,0.0,0.0,0.0,0.0,0.0,0.0,0.0,0.0,0.0,0.0,0.0,0.0],"occurrence":[0.0,0.0,0.0,0.0,0.0,0.0,0.0,0.0,0.0,0.0,0.0,0.0,0.0,0.0,0.4632236,0.5956914,0.5746216,0.5126609,0.487448,0.4380771,0.4088431,0.4049892,0.3631348,0.3540414,0.3398189,0.3507049,0.3513247,0.3369981,0.3005343,0.2790549,0.288258,0.2850334,0.3016258,0.2725542,0.2558664,0.2650439,0.256624,0.2603711,0.2659293,0.174792,0.0,0.0,0.0,0.0,0.0,0.0,0.0,0.0,0.0,0.0,0.0,0.0],"regions":["north"]},"geometry":{"type":"Polygon","coordinates":[[[-87.63097,46.40882],[-87.29903,46.40882],[-87.13351,46.15221],[-87.46481,46.15221],[-87.63097,46.40882]]]}},{"type":"Feature","properties":{"cell_id":195.0,"area_km2":729.0,"elevation_m":283.4713135,"longitude":-87.0502273,"latitude":46.2804273,"abundance":[0.0,0.0,0.0,0.0,0.0,0.0,0.0,0.0,0.0,0.0,0.0,0.0,0.0,0.0,0.77275,1.104494,1.0683014,0.958462,0.9249965,0.9068608,0.8311072,0.700902,0.6184581,0.5873189,0.5990783,0.6316779,0.6737958,0.6221685,0.5448511,0.4966892,0.4865665,0.4556255,0.4446021,0.3919104,0.3792537,0.3634433,0.3365672,0.3286736,0.3167621,0.1917458,0.0,0.0,0.0,0.0,0.0,0.0,0.0,0.0,0.0,0.0,0.0,0.0],"lower":[0.0,0.0,0.0,0.0,0.0,0.0,0.0,0.0,0.0,0.0,0.0,0.0,0.0,0.0,0.4319082,0.7193224,0.7171563,0.6590281,0.6548055,0.636951,0.5702134,0.4873978,0.4166682,0.4004664,0.411764,0.4149043,0.4521003,0.4224293,0.3540338,0.3213149,0.3071215,0.2837799,0.2734781,0.2286105,0.2344984,0.223591,0.2083337,0.2007522,0.1842474,0.0928166,0.0,0.0,0.0,0.0,0.0,0.0,0.0,0.0,0.0,0.0,0.0,0.0],"upper":[0.0,0.0,0.0,0.0,0.0,0.0,0.0,0.0,0.0,0.0,0.0,0.0,0.0,0.0,1.1694502,1.6963626,1.6321921,1.5022894,1.3381283,1.2931405,1.1798351,0.9672357,0.8385708,0.7862334,0.8099822,0.8543026,0.915477,0.8585827,0.77297,0.6863809,0.6753874,0.6130216,0.5964142,0.5589023,0.5581872,0.5516801,0.5090771,0.5051003,0.5036026,0.3356299,0.0,0.0,0.0,0.0,0.0,0.0,0.0,0.0,0.0,0.0,0.0,0.0],"occurrence":[0.0,0.0,0.0,0.0,0.0,0.0,0.0,0.0,0.0,0.0,0.0,0.0,0.0,0.0,0.4724735,0.6024653,0.5940618,0.548694,0.557388,0.5395924,0.5163284,0.5057782,0.4653093,0.425746,0.4253836,0.4243424,0.4385712,0.3957282,0.3535239,0.3245751,0.3276271,0.315205,0.3162996,0.2859065,0.2913121,0.2878096,0.2669845,0.2638245,0.2580341,0.160848,0.0,0.0,0.0,0.0,0.0,0.0,0.0,0.0,0.0,0.0,0.0,0.0],"regions":["north"]},"geometry":{"type":"Polygon","coordinates":[[[-87.29903,46.40882],[-86.9671,46.40882],[-86.8022,46.15221],[-87.13351,46.15221],[-87.29903,46.40882]]]}},{"type":"Feature","properties":{"cell_id":196.0,"area_km2":729.0,"elevation_m":253.2467041,"longitude":-86.7186073,"latitude":46.2804273,"abundance":[0.0,0.0,0.0,0.0,0.0,0.0,0.0,0.0,0.0,0.0,0.0,0.0,0.0,0.0,0.8180169,1.1466457,1.1531729,1.0786813,1.0046471,0.9712802,0.8828588,0.7199924,0.6042833,0.6120679,0.6326458,0.6548211,0.6722496,0.6376384,0.5379251,0.4979932,0.5077841,0.4767499,0.445599,0.3872188,0.3674155,0.346318,0.3254064,0.3207584,0.3117554,0.2180098,0.0,0.0,0.0,0.0,0.0,0.0,0.0,0.0,0.0,0.0,0.0,0.0],"lower":[0.0,0.0,0.0,0.0,0.0,0.0,0.0,0.0,0.0,0.0,0.0,0.0,0.0,0.0,0.4683058,0.7570055,0.7973991,0.7455794,0.7251279,0.7053807,0.6174195,0.5101947,0.4306442,0.438815,0.4602218,0.4599172,0.4762132,0.4460435,0.359706,0.3380234,0.3332053,0.3086004,0.2961724,0.225222,0.2155051,0.1908752,0.1826207,0.1788587,0.1754249,0.1001014,0.0,0.0,0.0,0.0,0.0,0.0,0.0,0.0,0.0,0.0,0.0,0.0],"upper":[0.0,0.0,0.0,0.0,0.0,0.0,0.0,0.0,0.0,0.0,0.0,0.0,0.0,0.0,1.2229444,1.6909441,1.6650268,1.5356617,1.3744184,1.3324949,1.2165377,0.9927413,0.852398,0.8172042,0.8584864,0.8920805,0.916571,0.8676158,0.745719,0.6760472,0.6924243,0.6413155,0.6039683,0.5575475,0.5507926,0.5486668,0.5051059,0.5182176,0.5129876,0.3775598,0.0,0.0,0.0,0.0,0.0,0.0,0.0,0.0,0.0,0.0,0.0,0.0],"occurrence":[0.0,0.0,0.0,0.0,0.0,0.0,0.0,0.0,0.0,0.0,0.0,0.0,0.0,0.0,0.4944026,0.6259964,0.628333,0.5969487,0.5891032,0.5694705,0.5418124,0.5099956,0.4516867,0.4440747,0.4476879,0.4540924,0.4546011,0.4177977,0.3615929,0.3374414,0.3500382,0.3370133,0.3232819,0.2811574,0.2678655,0.2595806,0.2466601,0.2465322,0.247842,0.1773051,0.0,0.0,0.0,0.0,0.0,0.0,0.0,0.0,0.0,0.0,0.0,0.0],"regions":["north"]},"geometry":{"type":"Polygon","coordinates":[[[-86.9671,46.40882],[-86.63516,46.40882],[-86.47089,46.15221],[-86.8022,46.15221],[-86.9671,46.40882]]]}},{"type":"Feature","properties":{"cell_id":197.0,"area_km2":729.0,"elevation_m":240.0207977,"longitude":-86.3869874,"latitude":46.2804273,"abundance":[0.0,0.0,0.0,0.0,0.0,0.0,0.0,0.0,0.0,0.0,0.0,0.0,0.0,0.0,0.637947,0.929465,0.9504446,0.8548355,0.7809752,0.7404275,0.6358038,0.5230901,0.431154,0.3987845,0.4174374,0.398336,0.3964888,0.3924731,0.3575131,0.3788385,0.4218647,0.3984013,0.3798063,0.3271196,0.3355841,0.3314432,0.3071996,0.303459,0.290496,0.1967317,0.0,0.0,0.0,0.0,0.0,0.0,0.0,0.0,0.0,0.0,0.0,0.0],"lower":[0.0,0.0,0.0,0.0,0.0,0.0,0.0,0.0,0.0,0.0,0.0,0.0,0.0,0.0,0.3584649,0.5835048,0.6275747,0.5766401,0.527622,0.4902219,0.4119087,0.3585765,0.2964464,0.2759331,0.2860001,0.2594062,0.2644951,0.2549214,0.2252712,0.2364253,0.255853,0.243983,0.2373251,0.1799043,0.187383,0.1730705,0.159538,0.164779,0.1536081,0.0882948,0.0,0.0,0.0,0.0,0.0,0.0,0.0,0.0,0.0,0.0,0.0,0.0],"upper":[0.0,0.0,0.0,0.0,0.0,0.0,0.0,0.0,0.0,0.0,0.0,0.0,0.0,0.0,0.9985114,1.4207362,1.4292037,1.2616335,1.1301773,1.0756112,0.9012474,0.7474287,0.6189353,0.5473382,0.5737451,0.5457302,0.5582534,0.5590631,0.5241508,0.5476961,0.6015024,0.5517747,0.5246965,0.4807551,0.5006001,0.5231092,0.498331,0.479056,0.4762961,0.3352737,0.0,0.0,0.0,0.0,0.0,0.0,0.0,0.0,0.0,0.0,0.0,0.0],"occurrence":[0.0,0.0,0.0,0.0,0.0,0.0,0.0,0.0,0.0,0.0,0.0,0.0,0.0,0.0,0.3834299,0.5137023,0.5263205,0.4824018,0.4669966,0.433184,0.3852102,0.3701497,0.3212661,0.2912751,0.2998914,0.2769509,0.2710983,0.2576403,0.2387127,0.2565939,0.29278,0.2865973,0.2768739,0.2373273,0.2375325,0.2404656,0.224865,0.229849,0.2315652,0.1617185,0.0,0.0,0.0,0.0,0.0,0.0,0.0,0.0,0.0,0.0,0.0,0.0],"regions":["north"]},"geometry":{"type":"Polygon","coordinates":[[[-86.63516,46.40882],[-86.30323,46.40882],[-86.13959,46.15221],[-86.47089,46.15221],[-86.63516,46.40882]]]}},{"type":"Feature","properties":{"cell_id":198.0,"area_km2":729.0,"elevation_m":226.0303345,"longitude":-86.0553675,"latitude":46.2804273,"abundance":[0.0,0.0,0.0,0.0,0.0,0.0,0.0,0.0,0.0,0.0,0.0,0.0,0.0,0.0,0.3553564,0.5912467,0.6123372,0.4373181,0.4510024,0.38336,0.2836318,0.2108004,0.1734592,0.1574868,0.160667,0.1442474,0.1502126,0.154453,0.1327379,0.1610357,0.2290221,0.2197212,0.2204219,0.1758115,0.1956943,0.2463422,0.2409276,0.2817345,0.2684052,0.1722483,0.0,0.0,0.0,0.0,0.0,0.0,0.0,0.0,0.0,0.0,0.0,0.0],"lower":[0.0,0.0,0.0,0.0,0.0,0.0,0.0,0.0,0.0,0.0,0.0,0.0,0.0,0.0,0.1748953,0.3336986,0.3720235,0.2772508,0.2894026,0.2306442,0.167511,0.1333899,0.1109281,0.1036526,0.1078042,0.0923962,0.0973758,0.0936336,0.0764267,0.0912082,0.126687,0.1259558,0.1294312,0.0911367,0.1012977,0.1195036,0.1165202,0.1527662,0.1426496,0.0805915,0.0,0.0,0.0,0.0,0.0,0.0,0.0,0.0,0.0,0.0,0.0,0.0],"upper":[0.0,0.0,0.0,0.0,0.0,0.0,0.0,0.0,0.0,0.0,0.0,0.0,0.0,0.0,0.6265088,0.9796067,0.9798959,0.6777439,0.6811992,0.5777301,0.4195113,0.3160649,0.2688388,0.2226627,0.2237891,0.1993895,0.224689,0.2592602,0.2361373,0.2722232,0.3463441,0.3202817,0.3167506,0.2629134,0.2978778,0.3894247,0.3946715,0.4361584,0.4347217,0.2841621,0.0,0.0,0.0,0.0,0.0,0.0,0.0,0.0,0.0,0.0,0.0,0.0],"occurrence":[0.0,0.0,0.0,0.0,0.0,0.0,0.0,0.0,0.0,0.0,0.0,0.0,0.0,0.0,0.2195496,0.3317463,0.3438239,0.2588959,0.2798747,0.2323484,0.1758883,0.1520972,0.1321831,0.1202566,0.1228623,0.1069536,0.1067773,0.105636,0.0901445,0.1085659,0.1575889,0.1576734,0.1605125,0.1263888,0.1334108,0.1703155,0.1692962,0.2043786,0.2098198,0.1428583,0.0,0.0,0.0,0.0,0.0,0.0,0.0,0.0,0.0,0.0,0.0,0.0],"regions":["north"]},"geometry":{"type":"Polygon","coordinates":[[[-86.30323,46.40882],[-85.97129,46.40882],[-85.80828,46.15221],[-86.13959,46.15221],[-86.30323,46.40882]]]}},{"type":"Feature","properties":{"cell_id":199.0,"area_km2":729.0,"elevation_m":232.4602051,"longitude":-85.7237476,"latitude":46.2804273,"abundance":[0.0,0.0,0.0,0.0,0.0,0.0,0.0,0.0,0.0,0.0,0.0,0.0,0.0,0.0,0.68842,1.0266274,1.0900558,1.016523,0.9161759,0.8789824,0.7411619,0.5842844,0.4894272,0.4219989,0.4367157,0.4189728,0.4400112,0.4269494,0.3727143,0.3731325,0.395677,0.3621818,0.3602768,0.3335673,0.3238914,0.3353291,0.3111106,0.3028433,0.2925398,0.1777153,0.0,0.0,0.0,0.0,0.0,0.0,0.0,0.0,0.0,0.0,0.0,0.0],"lower":[0.0,0.0,0.0,0.0,0.0,0.0,0.0,0.0,0.0,0.0,0.0,0.0,0.0,0.0,0.3803157,0.6350098,0.7070893,0.6583573,0.6173621,0.5807147,0.4661292,0.3744029,0.3156784,0.2872265,0.299861,0.2800429,0.2912131,0.2707349,0.2299368,0.220684,0.2322759,0.2155522,0.219413,0.166935,0.1558972,0.1523138,0.142688,0.1515434,0.1581807,0.0729636,0.0,0.0,0.0,0.0,0.0,0.0,0.0,0.0,0.0,0.0,0.0,0.0],"upper":[0.0,0.0,0.0,0.0,0.0,0.0,0.0,0.0,0.0,0.0,0.0,0.0,0.0,0.0,1.04672,1.486383,1.5697993,1.4632044,1.2901587,1.2664609,1.0410188,0.8301945,0.7272835,0.5884134,0.6106562,0.5833919,0.6412411,0.6278946,0.5608351,0.5528206,0.5637075,0.5103289,0.5051369,0.4797855,0.484574,0.5282879,0.5239283,0.4898266,0.4723357,0.3122049,0.0,0.0,0.0,0.0,0.0,0.0,0.0,0.0,0.0,0.0,0.0,0.0],"occurrence":[0.0,0.0,0.0,0.0,0.0,0.0,0.0,0.0,0.0,0.0,0.0,0.0,0.0,0.0,0.4323525,0.5770719,0.6026087,0.5679443,0.5459681,0.5247955,0.4620817,0.4144044,0.372805,0.323262,0.331286,0.3134768,0.3201635,0.2951817,0.2572085,0.2575955,0.2795239,0.2675335,0.2670498,0.2424781,0.2303945,0.2483727,0.2390488,0.2393663,0.2452549,0.1536742,0.0,0.0,0.0,0.0,0.0,0.0,0.0,0.0,0.0,0.0,0.0,0.0],"regions":["north"]},"geometry":{"type":"Polygon","coordinates":[[[-85.97129,46.40882],[-85.63935,46.40882],[-85.47698,46.15221],[-85.80828,46.15221],[-85.97129,46.40882]]]}},{"type":"Feature","properties":{"cell_id":200.0,"area_km2":729.0,"elevation_m":236.446167,"longitude":-85.3921277,"latitude":46.2804273,"abundance":[0.0,0.0,0.0,0.0,0.0,0.0,0.0,0.0,0.0,0.0,0.0,0.0,0.0,0.0,0.7137287,1.1080669,1.1849443,1.1404287,1.0150933,0.9555763,0.8122957,0.6421626,0.539753,0.472101,0.500493,0.4983991,0.5237904,0.5122123,0.4254647,0.4212995,0.4261572,0.3910511,0.3888353,0.3590025,0.3281697,0.3423374,0.3189831,0.2886515,0.2831719,0.168301,0.0,0.0,0.0,0.0,0.0,0.0,0.0,0.0,0.0,0.0,0.0,0.0],"lower":[0.0,0.0,0.0,0.0,0.0,0.0,0.0,0.0,0.0,0.0,0.0,0.0,0.0,0.0,0.4055454,0.6912803,0.7853847,0.7339926,0.6724859,0.6441177,0.535228,0.4281251,0.3608032,0.334952,0.3620483,0.3496483,0.3602503,0.3392785,0.2688721,0.260804,0.2549319,0.2356804,0.2444077,0.1893662,0.1625417,0.1601087,0.1370116,0.1374046,0.149374,0.0709184,0.0,0.0,0.0,0.0,0.0,0.0,0.0,0.0,0.0,0.0,0.0,0.0],"upper":[0.0,0.0,0.0,0.0,0.0,0.0,0.0,0.0,0.0,0.0,0.0,0.0,0.0,0.0,1.104406,1.6322696,1.7219069,1.6172273,1.4353707,1.3574604,1.1329309,0.8990289,0.7777255,0.651805,0.6945952,0.6892799,0.7560613,0.7491143,0.6361071,0.6237512,0.6035842,0.5397171,0.5349732,0.5001755,0.4793293,0.5157308,0.5159624,0.4655348,0.4604762,0.295884,0.0,0.0,0.0,0.0,0.0,0.0,0.0,0.0,0.0,0.0,0.0,0.0],"occurrence":[0.0,0.0,0.0,0.0,0.0,0.0,0.0,0.0,0.0,0.0,0.0,0.0,0.0,0.0,0.432921,0.5864831,0.6112581,0.6045528,0.5950853,0.5656492,0.5138666,0.4517543,0.4082475,0.3595709,0.3745882,0.3665155,0.3751546,0.3529151,0.2883845,0.2870955,0.2981268,0.2870775,0.289724,0.2613864,0.2348899,0.2506096,0.2397007,0.2218018,0.2328786,0.1453319,0.0,0.0,0.0,0.0,0.0,0.0,0.0,0.0,0.0,0.0,0.0,0.0],"regions":["north"]},"geometry":{"type":"Polygon","coordinates":[[[-85.63935,46.40882],[-85.30742,46.40882],[-85.14567,46.15221],[-85.47698,46.15221],[-85.63935,46.40882]]]}},{"type":"Feature","properties":{"cell_id":201.0,"area_km2":729.0,"elevation_m":246.2508392,"longitude":-85.0605078,"latitude":46.2804273,"abundance":[0.0,0.0,0.0,0.0,0.0,0.0,0.0,0.0,0.0,0.0,0.0,0.0,0.0,0.0,0.7023697,1.1090384,1.1761626,1.1055242,0.9993999,0.9320151,0.791006,0.6065972,0.5272143,0.4432918,0.4994498,0.4868824,0.5077612,0.5073637,0.4059497,0.3854788,0.4005243,0.36824,0.3698837,0.3378263,0.2760793,0.3181224,0.292061,0.2556288,0.267411,0.1589274,0.0,0.0,0.0,0.0,0.0,0.0,0.0,0.0,0.0,0.0,0.0,0.0],"lower":[0.0,0.0,0.0,0.0,0.0,0.0,0.0,0.0,0.0,0.0,0.0,0.0,0.0,0.0,0.3953928,0.7148225,0.8218337,0.7603892,0.6721393,0.6333159,0.5356868,0.408004,0.350854,0.3136728,0.3650214,0.3512552,0.3660109,0.3538307,0.2705915,0.2533351,0.2587224,0.2350745,0.2441481,0.1997901,0.133489,0.1532782,0.1220302,0.1175621,0.1328477,0.069,0.0,0.0,0.0,0.0,0.0,0.0,0.0,0.0,0.0,0.0,0.0,0.0],"upper":[0.0,0.0,0.0,0.0,0.0,0.0,0.0,0.0,0.0,0.0,0.0,0.0,0.0,0.0,1.0961941,1.6259236,1.6872035,1.5480669,1.3916837,1.3029321,1.0930912,0.8291756,0.7444397,0.6134176,0.6917408,0.6854755,0.7394326,0.7198295,0.5817613,0.5558206,0.5734075,0.5083442,0.507356,0.4620521,0.3968638,0.4711434,0.4632207,0.4141369,0.4356298,0.2875915,0.0,0.0,0.0,0.0,0.0,0.0,0.0,0.0,0.0,0.0,0.0,0.0],"occurrence":[0.0,0.0,0.0,0.0,0.0,0.0,0.0,0.0,0.0,0.0,0.0,0.0,0.0,0.0,0.4113347,0.5727988,0.5957571,0.5789282,0.5799955,0.5505263,0.500039,0.4200834,0.3953896,0.3375351,0.3755755,0.363081,0.3762926,0.3565712,0.2791494,0.2652934,0.2768075,0.2675955,0.2758658,0.2461853,0.1962163,0.2308798,0.2199874,0.1964947,0.2214457,0.1369479,0.0,0.0,0.0,0.0,0.0,0.0,0.0,0.0,0.0,0.0,0.0,0.0],"regions":["north"]},"geometry":{"type":"Polygon","coordinates":[[[-85.30742,46.40882],[-84.97548,46.40882],[-84.81436,46.15221],[-85.14567,46.15221],[-85.30742,46.40882]]]}},{"type":"Feature","properties":{"cell_id":202.0,"area_km2":729.0,"elevation_m":226.9062958,"longitude":-84.7288879,"latitude":46.2804273,"abundance":[0.0,0.0,0.0,0.0,0.0,0.0,0.0,0.0,0.0,0.0,0.0,0.0,0.0,0.0,0.5346785,0.8850903,0.9515523,0.9339368,0.8601354,0.7846661,0.6280439,0.4745531,0.414328,0.3578337,0.3923279,0.4069713,0.4194586,0.4276677,0.3398072,0.3028465,0.3375571,0.310673,0.311934,0.3036381,0.2640013,0.3094745,0.2993845,0.2659093,0.2678602,0.1559044,0.0,0.0,0.0,0.0,0.0,0.0,0.0,0.0,0.0,0.0,0.0,0.0],"lower":[0.0,0.0,0.0,0.0,0.0,0.0,0.0,0.0,0.0,0.0,0.0,0.0,0.0,0.0,0.2931822,0.5547704,0.6582551,0.6210436,0.5550091,0.511351,0.4157686,0.314075,0.2810395,0.2544457,0.287912,0.2885768,0.2936148,0.2990864,0.2198924,0.195275,0.2167608,0.1915911,0.1965983,0.1825897,0.1435914,0.1864163,0.1601292,0.136986,0.1338263,0.0626089,0.0,0.0,0.0,0.0,0.0,0.0,0.0,0.0,0.0,0.0,0.0,0.0],"upper":[0.0,0.0,0.0,0.0,0.0,0.0,0.0,0.0,0.0,0.0,0.0,0.0,0.0,0.0,0.8568438,1.3126801,1.3885062,1.3152887,1.2381138,1.1260071,0.88669,0.663764,0.5813355,0.4941318,0.537183,0.5828907,0.6067396,0.6008089,0.4860852,0.4294058,0.4787914,0.4283302,0.4274844,0.4134565,0.3724861,0.440366,0.4468219,0.4000676,0.4239792,0.2796069,0.0,0.0,0.0,0.0,0.0,0.0,0.0,0.0,0.0,0.0,0.0,0.0],"occurrence":[0.0,0.0,0.0,0.0,0.0,0.0,0.0,0.0,0.0,0.0,0.0,0.0,0.0,0.0,0.3134343,0.4541979,0.4725963,0.4702267,0.4902682,0.4623001,0.4056319,0.3372999,0.313645,0.2699539,0.2872602,0.2987913,0.3035196,0.29424,0.2310461,0.2061711,0.2314858,0.2244688,0.2318801,0.2234705,0.1888733,0.2258341,0.2248308,0.2033137,0.2183111,0.1318302,0.0,0.0,0.0,0.0,0.0,0.0,0.0,0.0,0.0,0.0,0.0,0.0],"regions":["north"]},"geometry":{"type":"Polygon","coordinates":[[[-84.97548,46.40882],[-84.64355,46.40882],[-84.48306,46.15221],[-84.81436,46.15221],[-84.97548,46.40882]]]}},{"type":"Feature","properties":{"cell_id":203.0,"area_km2":729.0,"elevation_m":200.2351379,"longitude":-84.3972679,"latitude":46.2804273,"abundance":[0.0,0.0,0.0,0.0,0.0,0.0,0.0,0.0,0.0,0.0,0.0,0.0,0.0,0.0,0.5029607,0.8815644,0.9759673,0.9683527,0.9437619,0.8630386,0.6685035,0.4779006,0.3879098,0.300091,0.3064888,0.3448246,0.4023272,0.4064217,0.3403327,0.3161491,0.322359,0.3039793,0.2914692,0.2954701,0.280906,0.3255992,0.3254319,0.3044137,0.281049,0.1243732,0.0,0.0,0.0,0.0,0.0,0.0,0.0,0.0,0.0,0.0,0.0,0.0],"lower":[0.0,0.0,0.0,0.0,0.0,0.0,0.0,0.0,0.0,0.0,0.0,0.0,0.0,0.0,0.2940774,0.5588961,0.6646974,0.6542608,0.6187248,0.5627401,0.4282877,0.3182794,0.275811,0.2239577,0.2307532,0.2487987,0.2871496,0.2897066,0.232895,0.216107,0.2234055,0.2055523,0.2006482,0.1990722,0.1704934,0.2136769,0.1991046,0.1736412,0.1470075,0.0459608,0.0,0.0,0.0,0.0,0.0,0.0,0.0,0.0,0.0,0.0,0.0,0.0],"upper":[0.0,0.0,0.0,0.0,0.0,0.0,0.0,0.0,0.0,0.0,0.0,0.0,0.0,0.0,0.7814875,1.3010997,1.4086171,1.3473712,1.3454558,1.2265463,0.9316505,0.6732664,0.5490203,0.3990691,0.4042169,0.4710381,0.5609972,0.5592782,0.4658718,0.4291815,0.4365377,0.3997397,0.3827691,0.3913122,0.3838892,0.4573838,0.4700621,0.4476575,0.4349497,0.2235759,0.0,0.0,0.0,0.0,0.0,0.0,0.0,0.0,0.0,0.0,0.0,0.0],"occurrence":[0.0,0.0,0.0,0.0,0.0,0.0,0.0,0.0,0.0,0.0,0.0,0.0,0.0,0.0,0.3195588,0.4842653,0.5101406,0.5085041,0.5438062,0.5234246,0.4438786,0.3547467,0.3092132,0.2394406,0.2369919,0.2595623,0.2939328,0.2824366,0.2313707,0.2178005,0.2224693,0.2201041,0.2230128,0.2253951,0.2072049,0.2402112,0.2452986,0.2314266,0.227154,0.106602,0.0,0.0,0.0,0.0,0.0,0.0,0.0,0.0,0.0,0.0,0.0,0.0],"regions":["north"]},"geometry":{"type":"Polygon","coordinates":[[[-84.64355,46.40882],[-84.31161,46.40882],[-84.15175,46.15221],[-84.48306,46.15221],[-84.64355,46.40882]]]}},{"type":"Feature","properties":{"cell_id":204.0,"area_km2":299.220514,"elevation_m":200.6118164,"longitude":-84.1688414,"latitude":46.2925053,"abundance":[0.0,0.0,0.0,0.0,0.0,0.0,0.0,0.0,0.0,0.0,0.0,0.0,0.0,0.0,0.6880519,1.0616596,1.1658119,1.0898489,0.971204,0.886486,0.7421699,0.5778897,0.5084695,0.4078574,0.3917179,0.4139158,0.4481737,0.4365961,0.3894396,0.3613597,0.3595837,0.3277355,0.3119728,0.3043332,0.3033787,0.3529581,0.3643441,0.337421,0.2827881,0.150179,0.0016855,0.0,0.0,0.0,0.0,0.0,0.0,0.0,0.0,0.0,0.0,0.0],"lower":[0.0,0.0,0.0,0.0,0.0,0.0,0.0,0.0,0.0,0.0,0.0,0.0,0.0,0.0,0.4232971,0.7107498,0.8021331,0.7577403,0.6601942,0.5925477,0.5026227,0.4053936,0.3712249,0.3065548,0.2987464,0.3083274,0.3296108,0.3167455,0.2739525,0.2526798,0.2563175,0.2359382,0.226937,0.2179895,0.1969782,0.23136,0.2270556,0.200478,0.1440435,0.0524079,0.0002669,0.0,0.0,0.0,0.0,0.0,0.0,0.0,0.0,0.0,0.0,0.0],"upper":[0.0,0.0,0.0,0.0,0.0,0.0,0.0,0.0,0.0,0.0,0.0,0.0,0.0,0.0,1.0520397,1.5410514,1.6649383,1.4987974,1.3655514,1.2416868,1.0131456,0.7804205,0.7041899,0.5480602,0.5199906,0.556881,0.6366116,0.6079429,0.5371583,0.499338,0.4914178,0.4328155,0.4117573,0.4031916,0.4165692,0.4954886,0.5276718,0.4913236,0.4397779,0.2705622,0.0035247,0.0,0.0,0.0,0.0,0.0,0.0,0.0,0.0,0.0,0.0,0.0],"occurrence":[0.0,0.0,0.0,0.0,0.0,0.0,0.0,0.0,0.0,0.0,0.0,0.0,0.0,0.0,0.4264669,0.5713998,0.603281,0.5664395,0.557515,0.5347876,0.4889527,0.4150391,0.3960643,0.3219203,0.2976519,0.3069177,0.3239243,0.295586,0.2558813,0.2387775,0.2379778,0.227071,0.227921,0.2247786,0.2207046,0.2509869,0.265077,0.2503498,0.2236361,0.1261071,0.0014602,0.0,0.0,0.0,0.0,0.0,0.0,0.0,0.0,0.0,0.0,0.0],"regions":["north"]},"geometry":{"type":"Polygon","coordinates":[[[-84.31161,46.40882],[-84.13329,46.40882],[-84.11517,46.37081],[-84.10778,46.28862],[-84.08841,46.22653],[-84.03308,46.15221],[-84.15175,46.15221],[-84.31161,46.40882]]]}},{"type":"Feature","properties":{"cell_id":211.0,"area_km2":0.175495,"elevation_m":519.9970703,"longitude":-89.1252238,"latitude":46.1512126,"abundance":[0.0,0.0,0.0,0.0,0.0,0.0,0.0,0.0,0.0,0.0,0.0,0.0,0.0,0.0,0.8908873,1.2601843,1.3174314,1.1733289,1.0113447,0.8831272,0.8179556,0.6822577,0.5989477,0.5732157,0.5702571,0.7049811,0.7673742,0.7579619,0.6894169,0.6282463,0.5979722,0.5473623,0.5005579,0.4797953,0.4085291,0.4500313,0.3749308,0.3202342,0.3101596,0.217044,0.0,0.0,0.0,0.0,0.0,0.0,0.0,0.0,0.0,0.0,0.0,0.0],"lower":[0.0,0.0,0.0,0.0,0.0,0.0,0.0,0.0,0.0,0.0,0.0,0.0,0.0,0.0,0.5559164,0.8953035,0.9433526,0.8588766,0.7237741,0.6250752,0.5809262,0.4939058,0.4354727,0.4272937,0.4375298,0.5398076,0.5842606,0.5755072,0.5256144,0.4756792,0.4589761,0.4123396,0.3605937,0.3341482,0.268447,0.3023961,0.2381059,0.2148994,0.1954255,0.130579,0.0,0.0,0.0,0.0,0.0,0.0,0.0,0.0,0.0,0.0,0.0,0.0],"upper":[0.0,0.0,0.0,0.0,0.0,0.0,0.0,0.0,0.0,0.0,0.0,0.0,0.0,0.0,1.2565522,1.7132174,1.7608517,1.5405873,1.3190855,1.1610885,1.0889868,0.9445565,0.8639641,0.7922673,0.7694759,0.9501143,1.0080791,1.0001795,0.9002798,0.829927,0.7950235,0.7090483,0.6502274,0.6385242,0.5764699,0.6582307,0.5649328,0.4620169,0.4550142,0.3166604,0.0,0.0,0.0,0.0,0.0,0.0,0.0,0.0,0.0,0.0,0.0,0.0],"occurrence":[0.0,0.0,0.0,0.0,0.0,0.0,0.0,0.0,0.0,0.0,0.0,0.0,0.0,0.0,0.5049928,0.6226426,0.6401846,0.5952129,0.5497069,0.5224482,0.4960988,0.4561165,0.4158792,0.3911488,0.3684551,0.4076903,0.4227152,0.4189996,0.3936452,0.3779933,0.3776766,0.3650959,0.3358242,0.3216709,0.2799062,0.3008898,0.2616759,0.2337728,0.242645,0.1791354,0.0,0.0,0.0,0.0,0.0,0.0,0.0,0.0,0.0,0.0,0.0,0.0],"regions":["north"]},"geometry":{"type":"Polygon","coordinates":[[[-89.12134,46.15221],[-89.11937,46.14921],[-89.13496,46.15221],[-89.12134,46.15221]]]}},{"type":"Feature","properties":{"cell_id":212.0,"area_km2":231.7771923,"elevation_m":509.2093506,"longitude":-88.8792464,"latitude":46.1022967,"abundance":[0.0,0.0,0.0,0.0,0.0,0.0,0.0,0.0,0.0,0.0,0.0,0.0,0.0,0.0,1.238517,1.8900099,1.919634,1.7033142,1.46284,1.2907557,1.2081865,1.0386225,0.9669824,0.959814,0.9870447,1.1545212,1.2782995,1.177369,1.0503968,0.9036309,0.829585,0.7446093,0.7177348,0.688093,0.6475517,0.6794832,0.5958069,0.4905254,0.3636118,0.2084246,0.0,0.0,0.0,0.0,0.0,0.0,0.0,0.0,0.0,0.0,0.0,0.0],"lower":[0.0,0.0,0.0,0.0,0.0,0.0,0.0,0.0,0.0,0.0,0.0,0.0,0.0,0.0,0.7694792,1.3091735,1.3287259,1.2232051,1.0679713,0.9351251,0.9114197,0.7631926,0.7095203,0.7207191,0.7407908,0.8545896,0.944567,0.8935074,0.801466,0.6845483,0.6577278,0.5940795,0.5630222,0.5247969,0.4635612,0.4815688,0.3615357,0.3123449,0.1992919,0.1146937,0.0,0.0,0.0,0.0,0.0,0.0,0.0,0.0,0.0,0.0,0.0,0.0],"upper":[0.0,0.0,0.0,0.0,0.0,0.0,0.0,0.0,0.0,0.0,0.0,0.0,0.0,0.0,1.7384192,2.5826883,2.5832636,2.2528806,1.9229249,1.6652491,1.5808339,1.3752801,1.3058321,1.2734456,1.3231181,1.5852021,1.753626,1.5918493,1.4374211,1.2573632,1.1289889,0.9752029,0.916047,0.8868613,0.8511076,0.922105,0.828302,0.713944,0.5812166,0.3289291,0.0,0.0,0.0,0.0,0.0,0.0,0.0,0.0,0.0,0.0,0.0,0.0],"occurrence":[0.0,0.0,0.0,0.0,0.0,0.0,0.0,0.0,0.0,0.0,0.0,0.0,0.0,0.0,0.6091868,0.757087,0.7661631,0.7379116,0.7197523,0.7017002,0.688643,0.6524782,0.6440724,0.6348789,0.6239559,0.6414816,0.6608135,0.6263011,0.5825175,0.5283839,0.5137979,0.4939225,0.4831484,0.4765722,0.4620865,0.4600701,0.4084987,0.3513354,0.2728234,0.1628031,0.0,0.0,0.0,0.0,0.0,0.0,0.0,0.0,0.0,0.0,0.0,0.0],"regions":["north"]},"geometry":{"type":"Polygon","coordinates":[[[-89.12134,46.15221],[-88.79004,46.15221],[-88.70884,46.0279],[-88.72724,46.03111],[-88.83734,46.03662],[-88.90782,46.06476],[-88.97831,46.0929],[-89.0488,46.12106],[-89.11929,46.14919],[-89.11937,46.14921],[-89.12134,46.15221]]]}},{"type":"Feature","properties":{"cell_id":213.0,"area_km2":401.4139052,"elevation_m":459.7648926,"longitude":-88.5730696,"latitude":46.0814525,"abundance":[0.0,0.0,0.0,0.0,0.0,0.0,0.0,0.0,0.0,0.0,0.0,0.0,0.0,0.0,1.1008997,1.7931578,1.7704971,1.5712072,1.3741791,1.214003,1.1047437,0.9232567,0.8508816,0.8480004,0.8677893,0.9663631,1.0238109,0.9502162,0.841693,0.74318,0.7137803,0.6530585,0.6395972,0.5939153,0.5492532,0.5752121,0.5098969,0.4497241,0.3426234,0.1445827,0.0,0.0,0.0,0.0,0.0,0.0,0.0,0.0,0.0,0.0,0.0,0.0],"lower":[0.0,0.0,0.0,0.0,0.0,0.0,0.0,0.0,0.0,0.0,0.0,0.0,0.0,0.0,0.7006361,1.2346052,1.2669404,1.1607842,1.0452924,0.9186837,0.8369682,0.7058123,0.639792,0.6516868,0.6618802,0.7368559,0.7833301,0.7295908,0.6460864,0.5862999,0.5751601,0.5250493,0.5043748,0.4556183,0.4039153,0.4244678,0.3425417,0.2925788,0.1800453,0.0707377,0.0,0.0,0.0,0.0,0.0,0.0,0.0,0.0,0.0,0.0,0.0,0.0],"upper":[0.0,0.0,0.0,0.0,0.0,0.0,0.0,0.0,0.0,0.0,0.0,0.0,0.0,0.0,1.5747974,2.4207678,2.4013412,2.0776072,1.7812561,1.5711858,1.4299746,1.1968597,1.1079551,1.0958214,1.1451242,1.2926807,1.3606874,1.2655255,1.1412699,1.0201517,0.9365126,0.8272185,0.8009101,0.7523329,0.7171403,0.7696825,0.7039014,0.6350414,0.5266173,0.2375499,0.0,0.0,0.0,0.0,0.0,0.0,0.0,0.0,0.0,0.0,0.0,0.0],"occurrence":[0.0,0.0,0.0,0.0,0.0,0.0,0.0,0.0,0.0,0.0,0.0,0.0,0.0,0.0,0.6105244,0.7714971,0.7732686,0.7437788,0.7336752,0.7106219,0.6829358,0.6337847,0.61317,0.5999629,0.5935043,0.6059768,0.6205648,0.5970226,0.5515074,0.495557,0.4933845,0.4682217,0.4667346,0.4516016,0.4388324,0.4514949,0.4022431,0.3430418,0.2638745,0.1146641,0.0,0.0,0.0,0.0,0.0,0.0,0.0,0.0,0.0,0.0,0.0,0.0],"regions":["north"]},"geometry":{"type":"Polygon","coordinates":[[[-88.79004,46.15221],[-88.45873,46.15221],[-88.35472,45.99228],[-88.35475,45.99229],[-88.49299,46.01352],[-88.62954,46.01404],[-88.70884,46.0279],[-88.79004,46.15221]]]}},{"type":"Feature","properties":{"cell_id":214.0,"area_km2":615.8744024,"elevation_m":408.6160889,"longitude":-88.2054231,"latitude":46.0409503,"abundance":[0.0,0.0,0.0,0.0,0.0,0.0,0.0,0.0,0.0,0.0,0.0,0.0,0.0,0.0,0.9625053,1.5496109,1.5880443,1.4371825,1.2527783,1.0862442,0.9682866,0.807671,0.7318544,0.7444898,0.7523959,0.8275763,0.8354307,0.8077005,0.7146241,0.649774,0.6199272,0.5883394,0.5848519,0.542492,0.4793282,0.4962332,0.4434614,0.4048448,0.3300607,0.1399489,0.0,0.0,0.0,0.0,0.0,0.0,0.0,0.0,0.0,0.0,0.0,0.0],"lower":[0.0,0.0,0.0,0.0,0.0,0.0,0.0,0.0,0.0,0.0,0.0,0.0,0.0,0.0,0.5793445,1.0504515,1.1210653,1.0396512,0.9320806,0.8274362,0.7278698,0.6103733,0.5428167,0.5596884,0.5660498,0.6144971,0.6455009,0.6249294,0.553869,0.5068511,0.4903678,0.4629704,0.4449972,0.3924512,0.3338152,0.3448062,0.294358,0.2615673,0.1895785,0.0722634,0.0,0.0,0.0,0.0,0.0,0.0,0.0,0.0,0.0,0.0,0.0,0.0],"upper":[0.0,0.0,0.0,0.0,0.0,0.0,0.0,0.0,0.0,0.0,0.0,0.0,0.0,0.0,1.4120542,2.1372406,2.1464524,1.8885707,1.6524971,1.4318492,1.2780638,1.0472994,0.9520456,0.952059,0.9808347,1.0882983,1.0921422,1.0492235,0.9280789,0.833801,0.7942918,0.7427874,0.7269822,0.6934924,0.630176,0.663846,0.6108783,0.574277,0.5011992,0.2313,0.0,0.0,0.0,0.0,0.0,0.0,0.0,0.0,0.0,0.0,0.0,0.0],"occurrence":[0.0,0.0,0.0,0.0,0.0,0.0,0.0,0.0,0.0,0.0,0.0,0.0,0.0,0.0,0.5910851,0.7498957,0.7576152,0.7262422,0.7110336,0.6720703,0.6344652,0.5970495,0.5704226,0.5677419,0.5550075,0.5689009,0.5640197,0.5514972,0.5112929,0.4679843,0.4577938,0.4462056,0.4499954,0.4273288,0.3940982,0.4088811,0.3671077,0.322469,0.2650458,0.1157812,0.0,0.0,0.0,0.0,0.0,0.0,0.0,0.0,0.0,0.0,0.0,0.0],"regions":["north"]},"geometry":{"type":"Polygon","coordinates":[[[-88.45873,46.15221],[-88.12743,46.15221],[-87.96188,45.8963],[-88.10179,45.8963],[-88.10442,45.90515],[-88.15174,45.94541],[-88.35472,45.99228],[-88.45873,46.15221]]]}},{"type":"Feature","properties":{"cell_id":215.0,"area_km2":729.0,"elevation_m":365.7228088,"longitude":-87.8789241,"latitude":46.0241732,"abundance":[0.0,0.0,0.0,0.0,0.0,0.0,0.0,0.0,0.0,0.0,0.0,0.0,0.0,0.0179937,1.0299761,1.5955378,1.5879081,1.4446924,1.2270131,1.0761682,0.9560556,0.7984094,0.7251481,0.7638509,0.7856075,0.8759013,0.9074825,0.8554102,0.737317,0.6683612,0.6396013,0.6131597,0.6130496,0.5628381,0.5021591,0.4951404,0.435251,0.3950211,0.3408318,0.1518625,0.0,0.0,0.0,0.0,0.0,0.0,0.0,0.0,0.0,0.0,0.0,0.0],"lower":[0.0,0.0,0.0,0.0,0.0,0.0,0.0,0.0,0.0,0.0,0.0,0.0,0.0,0.0057527,0.570653,0.9848067,1.031522,0.9643221,0.8737886,0.7848267,0.6920261,0.5838965,0.534613,0.5594004,0.573388,0.6213621,0.6732028,0.6332228,0.5485425,0.5105975,0.4820559,0.462911,0.4451774,0.3679258,0.3294562,0.3166228,0.2788432,0.2536316,0.1960045,0.0719013,0.0,0.0,0.0,0.0,0.0,0.0,0.0,0.0,0.0,0.0,0.0,0.0],"upper":[0.0,0.0,0.0,0.0,0.0,0.0,0.0,0.0,0.0,0.0,0.0,0.0,0.0,0.0440271,1.5384264,2.2540359,2.1715117,1.9297332,1.6533428,1.420073,1.273349,1.0610362,0.9550393,0.9816712,1.0356369,1.1742017,1.2097782,1.1427944,0.9880282,0.8684734,0.8386944,0.8042794,0.7896785,0.741087,0.6796992,0.6860522,0.6099946,0.5725388,0.5106384,0.253523,0.0,0.0,0.0,0.0,0.0,0.0,0.0,0.0,0.0,0.0,0.0,0.0],"occurrence":[0.0,0.0,0.0,0.0,0.0,0.0,0.0,0.0,0.0,0.0,0.0,0.0,0.0,0.01261,0.6069254,0.7394546,0.7346659,0.7113374,0.6875592,0.6471482,0.6114411,0.5801477,0.5591456,0.5639116,0.5568917,0.580961,0.5822827,0.5590757,0.5123602,0.46783,0.4622768,0.4507897,0.4579602,0.429389,0.3977956,0.394167,0.3527519,0.3119116,0.2711737,0.1222103,0.0,0.0,0.0,0.0,0.0,0.0,0.0,0.0,0.0,0.0,0.0,0.0],"regions":["north"]},"geometry":{"type":"Polygon","coordinates":[[[-88.12743,46.15221],[-87.79612,46.15221],[-87.6312,45.8963],[-87.96188,45.8963],[-88.12743,46.15221]]]}},{"type":"Feature","properties":{"cell_id":216.0,"area_km2":729.0,"elevation_m":323.1210327,"longitude":-87.54793,"latitude":46.0241732,"abundance":[0.0,0.0,0.0,0.0,0.0,0.0,0.0,0.0,0.0,0.0,0.0,0.0,0.0,0.01312,0.928557,1.282499,1.2771245,1.1553735,1.0206437,0.8919433,0.7892561,0.6774111,0.6149117,0.6410379,0.6632144,0.7229963,0.7553515,0.720133,0.6172484,0.5532135,0.5570388,0.524377,0.5166309,0.4745984,0.4296692,0.4199401,0.3769763,0.3701907,0.3554787,0.2059133,0.0,0.0,0.0,0.0,0.0,0.0,0.0,0.0,0.0,0.0,0.0,0.0],"lower":[0.0,0.0,0.0,0.0,0.0,0.0,0.0,0.0,0.0,0.0,0.0,0.0,0.0,0.0049115,0.496982,0.7851559,0.7740114,0.7056347,0.6683879,0.6077095,0.5355918,0.4775585,0.4383586,0.4573146,0.479866,0.5101171,0.5646914,0.5191032,0.4375758,0.4002454,0.3839911,0.3599762,0.3610635,0.2752394,0.2596704,0.2496584,0.2359511,0.2357066,0.2068269,0.0933151,0.0,0.0,0.0,0.0,0.0,0.0,0.0,0.0,0.0,0.0,0.0,0.0],"upper":[0.0,0.0,0.0,0.0,0.0,0.0,0.0,0.0,0.0,0.0,0.0,0.0,0.0,0.0279036,1.3419594,1.8869784,1.7949072,1.6134336,1.424832,1.2082276,1.0824162,0.9081179,0.8148689,0.8425221,0.8834842,0.9714335,1.0151162,0.9738403,0.8416986,0.7315054,0.7386044,0.6841696,0.6632227,0.63244,0.597292,0.6028827,0.5435152,0.5336479,0.5165778,0.3293329,0.0,0.0,0.0,0.0,0.0,0.0,0.0,0.0,0.0,0.0,0.0,0.0],"occurrence":[0.0,0.0,0.0,0.0,0.0,0.0,0.0,0.0,0.0,0.0,0.0,0.0,0.0,0.0092923,0.5619875,0.6636598,0.6533713,0.6247283,0.6012501,0.5456224,0.5028971,0.5053681,0.4778838,0.4752524,0.4815172,0.4923906,0.4950833,0.4720081,0.4258843,0.3870104,0.4011524,0.3886462,0.3944863,0.3647562,0.3427734,0.3396526,0.3099245,0.2964186,0.2881036,0.1699333,0.0,0.0,0.0,0.0,0.0,0.0,0.0,0.0,0.0,0.0,0.0,0.0],"regions":["north"]},"geometry":{"type":"Polygon","coordinates":[[[-87.79612,46.15221],[-87.46481,46.15221],[-87.30051,45.8963],[-87.6312,45.8963],[-87.79612,46.15221]]]}},{"type":"Feature","properties":{"cell_id":217.0,"area_km2":729.0,"elevation_m":274.0423279,"longitude":-87.2169359,"latitude":46.0241732,"abundance":[0.0,0.0,0.0,0.0,0.0,0.0,0.0,0.0,0.0,0.0,0.0,0.0,0.0,0.015413,0.7595035,0.9548517,0.9341247,0.8333905,0.7683041,0.7098026,0.6394967,0.553315,0.4901298,0.4785223,0.4836396,0.5382783,0.5387518,0.4699975,0.4081403,0.3810828,0.4375646,0.419275,0.4025012,0.3584711,0.3374687,0.3357716,0.3263963,0.3471259,0.3601882,0.2422847,0.0,0.0,0.0,0.0,0.0,0.0,0.0,0.0,0.0,0.0,0.0,0.0],"lower":[0.0,0.0,0.0,0.0,0.0,0.0,0.0,0.0,0.0,0.0,0.0,0.0,0.0,0.0043091,0.4281695,0.6397997,0.6305349,0.5545623,0.485685,0.4516298,0.4071561,0.3764178,0.3386309,0.3286054,0.3468913,0.3753485,0.3723078,0.3154878,0.2567543,0.2402453,0.252945,0.2377962,0.2430461,0.2043518,0.2089572,0.2097099,0.1981111,0.2234444,0.2079308,0.1156393,0.0,0.0,0.0,0.0,0.0,0.0,0.0,0.0,0.0,0.0,0.0,0.0],"upper":[0.0,0.0,0.0,0.0,0.0,0.0,0.0,0.0,0.0,0.0,0.0,0.0,0.0,0.0331,1.0927341,1.4348646,1.4083426,1.2864269,1.0994741,1.0163038,0.9342793,0.7853379,0.6690103,0.6578117,0.6703885,0.7571031,0.7503819,0.6695584,0.5925775,0.5602099,0.6168733,0.5736948,0.5417944,0.5166454,0.508967,0.5204601,0.4897513,0.5091121,0.5274078,0.3758691,0.0,0.0,0.0,0.0,0.0,0.0,0.0,0.0,0.0,0.0,0.0,0.0],"occurrence":[0.0,0.0,0.0,0.0,0.0,0.0,0.0,0.0,0.0,0.0,0.0,0.0,0.0,0.0106404,0.4669936,0.5463333,0.5389966,0.4949669,0.4758891,0.440824,0.4104992,0.4163739,0.3781592,0.3521093,0.3519674,0.3647032,0.3488649,0.2992661,0.2640482,0.2493755,0.2898773,0.2891336,0.2870301,0.2610694,0.2566325,0.2637937,0.260708,0.2764471,0.2922754,0.2035826,0.0,0.0,0.0,0.0,0.0,0.0,0.0,0.0,0.0,0.0,0.0,0.0],"regions":["north"]},"geometry":{"type":"Polygon","coordinates":[[[-87.46481,46.15221],[-87.13351,46.15221],[-86.96983,45.8963],[-87.30051,45.8963],[-87.46481,46.15221]]]}},{"type":"Feature","properties":{"cell_id":218.0,"area_km2":729.0,"elevation_m":228.6359558,"longitude":-86.8859419,"latitude":46.0241732,"abundance":[0.0,0.0,0.0,0.0,0.0,0.0,0.0,0.0,0.0,0.0,0.0,0.0,0.0,0.0378803,0.8118212,1.0202671,0.9940991,0.9025328,0.8140398,0.7592664,0.6582814,0.5419099,0.4538143,0.4441286,0.4502019,0.4954438,0.5050887,0.4539583,0.3725117,0.3509695,0.4000607,0.3760412,0.3627068,0.3083888,0.301325,0.3036009,0.3107915,0.3364736,0.3682983,0.2581577,0.0,0.0,0.0,0.0,0.0,0.0,0.0,0.0,0.0,0.0,0.0,0.0],"lower":[0.0,0.0,0.0,0.0,0.0,0.0,0.0,0.0,0.0,0.0,0.0,0.0,0.0,0.0111135,0.4759868,0.6912067,0.6761032,0.6094924,0.5267593,0.4803736,0.4063745,0.3558885,0.3017521,0.296414,0.3082187,0.3321642,0.3475422,0.3035349,0.2377759,0.2230791,0.2357624,0.2146957,0.214487,0.1739232,0.1808409,0.185361,0.1904073,0.2177246,0.2138445,0.1220483,0.0,0.0,0.0,0.0,0.0,0.0,0.0,0.0,0.0,0.0,0.0,0.0],"upper":[0.0,0.0,0.0,0.0,0.0,0.0,0.0,0.0,0.0,0.0,0.0,0.0,0.0,0.0878882,1.1676131,1.476739,1.4618907,1.3541647,1.1633998,1.0859123,0.9484443,0.7836683,0.6537095,0.61632,0.6255692,0.7039831,0.7160786,0.6528673,0.5605156,0.5223732,0.5802044,0.5340322,0.5159357,0.4629657,0.4618906,0.4859287,0.4687023,0.4972912,0.5447828,0.4120915,0.0,0.0,0.0,0.0,0.0,0.0,0.0,0.0,0.0,0.0,0.0,0.0],"occurrence":[0.0,0.0,0.0,0.0,0.0,0.0,0.0,0.0,0.0,0.0,0.0,0.0,0.0,0.0240843,0.4875413,0.565891,0.5701272,0.5327457,0.4968345,0.4672742,0.4210354,0.4041274,0.3482527,0.3334786,0.3290798,0.3422352,0.3387527,0.3008072,0.2514795,0.2386423,0.2698635,0.261037,0.2570397,0.2238097,0.224315,0.2335445,0.2447895,0.2649855,0.30017,0.2161858,0.0,0.0,0.0,0.0,0.0,0.0,0.0,0.0,0.0,0.0,0.0,0.0],"regions":["north"]},"geometry":{"type":"Polygon","coordinates":[[[-87.13351,46.15221],[-86.8022,46.15221],[-86.63915,45.8963],[-86.96983,45.8963],[-87.13351,46.15221]]]}},{"type":"Feature","properties":{"cell_id":219.0,"area_km2":729.0,"elevation_m":217.3912506,"longitude":-86.5549478,"latitude":46.0241732,"abundance":[0.0,0.0,0.0,0.0,0.0,0.0,0.0,0.0,0.0,0.0,0.0,0.0,0.0,0.0281373,0.8445397,1.0928319,1.0698141,0.9768441,0.882111,0.8112518,0.7386443,0.615466,0.5324749,0.5167732,0.5361727,0.5426675,0.550852,0.5251294,0.4230253,0.3989408,0.4077854,0.3729938,0.35949,0.3136072,0.3089259,0.3067843,0.3052675,0.3225611,0.3335113,0.2325105,0.0,0.0,0.0,0.0,0.0,0.0,0.0,0.0,0.0,0.0,0.0,0.0],"lower":[0.0,0.0,0.0,0.0,0.0,0.0,0.0,0.0,0.0,0.0,0.0,0.0,0.0,0.0082567,0.4977767,0.7390324,0.742261,0.6526925,0.553816,0.4934742,0.444465,0.4048454,0.3602286,0.3622317,0.3816054,0.37261,0.3802995,0.3561927,0.2725079,0.2586669,0.250806,0.2187889,0.21795,0.1751696,0.1787929,0.1766791,0.1794823,0.1924245,0.1870594,0.1084901,0.0,0.0,0.0,0.0,0.0,0.0,0.0,0.0,0.0,0.0,0.0,0.0],"upper":[0.0,0.0,0.0,0.0,0.0,0.0,0.0,0.0,0.0,0.0,0.0,0.0,0.0,0.0697537,1.2095156,1.5987589,1.5586331,1.4228424,1.2522471,1.1406386,1.0487179,0.8856429,0.7583153,0.6985507,0.7376195,0.7483306,0.7630452,0.7376457,0.6162102,0.5714008,0.5750608,0.5216736,0.5075673,0.468078,0.4643647,0.488274,0.4685771,0.4930674,0.513377,0.3937027,0.0,0.0,0.0,0.0,0.0,0.0,0.0,0.0,0.0,0.0,0.0,0.0],"occurrence":[0.0,0.0,0.0,0.0,0.0,0.0,0.0,0.0,0.0,0.0,0.0,0.0,0.0,0.01777,0.5028346,0.6024047,0.6102613,0.5751736,0.5445845,0.5019847,0.4762877,0.4513915,0.4049308,0.3868096,0.3926536,0.3806508,0.3758381,0.3565792,0.2924477,0.2760538,0.2839764,0.2670588,0.2630861,0.2298749,0.2282917,0.2336023,0.2379737,0.2527644,0.2719033,0.1943435,0.0,0.0,0.0,0.0,0.0,0.0,0.0,0.0,0.0,0.0,0.0,0.0],"regions":["north"]},"geometry":{"type":"Polygon","coordinates":[[[-86.8022,46.15221],[-86.47089,46.15221],[-86.30846,45.8963],[-86.63915,45.8963],[-86.8022,46.15221]]]}},{"type":"Feature","properties":{"cell_id":220.0,"area_km2":729.0,"elevation_m":198.229187,"longitude":-86.2239537,"latitude":46.0241732,"abundance":[0.0,0.0,0.0,0.0,0.0,0.0,0.0,0.0,0.0,0.0,0.0,0.0,0.0,0.0036691,0.6546882,0.8574283,0.8376685,0.7110146,0.610213,0.5404463,0.4196547,0.3233878,0.2739747,0.258329,0.256871,0.248164,0.2564187,0.245719,0.2117446,0.2074216,0.2325978,0.2073877,0.1997279,0.1771548,0.1947199,0.2207046,0.2386334,0.2672907,0.2989824,0.2110323,0.0,0.0,0.0,0.0,0.0,0.0,0.0,0.0,0.0,0.0,0.0,0.0],"lower":[0.0,0.0,0.0,0.0,0.0,0.0,0.0,0.0,0.0,0.0,0.0,0.0,0.0,0.00057,0.3713336,0.542451,0.5265515,0.430934,0.3474547,0.2918545,0.2269063,0.1902827,0.1691661,0.1668269,0.1661882,0.1543093,0.1565638,0.1456742,0.1218429,0.1167941,0.126593,0.1158981,0.1136997,0.0894127,0.094936,0.1057813,0.1199836,0.1456882,0.1596312,0.0965451,0.0,0.0,0.0,0.0,0.0,0.0,0.0,0.0,0.0,0.0,0.0,0.0],"upper":[0.0,0.0,0.0,0.0,0.0,0.0,0.0,0.0,0.0,0.0,0.0,0.0,0.0,0.0081606,0.9962682,1.3114151,1.2754139,1.0998412,0.9107748,0.8282814,0.6460211,0.5069638,0.4249343,0.3715951,0.3744272,0.3632692,0.3807557,0.3692496,0.3297486,0.3235602,0.3465137,0.3078021,0.2976263,0.2770126,0.3124891,0.3603638,0.4009539,0.4212469,0.4806064,0.3701999,0.0,0.0,0.0,0.0,0.0,0.0,0.0,0.0,0.0,0.0,0.0,0.0],"occurrence":[0.0,0.0,0.0,0.0,0.0,0.0,0.0,0.0,0.0,0.0,0.0,0.0,0.0,0.0021503,0.3977459,0.4893093,0.4896501,0.4306402,0.3847741,0.3342895,0.2650552,0.2377912,0.2135807,0.2006991,0.1981086,0.1863666,0.1867437,0.1710098,0.1500585,0.1468028,0.1645201,0.1528049,0.1485783,0.1308143,0.1413614,0.1665568,0.1850915,0.2088649,0.2437919,0.1761774,0.0,0.0,0.0,0.0,0.0,0.0,0.0,0.0,0.0,0.0,0.0,0.0],"regions":["north"]},"geometry":{"type":"Polygon","coordinates":[[[-86.47089,46.15221],[-86.13959,46.15221],[-85.97778,45.8963],[-86.30846,45.8963],[-86.47089,46.15221]]]}},{"type":"Feature","properties":{"cell_id":221.0,"area_km2":729.0,"elevation_m":197.5570831,"longitude":-85.8929597,"latitude":46.0241732,"abundance":[0.0,0.0,0.0,0.0,0.0,0.0,0.0,0.0,0.0,0.0,0.0,0.0,0.0,0.0155731,0.6730683,0.9184459,0.9218535,0.7936428,0.6975416,0.6329819,0.5566567,0.4316935,0.3524384,0.339513,0.3395948,0.3385257,0.3418585,0.3230764,0.2749242,0.2902378,0.2841274,0.2499595,0.2304096,0.2101619,0.2117924,0.2595202,0.2490316,0.2693685,0.2885772,0.1972558,0.0,0.0,0.0,0.0,0.0,0.0,0.0,0.0,0.0,0.0,0.0,0.0],"lower":[0.0,0.0,0.0,0.0,0.0,0.0,0.0,0.0,0.0,0.0,0.0,0.0,0.0,0.0036436,0.3593775,0.5585263,0.5836748,0.502525,0.4383535,0.3767003,0.3169216,0.2658982,0.2235737,0.2282532,0.2264428,0.2100998,0.2109988,0.184966,0.1489605,0.1539914,0.1595011,0.1438836,0.1363666,0.1050521,0.1012068,0.1185903,0.1188296,0.1382568,0.1613307,0.0886688,0.0,0.0,0.0,0.0,0.0,0.0,0.0,0.0,0.0,0.0,0.0,0.0],"upper":[0.0,0.0,0.0,0.0,0.0,0.0,0.0,0.0,0.0,0.0,0.0,0.0,0.0,0.0310318,1.0040787,1.3432193,1.3620305,1.1607226,1.0072421,0.9545462,0.8269986,0.6600186,0.553026,0.4859752,0.483047,0.4842587,0.525657,0.5275285,0.4680219,0.4702688,0.4185734,0.3603937,0.3298286,0.3188472,0.3325866,0.4105792,0.4189999,0.4278932,0.4586557,0.341295,0.0,0.0,0.0,0.0,0.0,0.0,0.0,0.0,0.0,0.0,0.0,0.0],"occurrence":[0.0,0.0,0.0,0.0,0.0,0.0,0.0,0.0,0.0,0.0,0.0,0.0,0.0,0.0096289,0.4074972,0.5048819,0.5207769,0.4601496,0.4352544,0.3929856,0.3570479,0.314458,0.2716536,0.2629102,0.261423,0.2524824,0.2471172,0.2226152,0.1886576,0.1986186,0.2002356,0.181312,0.1694492,0.1520598,0.1510523,0.1932131,0.1911146,0.2093585,0.2363871,0.1666418,0.0,0.0,0.0,0.0,0.0,0.0,0.0,0.0,0.0,0.0,0.0,0.0],"regions":["north"]},"geometry":{"type":"Polygon","coordinates":[[[-86.13959,46.15221],[-85.80828,46.15221],[-85.64709,45.8963],[-85.97778,45.8963],[-86.13959,46.15221]]]}},{"type":"Feature","properties":{"cell_id":222.0,"area_km2":729.0,"elevation_m":191.4764709,"longitude":-85.5619656,"latitude":46.0241732,"abundance":[0.0,0.0,0.0,0.0,0.0,0.0,0.0,0.0,0.0,0.0,0.0,0.0,0.0,0.0,0.678683,0.9417499,0.9800524,0.8681626,0.7485827,0.6951628,0.6235631,0.4807964,0.3914289,0.3588409,0.3655289,0.3672579,0.3964708,0.3903679,0.3360655,0.3356927,0.3236142,0.3015221,0.2830139,0.2605199,0.258485,0.2567429,0.2452755,0.2572449,0.2913367,0.2042749,0.0,0.0,0.0,0.0,0.0,0.0,0.0,0.0,0.0,0.0,0.0,0.0],"lower":[0.0,0.0,0.0,0.0,0.0,0.0,0.0,0.0,0.0,0.0,0.0,0.0,0.0,0.0,0.3925039,0.586161,0.6193761,0.5368683,0.4678561,0.4179971,0.3632919,0.2946876,0.245158,0.238573,0.2466418,0.2304383,0.2441931,0.2220376,0.1797569,0.1839885,0.1861968,0.1664126,0.1643168,0.1278641,0.1279082,0.1301454,0.1264716,0.1342771,0.1622497,0.0915413,0.0,0.0,0.0,0.0,0.0,0.0,0.0,0.0,0.0,0.0,0.0,0.0],"upper":[0.0,0.0,0.0,0.0,0.0,0.0,0.0,0.0,0.0,0.0,0.0,0.0,0.0,0.0,1.0176297,1.3923814,1.4286398,1.2637184,1.0792043,1.0143836,0.8989896,0.7184412,0.6127711,0.5090621,0.5143908,0.5182487,0.5832704,0.58267,0.5104364,0.490393,0.4528751,0.4097597,0.38913,0.3740495,0.3808427,0.3972317,0.4055087,0.4087965,0.4650783,0.3609275,0.0,0.0,0.0,0.0,0.0,0.0,0.0,0.0,0.0,0.0,0.0,0.0],"occurrence":[0.0,0.0,0.0,0.0,0.0,0.0,0.0,0.0,0.0,0.0,0.0,0.0,0.0,0.0,0.4042283,0.5139862,0.5308657,0.4864199,0.4625673,0.4279555,0.3987893,0.3449425,0.2986894,0.2736159,0.277925,0.2730276,0.2865007,0.2712158,0.2308882,0.2305739,0.2312984,0.2245528,0.2175536,0.1965589,0.1893078,0.1998242,0.1901295,0.2036953,0.2417168,0.1742186,0.0,0.0,0.0,0.0,0.0,0.0,0.0,0.0,0.0,0.0,0.0,0.0],"regions":["north"]},"geometry":{"type":"Polygon","coordinates":[[[-85.80828,46.15221],[-85.47698,46.15221],[-85.31641,45.8963],[-85.64709,45.8963],[-85.80828,46.15221]]]}},{"type":"Feature","properties":{"cell_id":223.0,"area_km2":729.0,"elevation_m":196.8980865,"longitude":-85.2309715,"latitude":46.0241732,"abundance":[0.0,0.0,0.0,0.0,0.0,0.0,0.0,0.0,0.0,0.0,0.0,0.0,0.0,0.006689,0.7144454,1.0240242,1.0705593,0.9506245,0.8517751,0.7922165,0.6982678,0.5603279,0.4789715,0.427459,0.4306754,0.4391505,0.4499147,0.4456894,0.375828,0.3712618,0.3544431,0.3179796,0.2999982,0.2858522,0.2708695,0.2834148,0.2618026,0.2585839,0.2716318,0.1801942,0.0,0.0,0.0,0.0,0.0,0.0,0.0,0.0,0.0,0.0,0.0,0.0],"lower":[0.0,0.0,0.0,0.0,0.0,0.0,0.0,0.0,0.0,0.0,0.0,0.0,0.0,0.0013094,0.4249862,0.6622623,0.7531832,0.6506258,0.5962402,0.5525607,0.4634475,0.357545,0.3154473,0.3001393,0.3202249,0.3110019,0.3154961,0.2996681,0.2432348,0.2411004,0.2286501,0.1972536,0.1921126,0.1540229,0.1367784,0.1389507,0.1225185,0.1333341,0.1501341,0.0790518,0.0,0.0,0.0,0.0,0.0,0.0,0.0,0.0,0.0,0.0,0.0,0.0],"upper":[0.0,0.0,0.0,0.0,0.0,0.0,0.0,0.0,0.0,0.0,0.0,0.0,0.0,0.0127571,1.048679,1.4434054,1.5099896,1.2941521,1.1494617,1.0767772,0.9447323,0.7558237,0.6803308,0.5820419,0.5957633,0.6182131,0.659149,0.629531,0.5281567,0.5220965,0.495035,0.4288829,0.4023969,0.3806677,0.3678499,0.3994588,0.4009261,0.3905205,0.4169556,0.3168534,0.0,0.0,0.0,0.0,0.0,0.0,0.0,0.0,0.0,0.0,0.0,0.0],"occurrence":[0.0,0.0,0.0,0.0,0.0,0.0,0.0,0.0,0.0,0.0,0.0,0.0,0.0,0.0039186,0.4037192,0.5227833,0.5422972,0.4959569,0.4846515,0.4606379,0.4312548,0.3828622,0.3585424,0.3262462,0.3274634,0.3271463,0.3250414,0.3090661,0.2593281,0.2523369,0.2428241,0.2252401,0.2156271,0.2013585,0.1883789,0.2054606,0.1983901,0.2011972,0.2205158,0.1507438,0.0,0.0,0.0,0.0,0.0,0.0,0.0,0.0,0.0,0.0,0.0,0.0],"regions":["north"]},"geometry":{"type":"Polygon","coordinates":[[[-85.47698,46.15221],[-85.14567,46.15221],[-84.98573,45.8963],[-85.31641,45.8963],[-85.47698,46.15221]]]}},{"type":"Feature","properties":{"cell_id":224.0,"area_km2":729.0,"elevation_m":208.1687012,"longitude":-84.8999775,"latitude":46.0241732,"abundance":[0.0,0.0,0.0,0.0,0.0,0.0,0.0,0.0,0.0,0.0,0.0,0.0,0.0,0.0,0.6979451,1.021858,1.0675011,0.969783,0.9173027,0.8400306,0.732819,0.5917586,0.5199393,0.468465,0.4773591,0.4868974,0.4840978,0.4805044,0.3870701,0.3426389,0.3581425,0.3227883,0.3044594,0.2941341,0.2610361,0.2852932,0.2726073,0.2528037,0.2606193,0.1735121,0.0,0.0,0.0,0.0,0.0,0.0,0.0,0.0,0.0,0.0,0.0,0.0],"lower":[0.0,0.0,0.0,0.0,0.0,0.0,0.0,0.0,0.0,0.0,0.0,0.0,0.0,0.0,0.4292463,0.6947362,0.7617494,0.6891682,0.6425468,0.591478,0.5078176,0.4032809,0.3583102,0.3264775,0.3538474,0.351109,0.3446836,0.3340453,0.2543558,0.2253451,0.2428008,0.2127223,0.2042742,0.1790484,0.1405935,0.1592762,0.1406203,0.1372606,0.1483587,0.0836292,0.0,0.0,0.0,0.0,0.0,0.0,0.0,0.0,0.0,0.0,0.0,0.0],"upper":[0.0,0.0,0.0,0.0,0.0,0.0,0.0,0.0,0.0,0.0,0.0,0.0,0.0,0.0,1.0166004,1.4435384,1.5037078,1.330073,1.251851,1.1390909,0.9802415,0.7927032,0.724263,0.6332998,0.6519822,0.6778642,0.6935062,0.6762623,0.5496274,0.4783384,0.5047404,0.4396113,0.4166121,0.4052218,0.3656313,0.405259,0.4012702,0.3835182,0.4137317,0.31188,0.0,0.0,0.0,0.0,0.0,0.0,0.0,0.0,0.0,0.0,0.0,0.0],"occurrence":[0.0,0.0,0.0,0.0,0.0,0.0,0.0,0.0,0.0,0.0,0.0,0.0,0.0,0.0,0.3962012,0.5262473,0.5480269,0.5117103,0.5354642,0.5004373,0.4613509,0.4064179,0.3764867,0.3451973,0.3505106,0.3521046,0.3450157,0.329359,0.2617392,0.2329639,0.2473006,0.2333693,0.2264734,0.2162789,0.1855472,0.2064135,0.2054429,0.1945313,0.2135169,0.1467633,0.0,0.0,0.0,0.0,0.0,0.0,0.0,0.0,0.0,0.0,0.0,0.0],"regions":["north"]},"geometry":{"type":"Polygon","coordinates":[[[-85.14567,46.15221],[-84.81436,46.15221],[-84.65504,45.8963],[-84.98573,45.8963],[-85.14567,46.15221]]]}},{"type":"Feature","properties":{"cell_id":225.0,"area_km2":729.0,"elevation_m":199.8475952,"longitude":-84.5689834,"latitude":46.0241732,"abundance":[0.0,0.0,0.0,0.0,0.0,0.0,0.0,0.0,0.0,0.0,0.0,0.0,0.0,0.0042166,0.7414928,1.0802962,1.1372309,0.9879872,0.8874698,0.8311035,0.7153255,0.5862855,0.5175512,0.4630744,0.4638479,0.4805478,0.462871,0.4494683,0.3825259,0.3517442,0.3380382,0.3073555,0.2822431,0.2742818,0.2634879,0.2760685,0.2655472,0.2362583,0.266524,0.1731865,0.0,0.0,0.0,0.0,0.0,0.0,0.0,0.0,0.0,0.0,0.0,0.0],"lower":[0.0,0.0,0.0,0.0,0.0,0.0,0.0,0.0,0.0,0.0,0.0,0.0,0.0,0.0006873,0.4430773,0.7280517,0.8064741,0.7167354,0.6414385,0.5979754,0.5110154,0.4080172,0.3655279,0.3365699,0.3500969,0.350895,0.3365226,0.3247667,0.2665161,0.2423921,0.2421865,0.2131964,0.1972186,0.1862173,0.153762,0.16636,0.141176,0.1260477,0.1416407,0.0696609,0.0,0.0,0.0,0.0,0.0,0.0,0.0,0.0,0.0,0.0,0.0,0.0],"upper":[0.0,0.0,0.0,0.0,0.0,0.0,0.0,0.0,0.0,0.0,0.0,0.0,0.0,0.007759,1.1304735,1.5424969,1.6129197,1.3583752,1.2129643,1.1266792,0.9700945,0.7958348,0.7142346,0.6317895,0.6365042,0.6564693,0.652404,0.6193438,0.5360464,0.4781739,0.4633027,0.408594,0.378306,0.3689893,0.3717807,0.3853593,0.3903319,0.3637882,0.4275963,0.3155191,0.0,0.0,0.0,0.0,0.0,0.0,0.0,0.0,0.0,0.0,0.0,0.0],"occurrence":[0.0,0.0,0.0,0.0,0.0,0.0,0.0,0.0,0.0,0.0,0.0,0.0,0.0,0.0024525,0.4196453,0.5343553,0.5567656,0.4905719,0.4918433,0.4775599,0.4438797,0.3982407,0.3765559,0.3432907,0.3363605,0.338705,0.325269,0.3021114,0.25376,0.2317173,0.2217963,0.2104448,0.2009546,0.1947385,0.1829794,0.1904503,0.1901292,0.1749152,0.2128188,0.1422285,0.0,0.0,0.0,0.0,0.0,0.0,0.0,0.0,0.0,0.0,0.0,0.0],"regions":["north"]},"geometry":{"type":"Polygon","coordinates":[[[-84.81436,46.15221],[-84.48306,46.15221],[-84.32436,45.8963],[-84.65504,45.8963],[-84.81436,46.15221]]]}},{"type":"Feature","properties":{"cell_id":226.0,"area_km2":729.0,"elevation_m":193.7190399,"longitude":-84.2379894,"latitude":46.0241732,"abundance":[0.0,0.0,0.0,0.0,0.0,0.0,0.0,0.0,0.0,0.0,0.0,0.0,0.0,0.0,0.6922476,1.0505366,1.1134816,1.0483978,0.9511749,0.8636153,0.7232808,0.5590504,0.4808822,0.4061794,0.4093268,0.4314993,0.4452326,0.4407392,0.3913821,0.3564669,0.3426653,0.3075053,0.2875312,0.2813011,0.2678577,0.2979485,0.2990233,0.2783935,0.2778673,0.1603112,0.0,0.0,0.0,0.0,0.0,0.0,0.0,0.0,0.0,0.0,0.0,0.0],"lower":[0.0,0.0,0.0,0.0,0.0,0.0,0.0,0.0,0.0,0.0,0.0,0.0,0.0,0.0,0.3980509,0.6874862,0.7584869,0.7261264,0.6595803,0.5792888,0.4885384,0.390223,0.3518015,0.3006023,0.3095948,0.315069,0.3270459,0.322093,0.2715711,0.2486059,0.2488422,0.2236759,0.2098704,0.2008148,0.1705988,0.1919773,0.1770969,0.162891,0.1439476,0.0575021,0.0,0.0,0.0,0.0,0.0,0.0,0.0,0.0,0.0,0.0,0.0,0.0],"upper":[0.0,0.0,0.0,0.0,0.0,0.0,0.0,0.0,0.0,0.0,0.0,0.0,0.0,0.0,1.0722321,1.5230016,1.5869068,1.471994,1.3409677,1.2027562,1.0133086,0.7796828,0.6670544,0.5350441,0.5398731,0.5799574,0.620178,0.6072751,0.5362483,0.4856248,0.4669684,0.3992381,0.3752894,0.3712389,0.3628187,0.4114538,0.4315549,0.4103489,0.4348822,0.2889681,0.0,0.0,0.0,0.0,0.0,0.0,0.0,0.0,0.0,0.0,0.0,0.0],"occurrence":[0.0,0.0,0.0,0.0,0.0,0.0,0.0,0.0,0.0,0.0,0.0,0.0,0.0,0.0,0.4147252,0.5414557,0.5642902,0.5464837,0.54815,0.5259075,0.4803331,0.4092542,0.3678555,0.3163879,0.3098313,0.3157541,0.3217583,0.3072238,0.2685431,0.2448762,0.2332796,0.2181336,0.2142443,0.2095904,0.1955152,0.2166205,0.2245057,0.213697,0.2260035,0.1364177,0.0,0.0,0.0,0.0,0.0,0.0,0.0,0.0,0.0,0.0,0.0,0.0],"regions":["north"]},"geometry":{"type":"Polygon","coordinates":[[[-84.48306,46.15221],[-84.15175,46.15221],[-83.99368,45.8963],[-84.32436,45.8963],[-84.48306,46.15221]]]}},{"type":"Feature","properties":{"cell_id":227.0,"area_km2":610.4175103,"elevation_m":183.8866882,"longitude":-83.9066884,"latitude":46.0058471,"abundance":[0.0,0.0,0.0,0.0,0.0,0.0,0.0,0.0,0.0,0.0,0.0,0.0,0.0,0.0,0.6766855,0.9417417,0.9402765,0.8099353,0.6713155,0.5927238,0.4876481,0.3778242,0.3474646,0.2638805,0.2404461,0.244702,0.2433683,0.2197923,0.1845262,0.1705946,0.1607096,0.1493963,0.1563103,0.1536359,0.1501064,0.1682163,0.1825306,0.1713999,0.2465722,0.164898,0.0,0.0,0.0,0.0,0.0,0.0,0.0,0.0,0.0,0.0,0.0,0.0],"lower":[0.0,0.0,0.0,0.0,0.0,0.0,0.0,0.0,0.0,0.0,0.0,0.0,0.0,0.0,0.4165017,0.6278041,0.6396275,0.5486193,0.4441663,0.3858764,0.3273611,0.2619406,0.2408938,0.1870337,0.1753865,0.1748287,0.1752109,0.1540377,0.1246429,0.1142052,0.1115502,0.106197,0.1109641,0.1048596,0.0888466,0.1026041,0.1072359,0.099165,0.1304878,0.0672673,0.0,0.0,0.0,0.0,0.0,0.0,0.0,0.0,0.0,0.0,0.0,0.0],"upper":[0.0,0.0,0.0,0.0,0.0,0.0,0.0,0.0,0.0,0.0,0.0,0.0,0.0,0.0,1.0293933,1.3364744,1.3237629,1.1157889,0.9350984,0.8207343,0.6651125,0.5169533,0.4791817,0.3440049,0.3170775,0.3317243,0.3349376,0.3030005,0.2567029,0.2391195,0.221458,0.1996866,0.2100052,0.2066606,0.2078951,0.2415118,0.2676713,0.258299,0.3995453,0.3229862,0.0,0.0,0.0,0.0,0.0,0.0,0.0,0.0,0.0,0.0,0.0,0.0],"occurrence":[0.0,0.0,0.0,0.0,0.0,0.0,0.0,0.0,0.0,0.0,0.0,0.0,0.0,0.0,0.4004477,0.5009682,0.5013465,0.4328455,0.394936,0.3670649,0.3262709,0.2755326,0.2646602,0.2041813,0.1834761,0.1836952,0.1771572,0.1519918,0.1265411,0.1173351,0.1118214,0.1077086,0.1159522,0.1151478,0.1100757,0.123443,0.1374243,0.1321497,0.2001282,0.1386272,0.0,0.0,0.0,0.0,0.0,0.0,0.0,0.0,0.0,0.0,0.0,0.0],"regions":["north"]},"geometry":{"type":"Polygon","coordinates":[[[-84.15175,46.15221],[-84.03308,46.15221],[-84.0292,46.147],[-83.97779,46.08491],[-83.91304,46.07289],[-83.78984,46.10264],[-83.66299,45.8963],[-83.99368,45.8963],[-84.15175,46.15221]]]}},{"type":"Feature","properties":{"cell_id":228.0,"area_km2":402.8747928,"elevation_m":182.2458191,"longitude":-83.622527,"latitude":46.0114832,"abundance":[0.0,0.0,0.0,0.0,0.0,0.0,0.0,0.0,0.0,0.0,0.0,0.0,0.0,0.0,0.7195035,1.0275164,1.0768199,0.8532099,0.7450274,0.6715799,0.5735638,0.4536895,0.4126523,0.3302811,0.3171645,0.3231792,0.3434068,0.3494703,0.2998626,0.2602454,0.2302168,0.2157545,0.2181045,0.207023,0.1959779,0.2109193,0.2164444,0.1964748,0.2446778,0.1722497,0.0,0.0,0.0,0.0,0.0,0.0,0.0,0.0,0.0,0.0,0.0,0.0],"lower":[0.0,0.0,0.0,0.0,0.0,0.0,0.0,0.0,0.0,0.0,0.0,0.0,0.0,0.0,0.444764,0.6800197,0.7199799,0.5717661,0.4866426,0.4218892,0.3684006,0.3017688,0.2755409,0.2200874,0.2156697,0.2210305,0.2377653,0.2308422,0.1913335,0.1683613,0.1636478,0.1602405,0.1585954,0.1484015,0.1202176,0.1284812,0.124534,0.1161243,0.1359758,0.0746222,0.0,0.0,0.0,0.0,0.0,0.0,0.0,0.0,0.0,0.0,0.0,0.0],"upper":[0.0,0.0,0.0,0.0,0.0,0.0,0.0,0.0,0.0,0.0,0.0,0.0,0.0,0.0,1.1165018,1.4863162,1.5354284,1.1858813,1.0360351,0.9471413,0.8081877,0.6246355,0.5648929,0.4489078,0.4349299,0.4488155,0.4962216,0.4887461,0.4198309,0.3714589,0.3232948,0.2896482,0.2910106,0.2743903,0.2730832,0.2981942,0.312513,0.2925037,0.3902167,0.3123368,0.0,0.0,0.0,0.0,0.0,0.0,0.0,0.0,0.0,0.0,0.0,0.0],"occurrence":[0.0,0.0,0.0,0.0,0.0,0.0,0.0,0.0,0.0,0.0,0.0,0.0,0.0,0.0,0.423349,0.5350044,0.5589292,0.4446506,0.4272912,0.4106832,0.3790973,0.3190255,0.3024194,0.2476507,0.2374856,0.237263,0.2459037,0.2360808,0.1992816,0.1732718,0.1580743,0.1534521,0.1570157,0.1518632,0.1424103,0.1498642,0.1598266,0.1492097,0.1939629,0.1426483,0.0,0.0,0.0,0.0,0.0,0.0,0.0,0.0,0.0,0.0,0.0,0.0],"regions":["north"]},"geometry":{"type":"Polygon","coordinates":[[[-83.78984,46.10264],[-83.7632,46.10907],[-83.6693,46.12274],[-83.61595,46.11683],[-83.52476,46.05871],[-83.48015,46.02375],[-83.46947,45.99468],[-83.5377,45.8963],[-83.66299,45.8963],[-83.78984,46.10264]]]}},{"type":"Feature","properties":{"cell_id":237.0,"area_km2":187.5021873,"elevation_m":344.197113,"longitude":-87.9956393,"latitude":45.8280381,"abundance":[0.0,0.0,0.0,0.0,0.0,0.0,0.0,0.0,0.0,0.0,0.0,0.0,0.0,0.0814509,1.0920166,1.5342897,1.5102116,1.3968107,1.1392156,0.9483965,0.83984,0.7197638,0.6789485,0.6998903,0.7121475,0.7938756,0.7693875,0.7194674,0.6181256,0.5454997,0.5251017,0.4958965,0.4989112,0.4445224,0.38721,0.3814057,0.3364379,0.3270804,0.3073516,0.1265923,0.0,0.0,0.0,0.0,0.0,0.0,0.0,0.0,0.0,0.0,0.0,0.0],"lower":[0.0,0.0,0.0,0.0,0.0,0.0,0.0,0.0,0.0,0.0,0.0,0.0,0.0,0.0308931,0.7511044,1.092472,1.0978507,1.0544624,0.8602682,0.6923873,0.6229476,0.5384625,0.5193746,0.5410916,0.548639,0.5952531,0.578513,0.5474364,0.4710346,0.4254825,0.4134891,0.3826883,0.3721146,0.3106384,0.257556,0.2460314,0.2164555,0.2145364,0.1788611,0.0603799,0.0,0.0,0.0,0.0,0.0,0.0,0.0,0.0,0.0,0.0,0.0,0.0],"upper":[0.0,0.0,0.0,0.0,0.0,0.0,0.0,0.0,0.0,0.0,0.0,0.0,0.0,0.1653577,1.5209919,2.1419563,2.020968,1.8044156,1.4980407,1.2636981,1.1202255,0.9378682,0.8712533,0.8951523,0.921868,1.0651481,1.0465578,0.9645082,0.8133475,0.6906583,0.6701814,0.6321644,0.638495,0.5809556,0.5202507,0.5224021,0.474354,0.4768883,0.4554541,0.2152982,0.0,0.0,0.0,0.0,0.0,0.0,0.0,0.0,0.0,0.0,0.0,0.0],"occurrence":[0.0,0.0,0.0,0.0,0.0,0.0,0.0,0.0,0.0,0.0,0.0,0.0,0.0,0.0535757,0.6141443,0.7154999,0.7112107,0.6804912,0.6490999,0.5965729,0.5523186,0.5304574,0.5205403,0.5097583,0.4983943,0.5144335,0.5051146,0.4923246,0.447858,0.3970532,0.3861851,0.3712883,0.3833419,0.3515554,0.3234137,0.3213097,0.2835144,0.2630056,0.2430427,0.1012965,0.0,0.0,0.0,0.0,0.0,0.0,0.0,0.0,0.0,0.0,0.0,0.0],"regions":["north"]},"geometry":{"type":"MultiPolygon","coordinates":[[[[-87.96188,45.8963],[-87.85098,45.72364],[-87.92254,45.75997],[-88.11612,45.8158],[-88.09648,45.87841],[-88.10179,45.8963],[-87.96188,45.8963]]],[[[-87.79818,45.64108],[-87.80898,45.64108],[-87.81409,45.65703],[-87.81287,45.66408],[-87.79818,45.64108]]]]}},{"type":"Feature","properties":{"cell_id":238.0,"area_km2":723.6147205,"elevation_m":292.8043213,"longitude":-87.7137857,"latitude":45.7691637,"abundance":[0.0,0.0,0.0,0.0,0.0,0.0,0.0,0.0,0.0,0.0,0.0,0.0,0.0,0.1288674,1.0052749,1.3390131,1.333408,1.2508633,1.0443027,0.8922902,0.78337,0.6550335,0.5713338,0.6326907,0.6455913,0.7239627,0.7432152,0.675251,0.5705967,0.5104159,0.5319287,0.5118527,0.4993409,0.4450804,0.3927397,0.3837269,0.3520072,0.3615121,0.3566865,0.2023256,0.0,0.0,0.0,0.0,0.0,0.0,0.0,0.0,0.0,0.0,0.0,0.0],"lower":[0.0,0.0,0.0,0.0,0.0,0.0,0.0,0.0,0.0,0.0,0.0,0.0,0.0,0.0474725,0.6154579,0.8546527,0.8697959,0.8440183,0.7331097,0.6184413,0.5293527,0.4590701,0.4139754,0.4617936,0.4845875,0.529361,0.5557551,0.5040014,0.416452,0.3808997,0.3997788,0.3615042,0.3506593,0.2723185,0.2464471,0.2338677,0.2184288,0.2336635,0.2202093,0.0971214,0.0,0.0,0.0,0.0,0.0,0.0,0.0,0.0,0.0,0.0,0.0,0.0],"upper":[0.0,0.0,0.0,0.0,0.0,0.0,0.0,0.0,0.0,0.0,0.0,0.0,0.0,0.2740686,1.4384588,1.9403689,1.8188273,1.6826775,1.4299672,1.221086,1.0860133,0.8788918,0.7473416,0.8156125,0.8434455,0.9716733,0.9855107,0.9128116,0.7710661,0.6728271,0.7028239,0.6656993,0.6470112,0.5924268,0.5555071,0.5579243,0.5091909,0.5265264,0.5160459,0.3245494,0.0,0.0,0.0,0.0,0.0,0.0,0.0,0.0,0.0,0.0,0.0,0.0],"occurrence":[0.0,0.0,0.0,0.0,0.0,0.0,0.0,0.0,0.0,0.0,0.0,0.0,0.0,0.0899991,0.5843483,0.667823,0.6578912,0.6409282,0.6133991,0.5636448,0.5195405,0.4905208,0.4453501,0.4700997,0.465156,0.4902763,0.4966398,0.4623985,0.4123546,0.3738072,0.3891647,0.3787536,0.382769,0.3436318,0.3166674,0.3135344,0.2867146,0.2846069,0.2806105,0.1652612,0.0,0.0,0.0,0.0,0.0,0.0,0.0,0.0,0.0,0.0,0.0,0.0],"regions":["north"]},"geometry":{"type":"Polygon","coordinates":[[[-87.81287,45.66408],[-87.80908,45.68604],[-87.83983,45.71798],[-87.85098,45.72364],[-87.96188,45.8963],[-87.6312,45.8963],[-87.46811,45.64108],[-87.79818,45.64108],[-87.81287,45.66408]]]}},{"type":"Feature","properties":{"cell_id":239.0,"area_km2":729.0,"elevation_m":252.0101013,"longitude":-87.3842367,"latitude":45.7686073,"abundance":[0.0,0.0,0.0,0.0,0.0,0.0,0.0,0.0,0.0,0.0,0.0,0.0,0.0,0.0871343,0.7781113,0.9006329,0.8431696,0.7694345,0.6781978,0.6019265,0.5262479,0.410298,0.3194038,0.3623467,0.3350078,0.3929126,0.4291719,0.4266874,0.3714764,0.3329447,0.3851667,0.3720874,0.3705321,0.3048266,0.2836636,0.295217,0.3053524,0.3489217,0.3825374,0.2648352,0.0,0.0,0.0,0.0,0.0,0.0,0.0,0.0,0.0,0.0,0.0,0.0],"lower":[0.0,0.0,0.0,0.0,0.0,0.0,0.0,0.0,0.0,0.0,0.0,0.0,0.0,0.0340942,0.4820698,0.6038622,0.5448776,0.4724857,0.4174405,0.3638971,0.3056364,0.2638054,0.2152045,0.2458877,0.2399095,0.2800307,0.3097261,0.2993032,0.2512209,0.2270441,0.2506547,0.201328,0.2163367,0.1666556,0.1610883,0.168769,0.1742212,0.2301582,0.2379481,0.1299751,0.0,0.0,0.0,0.0,0.0,0.0,0.0,0.0,0.0,0.0,0.0,0.0],"upper":[0.0,0.0,0.0,0.0,0.0,0.0,0.0,0.0,0.0,0.0,0.0,0.0,0.0,0.18327,1.1115783,1.3820229,1.2563733,1.1263721,0.9925718,0.8683767,0.7773982,0.5743654,0.4326007,0.4901234,0.451161,0.5407562,0.5786586,0.5981781,0.5231305,0.4660514,0.5443311,0.5125986,0.5023577,0.4277743,0.4173675,0.4506472,0.4510687,0.5053399,0.5511667,0.4096555,0.0,0.0,0.0,0.0,0.0,0.0,0.0,0.0,0.0,0.0,0.0,0.0],"occurrence":[0.0,0.0,0.0,0.0,0.0,0.0,0.0,0.0,0.0,0.0,0.0,0.0,0.0,0.0616495,0.4848132,0.5358284,0.4934036,0.4633256,0.4408351,0.396696,0.3572582,0.3179127,0.2526306,0.2741555,0.248939,0.279896,0.2973846,0.284535,0.2548026,0.2326822,0.2705709,0.2676625,0.2759516,0.2320852,0.2252496,0.2388035,0.2480996,0.2775176,0.3075291,0.2178259,0.0,0.0,0.0,0.0,0.0,0.0,0.0,0.0,0.0,0.0,0.0,0.0],"regions":["north"]},"geometry":{"type":"Polygon","coordinates":[[[-87.6312,45.8963],[-87.30051,45.8963],[-87.13804,45.64108],[-87.46811,45.64108],[-87.6312,45.8963]]]}},{"type":"Feature","properties":{"cell_id":240.0,"area_km2":729.0,"elevation_m":201.6192932,"longitude":-87.0538615,"latitude":45.7686073,"abundance":[0.0,0.0,0.0,0.0,0.0,0.0,0.0,0.0,0.0,0.0,0.0,0.0,0.0,0.0447443,0.5487492,0.5959458,0.5167468,0.3971102,0.2939503,0.2564597,0.2108328,0.1418346,0.09702,0.1079982,0.0976532,0.1167306,0.120411,0.1088752,0.0975558,0.0890344,0.1258972,0.1240672,0.122272,0.0957991,0.1050637,0.1146561,0.1396964,0.2251808,0.3296686,0.2618932,0.0,0.0,0.0,0.0,0.0,0.0,0.0,0.0,0.0,0.0,0.0,0.0],"lower":[0.0,0.0,0.0,0.0,0.0,0.0,0.0,0.0,0.0,0.0,0.0,0.0,0.0,0.0173221,0.326088,0.3987747,0.3154138,0.2384402,0.1657706,0.1403401,0.1125199,0.0844177,0.0607331,0.0691922,0.0675177,0.0772241,0.0800646,0.0698219,0.0612618,0.0546275,0.0712556,0.0631753,0.0666618,0.0529742,0.0559065,0.0613164,0.0782631,0.1367391,0.1912729,0.1344115,0.0,0.0,0.0,0.0,0.0,0.0,0.0,0.0,0.0,0.0,0.0,0.0],"upper":[0.0,0.0,0.0,0.0,0.0,0.0,0.0,0.0,0.0,0.0,0.0,0.0,0.0,0.0996598,0.8272075,0.9095589,0.8056288,0.6363391,0.4557498,0.4002815,0.3312588,0.2138313,0.1406214,0.1534825,0.1378398,0.1655598,0.1651031,0.1545102,0.1422167,0.133772,0.1891041,0.1832109,0.1797815,0.1442036,0.1677549,0.1881044,0.2190681,0.3434471,0.4968179,0.4230219,0.0,0.0,0.0,0.0,0.0,0.0,0.0,0.0,0.0,0.0,0.0,0.0],"occurrence":[0.0,0.0,0.0,0.0,0.0,0.0,0.0,0.0,0.0,0.0,0.0,0.0,0.0,0.0296952,0.3416976,0.3670846,0.3309818,0.2596571,0.1989296,0.1741538,0.1449525,0.1129742,0.0772251,0.083037,0.0744664,0.0822729,0.0825122,0.0741401,0.0666743,0.0612449,0.0844848,0.086491,0.0884207,0.071077,0.0817715,0.0906427,0.1119394,0.1758869,0.2557859,0.2074833,0.0,0.0,0.0,0.0,0.0,0.0,0.0,0.0,0.0,0.0,0.0,0.0],"regions":["north"]},"geometry":{"type":"Polygon","coordinates":[[[-87.30051,45.8963],[-86.96983,45.8963],[-86.80797,45.64108],[-87.13804,45.64108],[-87.30051,45.8963]]]}},{"type":"Feature","properties":{"cell_id":241.0,"area_km2":729.0,"elevation_m":185.8931732,"longitude":-86.7234864,"latitude":45.7686073,"abundance":[0.0,0.0,0.0,0.0,0.0,0.0,0.0,0.0,0.0,0.0,0.0,0.0,0.0,0.0635368,0.6710147,0.7235252,0.6132581,0.4306692,0.2685941,0.2214569,0.1737487,0.1293227,0.1032881,0.0920157,0.103253,0.0997944,0.1112352,0.0810522,0.0536346,0.049783,0.0669594,0.0659865,0.0601156,0.0544312,0.0653346,0.0931049,0.1264663,0.2078951,0.3119988,0.2648956,0.0,0.0,0.0,0.0,0.0,0.0,0.0,0.0,0.0,0.0,0.0,0.0],"lower":[0.0,0.0,0.0,0.0,0.0,0.0,0.0,0.0,0.0,0.0,0.0,0.0,0.0,0.0243102,0.3928053,0.4659966,0.34806,0.2279144,0.1363711,0.1104159,0.0840706,0.0720266,0.0585059,0.0557524,0.0633456,0.0611604,0.070054,0.0513916,0.0325751,0.0292022,0.036393,0.0357097,0.0341378,0.0295455,0.0341311,0.0477061,0.0730218,0.1239917,0.1809989,0.1346112,0.0,0.0,0.0,0.0,0.0,0.0,0.0,0.0,0.0,0.0,0.0,0.0],"upper":[0.0,0.0,0.0,0.0,0.0,0.0,0.0,0.0,0.0,0.0,0.0,0.0,0.0,0.1342873,0.9562996,1.057747,0.9365608,0.6992445,0.4430909,0.3613407,0.2913914,0.2173003,0.170357,0.1397364,0.1588292,0.1557872,0.1757527,0.1297644,0.0868098,0.0819431,0.1087094,0.1047948,0.0930949,0.0859876,0.1044023,0.155632,0.2026598,0.315775,0.4724501,0.4276801,0.0,0.0,0.0,0.0,0.0,0.0,0.0,0.0,0.0,0.0,0.0,0.0],"occurrence":[0.0,0.0,0.0,0.0,0.0,0.0,0.0,0.0,0.0,0.0,0.0,0.0,0.0,0.043378,0.4015927,0.4229203,0.3779788,0.2764234,0.1814619,0.1473738,0.1215328,0.1019719,0.0813879,0.071379,0.0776351,0.0719656,0.0782645,0.0554549,0.0373639,0.03429,0.0453246,0.0459614,0.0435897,0.0404171,0.0497764,0.0730226,0.1008699,0.1641394,0.2449626,0.2129495,0.0,0.0,0.0,0.0,0.0,0.0,0.0,0.0,0.0,0.0,0.0,0.0],"regions":["north"]},"geometry":{"type":"Polygon","coordinates":[[[-86.96983,45.8963],[-86.63915,45.8963],[-86.4779,45.64108],[-86.80797,45.64108],[-86.96983,45.8963]]]}},{"type":"Feature","properties":{"cell_id":242.0,"area_km2":729.0,"elevation_m":183.1213226,"longitude":-86.3931112,"latitude":45.7686073,"abundance":[0.0,0.0,0.0,0.0,0.0,0.0,0.0,0.0,0.0,0.0,0.0,0.0,0.0,0.0812608,0.7204147,0.7987414,0.694707,0.5230326,0.4313219,0.3889295,0.3309334,0.2733016,0.2417821,0.2373425,0.2350702,0.2094704,0.219258,0.1889039,0.1615133,0.1524028,0.1764752,0.1618939,0.1494963,0.1248896,0.1414986,0.1536842,0.1711769,0.2379946,0.3090815,0.2500525,0.0,0.0,0.0,0.0,0.0,0.0,0.0,0.0,0.0,0.0,0.0,0.0],"lower":[0.0,0.0,0.0,0.0,0.0,0.0,0.0,0.0,0.0,0.0,0.0,0.0,0.0,0.0333962,0.3995957,0.50487,0.4197172,0.2975574,0.2059106,0.1801451,0.1570243,0.1441271,0.1388987,0.1478164,0.1499576,0.1298384,0.1348374,0.1150284,0.0898054,0.0811482,0.0883774,0.0808012,0.081745,0.0655165,0.0734974,0.0843898,0.0996949,0.1360604,0.1719109,0.1141768,0.0,0.0,0.0,0.0,0.0,0.0,0.0,0.0,0.0,0.0,0.0,0.0],"upper":[0.0,0.0,0.0,0.0,0.0,0.0,0.0,0.0,0.0,0.0,0.0,0.0,0.0,0.1701818,1.0519129,1.1910807,1.048999,0.8286769,0.6825705,0.636912,0.554155,0.460455,0.3794197,0.347652,0.3549305,0.3235837,0.3341182,0.2922142,0.2555499,0.2498806,0.2765639,0.2496967,0.22689,0.1990232,0.2272526,0.2569688,0.2717479,0.3712953,0.4960122,0.4220673,0.0,0.0,0.0,0.0,0.0,0.0,0.0,0.0,0.0,0.0,0.0,0.0],"occurrence":[0.0,0.0,0.0,0.0,0.0,0.0,0.0,0.0,0.0,0.0,0.0,0.0,0.0,0.0537933,0.4228497,0.4520669,0.4234163,0.334942,0.287051,0.2616726,0.2306437,0.2112635,0.1934247,0.1846641,0.182898,0.1548535,0.1572752,0.1329722,0.1145389,0.1078276,0.1218568,0.1139114,0.1082027,0.0917308,0.1047333,0.118783,0.1356803,0.188462,0.2496095,0.2027843,0.0,0.0,0.0,0.0,0.0,0.0,0.0,0.0,0.0,0.0,0.0,0.0],"regions":["north"]},"geometry":{"type":"Polygon","coordinates":[[[-86.63915,45.8963],[-86.30846,45.8963],[-86.14783,45.64108],[-86.4779,45.64108],[-86.63915,45.8963]]]}},{"type":"Feature","properties":{"cell_id":244.0,"area_km2":729.0,"elevation_m":177.640686,"longitude":-85.7323608,"latitude":45.7686073,"abundance":[0.0,0.0,0.0,0.0,0.0,0.0,0.0,0.0,0.0,0.0,0.0,0.0,0.0,0.0781445,0.855952,1.1031611,1.0464499,0.8999831,0.5941142,0.5198245,0.4507791,0.3734408,0.310719,0.2979673,0.2990158,0.3262131,0.3238689,0.3347771,0.2768481,0.243206,0.2336698,0.2030497,0.1865979,0.1775017,0.2066019,0.2140165,0.2708439,0.2458813,0.278759,0.2042046,0.0,0.0,0.0,0.0,0.0,0.0,0.0,0.0,0.0,0.0,0.0,0.0],"lower":[0.0,0.0,0.0,0.0,0.0,0.0,0.0,0.0,0.0,0.0,0.0,0.0,0.0,0.0323204,0.5092334,0.6655726,0.6549137,0.5368332,0.3826673,0.3030043,0.2820609,0.2545344,0.2233654,0.2153073,0.2261426,0.2380396,0.22149,0.2166582,0.1641767,0.1560655,0.1442316,0.1134042,0.1108871,0.0976008,0.1129534,0.1157285,0.1548793,0.1480132,0.1676517,0.1001677,0.0,0.0,0.0,0.0,0.0,0.0,0.0,0.0,0.0,0.0,0.0,0.0],"upper":[0.0,0.0,0.0,0.0,0.0,0.0,0.0,0.0,0.0,0.0,0.0,0.0,0.0,0.1366994,1.2304057,1.5750583,1.5194839,1.3297498,0.8572386,0.7568586,0.6359521,0.5444431,0.459401,0.4114709,0.4068928,0.4305292,0.4184035,0.4406136,0.3707782,0.3252228,0.3069566,0.2624292,0.2461711,0.2428886,0.2836125,0.3053335,0.3950403,0.3717279,0.4472776,0.3673012,0.0,0.0,0.0,0.0,0.0,0.0,0.0,0.0,0.0,0.0,0.0,0.0],"occurrence":[0.0,0.0,0.0,0.0,0.0,0.0,0.0,0.0,0.0,0.0,0.0,0.0,0.0,0.0498337,0.4823805,0.5595881,0.5437771,0.486167,0.3624071,0.3234086,0.2854753,0.2574974,0.2149975,0.2113342,0.2119397,0.2262891,0.2241229,0.2225185,0.183871,0.1638717,0.1618487,0.1424085,0.1366785,0.1273316,0.1477357,0.1567923,0.208533,0.1931617,0.2221368,0.1696078,0.0,0.0,0.0,0.0,0.0,0.0,0.0,0.0,0.0,0.0,0.0,0.0],"regions":["north"]},"geometry":{"type":"Polygon","coordinates":[[[-85.97778,45.8963],[-85.64709,45.8963],[-85.4877,45.64108],[-85.81777,45.64108],[-85.97778,45.8963]]]}},{"type":"Feature","properties":{"cell_id":245.0,"area_km2":729.0,"elevation_m":176.8988647,"longitude":-85.4019856,"latitude":45.7686073,"abundance":[0.0,0.0,0.0,0.0,0.0,0.0,0.0,0.0,0.0,0.0,0.0,0.0,0.0,0.018881,0.5160308,0.6506038,0.4638572,0.2439325,0.1605806,0.1246016,0.1183065,0.0962527,0.0819646,0.0436643,0.0464425,0.0527352,0.0515532,0.049479,0.040788,0.0383518,0.0353526,0.0307757,0.0286456,0.0274477,0.0306385,0.0626486,0.0831146,0.1104131,0.2314558,0.1771271,0.0,0.0,0.0,0.0,0.0,0.0,0.0,0.0,0.0,0.0,0.0,0.0],"lower":[0.0,0.0,0.0,0.0,0.0,0.0,0.0,0.0,0.0,0.0,0.0,0.0,0.0,0.0091702,0.3020373,0.3730343,0.2687109,0.1367712,0.0910818,0.0714466,0.0654437,0.0504447,0.0442108,0.0262272,0.0298112,0.0341312,0.0300415,0.026479,0.0225549,0.0221253,0.0202891,0.0152298,0.014781,0.0131544,0.0151632,0.0336618,0.0433582,0.0579867,0.1201861,0.0793431,0.0,0.0,0.0,0.0,0.0,0.0,0.0,0.0,0.0,0.0,0.0,0.0],"upper":[0.0,0.0,0.0,0.0,0.0,0.0,0.0,0.0,0.0,0.0,0.0,0.0,0.0,0.0380667,0.8323503,1.0670547,0.8122439,0.4022165,0.2568541,0.1978202,0.1815569,0.1496992,0.1366386,0.0727262,0.0685886,0.0801446,0.0723627,0.0689128,0.0615554,0.0542861,0.0521684,0.0431363,0.0412778,0.040964,0.0497574,0.1016089,0.1284107,0.1742811,0.3959607,0.3508943,0.0,0.0,0.0,0.0,0.0,0.0,0.0,0.0,0.0,0.0,0.0,0.0],"occurrence":[0.0,0.0,0.0,0.0,0.0,0.0,0.0,0.0,0.0,0.0,0.0,0.0,0.0,0.0113898,0.2781773,0.3273359,0.2588305,0.1436386,0.1056147,0.0845694,0.0819246,0.0708595,0.0610798,0.0318804,0.0350358,0.0385505,0.0347472,0.0318123,0.0279067,0.0255721,0.0239643,0.0199717,0.0186957,0.0175707,0.0205654,0.0450902,0.0629438,0.0850169,0.1771253,0.1424678,0.0,0.0,0.0,0.0,0.0,0.0,0.0,0.0,0.0,0.0,0.0,0.0],"regions":["north"]},"geometry":{"type":"Polygon","coordinates":[[[-85.64709,45.8963],[-85.31641,45.8963],[-85.15763,45.64108],[-85.4877,45.64108],[-85.64709,45.8963]]]}},{"type":"Feature","properties":{"cell_id":246.0,"area_km2":729.0,"elevation_m":183.4722595,"longitude":-85.0716104,"latitude":45.7686073,"abundance":[0.0,0.0,0.0,0.0,0.0,0.0,0.0,0.0,0.0,0.0,0.0,0.0,0.0,0.0,0.6517966,0.8404853,0.8686182,0.6604922,0.5311651,0.4871077,0.4213051,0.3511921,0.2760558,0.270564,0.294646,0.2979316,0.2902364,0.2375574,0.2029106,0.1730221,0.1911303,0.1678549,0.1583333,0.1538815,0.1537297,0.2025777,0.2195552,0.2069818,0.2598544,0.1626118,0.0064014,0.0,0.0,0.0,0.0,0.0,0.0,0.0,0.0,0.0,0.0,0.0],"lower":[0.0,0.0,0.0,0.0,0.0,0.0,0.0,0.0,0.0,0.0,0.0,0.0,0.0,0.0,0.3940473,0.5625122,0.5753068,0.4364642,0.3579506,0.3365644,0.2921079,0.2450268,0.2015028,0.1939946,0.2143788,0.2127391,0.2042395,0.1665576,0.1319827,0.1162809,0.1328755,0.1130644,0.1034501,0.1011557,0.1011646,0.1328712,0.1456257,0.1289304,0.143177,0.0770052,0.0020289,0.0,0.0,0.0,0.0,0.0,0.0,0.0,0.0,0.0,0.0,0.0],"upper":[0.0,0.0,0.0,0.0,0.0,0.0,0.0,0.0,0.0,0.0,0.0,0.0,0.0,0.0,0.970826,1.2155925,1.2555996,0.9689755,0.7492561,0.6780132,0.5781671,0.4814076,0.3801406,0.3581277,0.3798986,0.3866588,0.3882023,0.3181884,0.2810392,0.2347181,0.260434,0.2308367,0.2121426,0.2090312,0.2106594,0.2843791,0.3073916,0.3063359,0.4111098,0.2939041,0.0140639,0.0,0.0,0.0,0.0,0.0,0.0,0.0,0.0,0.0,0.0,0.0],"occurrence":[0.0,0.0,0.0,0.0,0.0,0.0,0.0,0.0,0.0,0.0,0.0,0.0,0.0,0.0,0.3638322,0.4195828,0.4420557,0.3593141,0.3210379,0.312192,0.2835818,0.2525317,0.2108878,0.207269,0.2189849,0.2095595,0.2052774,0.1627737,0.1362728,0.1152615,0.1265444,0.1165613,0.1122864,0.1115839,0.1100973,0.1477516,0.1637336,0.1563551,0.2033018,0.1312483,0.0053706,0.0,0.0,0.0,0.0,0.0,0.0,0.0,0.0,0.0,0.0,0.0],"regions":["north"]},"geometry":{"type":"Polygon","coordinates":[[[-85.31641,45.8963],[-84.98573,45.8963],[-84.82756,45.64108],[-85.15763,45.64108],[-85.31641,45.8963]]]}},{"type":"Feature","properties":{"cell_id":247.0,"area_km2":729.0,"elevation_m":192.1687927,"longitude":-84.7412352,"latitude":45.7686073,"abundance":[0.0,0.0,0.0,0.0,0.0,0.0,0.0,0.0,0.0,0.0,0.0,0.0,0.0,0.0049055,0.6383902,0.9908507,0.984657,0.8726723,0.7566958,0.6863602,0.5749094,0.4589319,0.3997742,0.341717,0.3489861,0.3449635,0.3341809,0.3164685,0.277928,0.257479,0.2787942,0.2508552,0.2386581,0.2309943,0.2369469,0.2570282,0.2674728,0.2487869,0.2675546,0.1690016,0.0,0.0,0.0,0.0,0.0,0.0,0.0,0.0,0.0,0.0,0.0,0.0],"lower":[0.0,0.0,0.0,0.0,0.0,0.0,0.0,0.0,0.0,0.0,0.0,0.0,0.0,0.0013015,0.3950245,0.674586,0.6828584,0.6045502,0.5362452,0.4918152,0.4030028,0.3195721,0.2830088,0.2394327,0.251645,0.2459735,0.2367107,0.2253638,0.1763082,0.1770839,0.2005591,0.17953,0.1629296,0.1590913,0.1610304,0.1720984,0.1789585,0.1539593,0.1522351,0.0800355,0.0,0.0,0.0,0.0,0.0,0.0,0.0,0.0,0.0,0.0,0.0,0.0],"upper":[0.0,0.0,0.0,0.0,0.0,0.0,0.0,0.0,0.0,0.0,0.0,0.0,0.0,0.0083724,0.9474674,1.3956152,1.404307,1.2444881,1.0917051,0.9490258,0.7686461,0.6111615,0.5530168,0.4623746,0.4705626,0.4790014,0.4679347,0.4486409,0.3937121,0.3541088,0.3704677,0.3216118,0.3108773,0.2984478,0.3116655,0.3501733,0.3734854,0.3597112,0.4146201,0.2941881,0.0,0.0,0.0,0.0,0.0,0.0,0.0,0.0,0.0,0.0,0.0,0.0],"occurrence":[0.0,0.0,0.0,0.0,0.0,0.0,0.0,0.0,0.0,0.0,0.0,0.0,0.0,0.0028415,0.3872315,0.5143952,0.5105056,0.4757109,0.4591841,0.435923,0.3873762,0.3306891,0.2965357,0.2588606,0.2554806,0.2451193,0.230894,0.217164,0.1850223,0.1760778,0.1944801,0.1825423,0.1800079,0.1734009,0.1780001,0.196861,0.2101422,0.1960884,0.2178222,0.1418395,0.0,0.0,0.0,0.0,0.0,0.0,0.0,0.0,0.0,0.0,0.0,0.0],"regions":["north"]},"geometry":{"type":"Polygon","coordinates":[[[-84.98573,45.8963],[-84.65504,45.8963],[-84.49749,45.64108],[-84.82756,45.64108],[-84.98573,45.8963]]]}},{"type":"Feature","properties":{"cell_id":248.0,"area_km2":729.0,"elevation_m":181.8871765,"longitude":-84.4108601,"latitude":45.7686073,"abundance":[0.0,0.0,0.0,0.0,0.0,0.0,0.0,0.0,0.0,0.0,0.0,0.0,0.0,0.0081315,0.6171483,0.8333052,0.802347,0.6087957,0.4886416,0.4593544,0.3937665,0.281971,0.2360589,0.2157073,0.210673,0.2173426,0.2030284,0.1585019,0.139891,0.1164319,0.1005026,0.0914191,0.0941841,0.0886575,0.1083229,0.1054323,0.1411272,0.147023,0.2322541,0.1581255,0.0,0.0,0.0,0.0,0.0,0.0,0.0,0.0,0.0,0.0,0.0,0.0],"lower":[0.0,0.0,0.0,0.0,0.0,0.0,0.0,0.0,0.0,0.0,0.0,0.0,0.0,0.0020272,0.3925074,0.5652686,0.5339893,0.4054225,0.3378816,0.3165136,0.2710499,0.198886,0.1665465,0.1530449,0.1555591,0.1576336,0.1458667,0.1115814,0.0971126,0.081054,0.0716129,0.0664427,0.065683,0.0600598,0.0709594,0.0715222,0.0948874,0.0923106,0.1260168,0.0731929,0.0,0.0,0.0,0.0,0.0,0.0,0.0,0.0,0.0,0.0,0.0,0.0],"upper":[0.0,0.0,0.0,0.0,0.0,0.0,0.0,0.0,0.0,0.0,0.0,0.0,0.0,0.0147555,0.9127476,1.1954602,1.1600236,0.869711,0.6736604,0.6271468,0.5351986,0.3744426,0.3170561,0.2764481,0.2822635,0.2928402,0.2750118,0.219488,0.2011108,0.1614088,0.1356646,0.1184863,0.1261335,0.1144918,0.1458993,0.1459007,0.194834,0.2176958,0.3763091,0.2998797,0.0,0.0,0.0,0.0,0.0,0.0,0.0,0.0,0.0,0.0,0.0,0.0],"occurrence":[0.0,0.0,0.0,0.0,0.0,0.0,0.0,0.0,0.0,0.0,0.0,0.0,0.0,0.0047949,0.3572862,0.4311619,0.4183626,0.3316063,0.2912445,0.2879607,0.2644337,0.1985934,0.1702037,0.1563171,0.1494355,0.1501596,0.1401756,0.1096432,0.0974781,0.0824987,0.0711553,0.0662249,0.0699406,0.0659112,0.0810398,0.0813445,0.1116728,0.1161542,0.185614,0.1293091,0.0,0.0,0.0,0.0,0.0,0.0,0.0,0.0,0.0,0.0,0.0,0.0],"regions":["north"]},"geometry":{"type":"Polygon","coordinates":[[[-84.65504,45.8963],[-84.32436,45.8963],[-84.16742,45.64108],[-84.49749,45.64108],[-84.65504,45.8963]]]}},{"type":"Feature","properties":{"cell_id":260.0,"area_km2":248.2356992,"elevation_m":261.0462341,"longitude":-87.7666074,"latitude":45.4666137,"abundance":[0.0,0.0,0.0,0.0,0.0,0.0,0.0,0.0,0.0,0.0,0.0,0.0,0.0,0.2825917,1.1056128,1.3832651,1.3514764,1.2886856,1.1175389,0.9593158,0.8377143,0.7228935,0.6668578,0.7160777,0.7272233,0.7881808,0.8193623,0.7550274,0.6536266,0.5756862,0.5519629,0.5074708,0.483991,0.4226735,0.3682236,0.3541023,0.3354426,0.3745178,0.3743928,0.2288982,0.0,0.0,0.0,0.0,0.0,0.0,0.0,0.0,0.0,0.0,0.0,0.0],"lower":[0.0,0.0,0.0,0.0,0.0,0.0,0.0,0.0,0.0,0.0,0.0,0.0,0.0,0.1151023,0.7662089,0.8633626,0.8424419,0.7965785,0.677129,0.6131089,0.538712,0.4916975,0.4747975,0.5222755,0.5308636,0.5814454,0.5933421,0.5387939,0.4728289,0.4058276,0.3882989,0.3228599,0.2996881,0.2457685,0.2092399,0.1985217,0.1837576,0.2391389,0.2329971,0.1166662,0.0,0.0,0.0,0.0,0.0,0.0,0.0,0.0,0.0,0.0,0.0,0.0],"upper":[0.0,0.0,0.0,0.0,0.0,0.0,0.0,0.0,0.0,0.0,0.0,0.0,0.0,0.5544925,1.5445354,2.0364761,1.9177216,1.7462647,1.5402485,1.3338068,1.1759518,0.9771081,0.8740027,0.9189064,0.9483876,1.0633614,1.1146727,1.0238287,0.8689969,0.7584687,0.7327606,0.688029,0.6589503,0.6100318,0.5437235,0.5405775,0.4968654,0.5353615,0.530879,0.3639455,0.0,0.0,0.0,0.0,0.0,0.0,0.0,0.0,0.0,0.0,0.0,0.0],"occurrence":[0.0,0.0,0.0,0.0,0.0,0.0,0.0,0.0,0.0,0.0,0.0,0.0,0.0,0.1889511,0.6197195,0.6869385,0.6823018,0.6538591,0.6382605,0.5974582,0.5592508,0.547629,0.5099665,0.5133651,0.5160024,0.525204,0.5507826,0.5260568,0.4708556,0.4198888,0.3983722,0.3642184,0.3633432,0.3223956,0.2976377,0.2977701,0.2763447,0.2964784,0.2874216,0.1816139,0.0,0.0,0.0,0.0,0.0,0.0,0.0,0.0,0.0,0.0,0.0,0.0],"regions":["north","central"]},"geometry":{"type":"Polygon","coordinates":[[[-87.79818,45.64108],[-87.63628,45.38652],[-87.87487,45.38652],[-87.87403,45.41281],[-87.85913,45.4455],[-87.81518,45.50582],[-87.81466,45.56324],[-87.79456,45.59603],[-87.80898,45.64108],[-87.79818,45.64108]]]}},{"type":"Feature","properties":{"cell_id":261.0,"area_km2":729.0,"elevation_m":223.0281982,"longitude":-87.5521235,"latitude":45.5137186,"abundance":[0.0,0.0,0.0,0.0,0.0,0.0,0.0,0.0,0.0,0.0,0.0,0.0,0.0,0.1490092,0.7586172,0.8086776,0.7084801,0.6337901,0.5249853,0.4629827,0.4069963,0.3412199,0.2671206,0.303124,0.2944425,0.3564593,0.3784155,0.3520505,0.2989032,0.2651631,0.2953871,0.2770716,0.2732112,0.225813,0.2185347,0.223827,0.2312151,0.3206519,0.3744987,0.2680866,0.0,0.0,0.0,0.0,0.0,0.0,0.0,0.0,0.0,0.0,0.0,0.0],"lower":[0.0,0.0,0.0,0.0,0.0,0.0,0.0,0.0,0.0,0.0,0.0,0.0,0.0,0.0624773,0.4961472,0.5024858,0.3942108,0.331474,0.276911,0.259554,0.2312496,0.20509,0.1673377,0.2013848,0.2045093,0.2438056,0.2623349,0.2345991,0.1925367,0.1572017,0.1632358,0.1356821,0.1389959,0.1148305,0.1105203,0.111166,0.1089664,0.1975812,0.2376608,0.1342046,0.0,0.0,0.0,0.0,0.0,0.0,0.0,0.0,0.0,0.0,0.0,0.0],"upper":[0.0,0.0,0.0,0.0,0.0,0.0,0.0,0.0,0.0,0.0,0.0,0.0,0.0,0.2826113,1.0846701,1.2038571,1.0220835,0.9171087,0.7698886,0.6767029,0.619024,0.4926031,0.3756365,0.4152388,0.4130633,0.50517,0.5261672,0.5024425,0.4308987,0.3878645,0.424737,0.4031252,0.3940389,0.3440411,0.3414585,0.3645816,0.3557987,0.4697506,0.5410071,0.410763,0.0,0.0,0.0,0.0,0.0,0.0,0.0,0.0,0.0,0.0,0.0,0.0],"occurrence":[0.0,0.0,0.0,0.0,0.0,0.0,0.0,0.0,0.0,0.0,0.0,0.0,0.0,0.1044399,0.4678137,0.477363,0.4151843,0.3795856,0.3485776,0.3192971,0.2968555,0.2695231,0.2107612,0.2283654,0.2208911,0.2504675,0.2654484,0.2483237,0.2150071,0.1929048,0.2080302,0.1972535,0.2053453,0.172427,0.1766618,0.1864593,0.18974,0.2559887,0.2970228,0.2151626,0.0,0.0,0.0,0.0,0.0,0.0,0.0,0.0,0.0,0.0,0.0,0.0],"regions":["north","central"]},"geometry":{"type":"Polygon","coordinates":[[[-87.79818,45.64108],[-87.46811,45.64108],[-87.30682,45.38652],[-87.63628,45.38652],[-87.79818,45.64108]]]}},{"type":"Feature","properties":{"cell_id":262.0,"area_km2":646.9131102,"elevation_m":186.6387329,"longitude":-87.2417188,"latitude":45.526144,"abundance":[0.0,0.0,0.0,0.0,0.0,0.0,0.0,0.0,0.0,0.0,0.0,0.0,0.0,0.2157486,0.7411581,0.7646096,0.6833243,0.5852957,0.5167885,0.4416187,0.3856906,0.298507,0.2279674,0.2681499,0.2355923,0.27644,0.2964994,0.2625222,0.20895,0.1497084,0.2087387,0.1734,0.173148,0.1490992,0.1489833,0.16645,0.1914468,0.2798093,0.3530262,0.3002199,0.0,0.0,0.0,0.0,0.0,0.0,0.0,0.0,0.0,0.0,0.0,0.0],"lower":[0.0,0.0,0.0,0.0,0.0,0.0,0.0,0.0,0.0,0.0,0.0,0.0,0.0,0.0909937,0.5015864,0.5027308,0.3806276,0.2782981,0.2401221,0.2059542,0.1859875,0.1696997,0.1308722,0.1635124,0.1516274,0.1710514,0.189224,0.1656803,0.1175957,0.0793677,0.0983166,0.0731476,0.0857137,0.0745905,0.0685557,0.0857951,0.0991479,0.1734962,0.2248567,0.16559,0.0,0.0,0.0,0.0,0.0,0.0,0.0,0.0,0.0,0.0,0.0,0.0],"upper":[0.0,0.0,0.0,0.0,0.0,0.0,0.0,0.0,0.0,0.0,0.0,0.0,0.0,0.4076125,1.0516794,1.0828876,0.9862261,0.8751939,0.7965958,0.6862376,0.6330856,0.4721004,0.3484105,0.3946664,0.343862,0.413269,0.4272589,0.395757,0.330907,0.2449884,0.3297268,0.2812192,0.2743675,0.2424641,0.2392229,0.272478,0.288482,0.3978586,0.5031209,0.4620708,0.0,0.0,0.0,0.0,0.0,0.0,0.0,0.0,0.0,0.0,0.0,0.0],"occurrence":[0.0,0.0,0.0,0.0,0.0,0.0,0.0,0.0,0.0,0.0,0.0,0.0,0.0,0.1467138,0.4488913,0.4589139,0.4192008,0.3719243,0.3485048,0.3055948,0.2849124,0.2410228,0.1752556,0.1963519,0.1697125,0.1919615,0.2044531,0.1794224,0.1405796,0.1031263,0.1373371,0.1188411,0.1233608,0.1085375,0.1178596,0.1342889,0.1552675,0.2193949,0.2725342,0.2374495,0.0,0.0,0.0,0.0,0.0,0.0,0.0,0.0,0.0,0.0,0.0,0.0],"regions":["north","central"]},"geometry":{"type":"Polygon","coordinates":[[[-87.46811,45.64108],[-87.13804,45.64108],[-87.01879,45.45236],[-87.11527,45.45236],[-87.16751,45.38652],[-87.30682,45.38652],[-87.46811,45.64108]]]}},{"type":"Feature","properties":{"cell_id":264.0,"area_km2":727.6492336,"elevation_m":175.6660461,"longitude":-86.5626847,"latitude":45.5139463,"abundance":[0.0,0.0,0.0,0.0,0.0,0.0,0.0,0.0,0.0,0.0,0.0,0.0,0.0,0.1073983,0.3976487,0.3771421,0.3161323,0.0880875,0.0,0.0,0.0,0.0,0.0,0.0,0.0,0.0,0.0,0.0,0.0,0.0,0.0,0.0,0.0,0.0,0.0,0.0,0.0,0.1347555,0.2375426,0.2537139,0.0,0.0,0.0,0.0,0.0,0.0,0.0,0.0,0.0,0.0,0.0,0.0],"lower":[0.0,0.0,0.0,0.0,0.0,0.0,0.0,0.0,0.0,0.0,0.0,0.0,0.0,0.0483552,0.2374837,0.2367313,0.1477278,0.0338168,0.0,0.0,0.0,0.0,0.0,0.0,0.0,0.0,0.0,0.0,0.0,0.0,0.0,0.0,0.0,0.0,0.0,0.0,0.0,0.0552234,0.1358232,0.1258526,0.0,0.0,0.0,0.0,0.0,0.0,0.0,0.0,0.0,0.0,0.0,0.0],"upper":[0.0,0.0,0.0,0.0,0.0,0.0,0.0,0.0,0.0,0.0,0.0,0.0,0.0,0.2106113,0.5550141,0.5672677,0.5180044,0.1564143,0.0,0.0,0.0,0.0,0.0,0.0,0.0,0.0,0.0,0.0,0.0,0.0,0.0,0.0,0.0,0.0,0.0,0.0,0.0,0.2232607,0.3762086,0.4244229,0.0,0.0,0.0,0.0,0.0,0.0,0.0,0.0,0.0,0.0,0.0,0.0],"occurrence":[0.0,0.0,0.0,0.0,0.0,0.0,0.0,0.0,0.0,0.0,0.0,0.0,0.0,0.0699166,0.2370948,0.2326393,0.2080393,0.0579335,0.0,0.0,0.0,0.0,0.0,0.0,0.0,0.0,0.0,0.0,0.0,0.0,0.0,0.0,0.0,0.0,0.0,0.0,0.0,0.104164,0.1901292,0.2018664,0.0,0.0,0.0,0.0,0.0,0.0,0.0,0.0,0.0,0.0,0.0,0.0],"regions":["north","central"]},"geometry":{"type":"Polygon","coordinates":[[[-86.80797,45.64108],[-86.4779,45.64108],[-86.31845,45.38652],[-86.62538,45.38652],[-86.65654,45.4003],[-86.80797,45.64108]]]}},{"type":"Feature","properties":{"cell_id":266.0,"area_km2":729.0,"elevation_m":175.5618134,"longitude":-85.9033076,"latitude":45.5137186,"abundance":[0.0,0.0,0.0,0.0,0.0,0.0,0.0,0.0,0.0,0.0,0.0,0.0,0.0,0.073898,0.558925,0.507274,0.3703905,0.1321398,0.1167694,0.1070021,0.0716753,0.0503202,0.0521707,0.0509237,0.0504941,0.0721759,0.073946,0.067243,0.0577702,0.0544733,0.0522752,0.0488372,0.0347101,0.0355639,0.0399949,0.0365128,0.0429834,0.0620901,0.1061768,0.1705994,0.0,0.0,0.0,0.0,0.0,0.0,0.0,0.0,0.0,0.0,0.0,0.0],"lower":[0.0,0.0,0.0,0.0,0.0,0.0,0.0,0.0,0.0,0.0,0.0,0.0,0.0,0.0299954,0.3651302,0.3110296,0.245897,0.085052,0.0816528,0.0695078,0.0451403,0.0335148,0.0346876,0.0345341,0.0355171,0.0489249,0.0492068,0.0455209,0.0391821,0.0366441,0.0347369,0.0307912,0.0242913,0.0225705,0.0250549,0.0234978,0.0290643,0.0395508,0.0648602,0.0869559,0.0,0.0,0.0,0.0,0.0,0.0,0.0,0.0,0.0,0.0,0.0,0.0],"upper":[0.0,0.0,0.0,0.0,0.0,0.0,0.0,0.0,0.0,0.0,0.0,0.0,0.0,0.1338685,0.8184567,0.7573502,0.5703323,0.2043615,0.1897613,0.1707788,0.1151356,0.0810926,0.078659,0.0756967,0.0678871,0.0987488,0.0927497,0.0843847,0.0744357,0.0706802,0.0673716,0.0651938,0.0498747,0.0525655,0.0619957,0.0554425,0.0657924,0.0940605,0.1656494,0.3114766,0.0,0.0,0.0,0.0,0.0,0.0,0.0,0.0,0.0,0.0,0.0,0.0],"occurrence":[0.0,0.0,0.0,0.0,0.0,0.0,0.0,0.0,0.0,0.0,0.0,0.0,0.0,0.0471896,0.295727,0.2597397,0.2048921,0.0834653,0.0823088,0.0773817,0.053695,0.0388823,0.0404708,0.0405023,0.0386997,0.0483592,0.0497517,0.0461709,0.0415328,0.0374549,0.0340017,0.031522,0.0226045,0.0233875,0.0295866,0.0277347,0.0340857,0.0444584,0.0766461,0.1221461,0.0,0.0,0.0,0.0,0.0,0.0,0.0,0.0,0.0,0.0,0.0,0.0],"regions":["north","central"]},"geometry":{"type":"Polygon","coordinates":[[[-86.14783,45.64108],[-85.81777,45.64108],[-85.65953,45.38652],[-85.98899,45.38652],[-86.14783,45.64108]]]}},{"type":"Feature","properties":{"cell_id":267.0,"area_km2":729.0,"elevation_m":177.4651794,"longitude":-85.5735444,"latitude":45.5137186,"abundance":[0.0,0.0,0.0,0.0,0.0,0.0,0.0,0.0,0.0,0.0,0.0,0.0,0.0,0.1636811,0.7143822,0.8801256,0.8598061,0.7026139,0.5771846,0.5445576,0.4868159,0.4127564,0.3759837,0.353431,0.3517176,0.3664425,0.3521261,0.3324712,0.2648796,0.2713624,0.219375,0.1887227,0.1793995,0.1670684,0.2158529,0.2213003,0.2293018,0.2287648,0.2713407,0.2190503,0.0,0.0,0.0,0.0,0.0,0.0,0.0,0.0,0.0,0.0,0.0,0.0],"lower":[0.0,0.0,0.0,0.0,0.0,0.0,0.0,0.0,0.0,0.0,0.0,0.0,0.0,0.0633106,0.4464177,0.5604447,0.556849,0.4201219,0.356151,0.3280631,0.2961672,0.2829354,0.2594903,0.24538,0.2541316,0.2627566,0.2502312,0.2245079,0.1726059,0.1814337,0.1354369,0.1071568,0.1047499,0.0986578,0.1139745,0.1193971,0.1378738,0.1421835,0.1669346,0.1089804,0.0,0.0,0.0,0.0,0.0,0.0,0.0,0.0,0.0,0.0,0.0,0.0],"upper":[0.0,0.0,0.0,0.0,0.0,0.0,0.0,0.0,0.0,0.0,0.0,0.0,0.0,0.295054,1.0417594,1.2721611,1.2908896,1.0740526,0.8493987,0.7850308,0.6939791,0.5997407,0.5354143,0.4937364,0.4988039,0.4977956,0.4763992,0.4586416,0.3633859,0.3638422,0.3047796,0.2557923,0.2459545,0.2434497,0.3128813,0.3228912,0.3526109,0.3584294,0.4277495,0.3868687,0.0,0.0,0.0,0.0,0.0,0.0,0.0,0.0,0.0,0.0,0.0,0.0],"occurrence":[0.0,0.0,0.0,0.0,0.0,0.0,0.0,0.0,0.0,0.0,0.0,0.0,0.0,0.0999996,0.3826215,0.4435529,0.453178,0.383092,0.3449291,0.3331271,0.3032927,0.280864,0.2616107,0.2413795,0.2344718,0.2355809,0.2254956,0.2122014,0.1673681,0.1723809,0.1477752,0.1273954,0.1245958,0.1145953,0.1438739,0.1519715,0.1674409,0.1772863,0.2152047,0.1790047,0.0,0.0,0.0,0.0,0.0,0.0,0.0,0.0,0.0,0.0,0.0,0.0],"regions":["north","central"]},"geometry":{"type":"Polygon","coordinates":[[[-85.81777,45.64108],[-85.4877,45.64108],[-85.33007,45.38652],[-85.65953,45.38652],[-85.81777,45.64108]]]}},{"type":"Feature","properties":{"cell_id":268.0,"area_km2":729.0,"elevation_m":190.518692,"longitude":-85.2437812,"latitude":45.5137186,"abundance":[0.0,0.0,0.0,0.0,0.0,0.0,0.0,0.0,0.0,0.0,0.0,0.0,0.0,0.0454899,0.5431356,0.6157531,0.6194462,0.5226809,0.3487743,0.2860984,0.2663363,0.1911591,0.1383392,0.1459212,0.1823462,0.2080569,0.2280072,0.2354217,0.1803934,0.1328087,0.1206983,0.1172988,0.0766903,0.0741416,0.1021819,0.1166643,0.1186979,0.1026335,0.1307123,0.1102035,0.0071426,0.0,0.0,0.0,0.0,0.0,0.0,0.0,0.0,0.0,0.0,0.0],"lower":[0.0,0.0,0.0,0.0,0.0,0.0,0.0,0.0,0.0,0.0,0.0,0.0,0.0,0.0182658,0.3626183,0.4321112,0.4194244,0.3519874,0.2520971,0.2079168,0.1827236,0.1368185,0.0992572,0.1100895,0.1389768,0.1589168,0.170653,0.1762547,0.1276842,0.0917193,0.0854612,0.0768673,0.0522288,0.0509047,0.0674246,0.0772766,0.0780153,0.0680077,0.0775248,0.057583,0.0019821,0.0,0.0,0.0,0.0,0.0,0.0,0.0,0.0,0.0,0.0,0.0],"upper":[0.0,0.0,0.0,0.0,0.0,0.0,0.0,0.0,0.0,0.0,0.0,0.0,0.0,0.0843944,0.8095677,0.8570393,0.8756237,0.773304,0.4617955,0.3893399,0.3504834,0.2433679,0.1789562,0.1846525,0.2349847,0.2740305,0.2993928,0.3089187,0.2418311,0.1750418,0.1567111,0.1496476,0.098832,0.0969088,0.1522731,0.170841,0.1786647,0.1528896,0.208535,0.2017887,0.0127459,0.0,0.0,0.0,0.0,0.0,0.0,0.0,0.0,0.0,0.0,0.0],"occurrence":[0.0,0.0,0.0,0.0,0.0,0.0,0.0,0.0,0.0,0.0,0.0,0.0,0.0,0.0265431,0.2890425,0.2983421,0.3072963,0.2880312,0.2159585,0.1937755,0.1856986,0.1337466,0.10132,0.1037904,0.1239738,0.1333861,0.1434497,0.1454732,0.1145287,0.0821352,0.0784235,0.0762028,0.0519896,0.0503645,0.0727667,0.0857595,0.0886347,0.0777755,0.098698,0.0859328,0.0054627,0.0,0.0,0.0,0.0,0.0,0.0,0.0,0.0,0.0,0.0,0.0],"regions":["north","central"]},"geometry":{"type":"Polygon","coordinates":[[[-85.4877,45.64108],[-85.15763,45.64108],[-85.00061,45.38652],[-85.33007,45.38652],[-85.4877,45.64108]]]}},{"type":"Feature","properties":{"cell_id":269.0,"area_km2":729.0,"elevation_m":230.7267303,"longitude":-84.9140181,"latitude":45.5137186,"abundance":[0.0,0.0,0.0,0.0,0.0,0.0,0.0,0.0,0.0,0.0,0.0,0.0,0.0,0.076823,0.8389834,1.1429924,1.2191503,1.1037415,0.9193485,0.8260169,0.756362,0.6556869,0.5955122,0.5566037,0.5588097,0.5927052,0.6236237,0.5691314,0.4770646,0.4658872,0.4507045,0.3952987,0.3653275,0.3521953,0.3713779,0.3828703,0.3916745,0.3704492,0.3114657,0.1742969,0.0,0.0,0.0,0.0,0.0,0.0,0.0,0.0,0.0,0.0,0.0,0.0],"lower":[0.0,0.0,0.0,0.0,0.0,0.0,0.0,0.0,0.0,0.0,0.0,0.0,0.0,0.0297768,0.5354895,0.774455,0.8669667,0.7613579,0.6657104,0.6094971,0.549949,0.4861737,0.450392,0.4312001,0.4306828,0.4529382,0.4632201,0.4118739,0.3266127,0.3205893,0.2968494,0.255918,0.2393928,0.2427558,0.2566165,0.2459267,0.251555,0.2326145,0.1865418,0.0864493,0.0,0.0,0.0,0.0,0.0,0.0,0.0,0.0,0.0,0.0,0.0,0.0],"upper":[0.0,0.0,0.0,0.0,0.0,0.0,0.0,0.0,0.0,0.0,0.0,0.0,0.0,0.136077,1.2346711,1.5846288,1.7233874,1.5790038,1.2759389,1.1241419,1.0039473,0.8537188,0.7989371,0.7242426,0.7254271,0.7920241,0.8493969,0.7711256,0.6467946,0.627132,0.6213124,0.5331796,0.4862405,0.4698807,0.5205418,0.5624903,0.5888978,0.5583537,0.4797243,0.2909211,0.0,0.0,0.0,0.0,0.0,0.0,0.0,0.0,0.0,0.0,0.0,0.0],"occurrence":[0.0,0.0,0.0,0.0,0.0,0.0,0.0,0.0,0.0,0.0,0.0,0.0,0.0,0.046429,0.4611024,0.556646,0.590883,0.5726413,0.5489028,0.5206972,0.501097,0.4570317,0.4287807,0.3982758,0.3881318,0.3946581,0.4094369,0.3656962,0.3016902,0.2942276,0.2832235,0.2583172,0.2519273,0.2484209,0.2618649,0.2755218,0.2824718,0.2721361,0.2415958,0.140762,0.0,0.0,0.0,0.0,0.0,0.0,0.0,0.0,0.0,0.0,0.0,0.0],"regions":["north","central"]},"geometry":{"type":"Polygon","coordinates":[[[-85.15763,45.64108],[-84.82756,45.64108],[-84.67115,45.38652],[-85.00061,45.38652],[-85.15763,45.64108]]]}},{"type":"Feature","properties":{"cell_id":270.0,"area_km2":729.0,"elevation_m":215.4508362,"longitude":-84.5842549,"latitude":45.5137186,"abundance":[0.0,0.0,0.0,0.0,0.0,0.0,0.0,0.0,0.0,0.0,0.0,0.0,0.0,0.0394607,0.7854654,1.1036882,1.139209,1.0462478,0.907408,0.8287172,0.7306021,0.5909269,0.5692024,0.4959807,0.4767532,0.5055774,0.4943578,0.4826251,0.4115822,0.3974479,0.388815,0.3524693,0.3335564,0.326996,0.3499618,0.3864207,0.4027991,0.3752674,0.3382841,0.1968845,0.0,0.0,0.0,0.0,0.0,0.0,0.0,0.0,0.0,0.0,0.0,0.0],"lower":[0.0,0.0,0.0,0.0,0.0,0.0,0.0,0.0,0.0,0.0,0.0,0.0,0.0,0.0115667,0.4936972,0.7520949,0.8059369,0.6955157,0.6151896,0.5737545,0.5135226,0.4277398,0.405426,0.3599864,0.348721,0.3695894,0.3631058,0.3493388,0.2832451,0.2843293,0.2820699,0.2526183,0.2360165,0.2345896,0.2414353,0.2589138,0.2678804,0.2436713,0.2132985,0.0972881,0.0,0.0,0.0,0.0,0.0,0.0,0.0,0.0,0.0,0.0,0.0,0.0],"upper":[0.0,0.0,0.0,0.0,0.0,0.0,0.0,0.0,0.0,0.0,0.0,0.0,0.0,0.0709658,1.1638458,1.5645249,1.6340537,1.5283667,1.3319377,1.1763475,1.0081427,0.7964985,0.7784014,0.6659176,0.6473339,0.693079,0.6843616,0.6709158,0.5763531,0.5532213,0.522626,0.4592844,0.4392323,0.42708,0.4648052,0.5369483,0.5615255,0.5364935,0.5041611,0.3332087,0.0,0.0,0.0,0.0,0.0,0.0,0.0,0.0,0.0,0.0,0.0,0.0],"occurrence":[0.0,0.0,0.0,0.0,0.0,0.0,0.0,0.0,0.0,0.0,0.0,0.0,0.0,0.0235819,0.4715847,0.5799473,0.5961775,0.5738983,0.5554317,0.5386493,0.5018275,0.4248608,0.3894222,0.3486514,0.3326679,0.3405856,0.3333333,0.3154475,0.2659984,0.2618952,0.2629341,0.2512749,0.2447396,0.2413918,0.2565062,0.2876823,0.3061456,0.2897794,0.2760761,0.1679232,0.0,0.0,0.0,0.0,0.0,0.0,0.0,0.0,0.0,0.0,0.0,0.0],"regions":["north","central"]},"geometry":{"type":"Polygon","coordinates":[[[-84.82756,45.64108],[-84.49749,45.64108],[-84.34169,45.38652],[-84.67115,45.38652],[-84.82756,45.64108]]]}},{"type":"Feature","properties":{"cell_id":271.0,"area_km2":729.0,"elevation_m":206.8537903,"longitude":-84.2544917,"latitude":45.5137186,"abundance":[0.0,0.0,0.0,0.0,0.0,0.0,0.0,0.0,0.0,0.0,0.0,0.0,0.0,0.0158197,0.8175692,1.1870457,1.212709,1.1457709,1.0080202,0.8931752,0.7819517,0.6500804,0.6183275,0.5370297,0.5489658,0.5787839,0.5924961,0.6028714,0.5182608,0.4746518,0.4578453,0.4172198,0.3885961,0.3845569,0.3922985,0.4175806,0.4294775,0.3950099,0.3476176,0.2099939,0.0,0.0,0.0,0.0,0.0,0.0,0.0,0.0,0.0,0.0,0.0,0.0],"lower":[0.0,0.0,0.0,0.0,0.0,0.0,0.0,0.0,0.0,0.0,0.0,0.0,0.0,0.0038751,0.4987966,0.7876129,0.8213682,0.7332131,0.6582767,0.6053492,0.5456034,0.4635491,0.4501408,0.3916412,0.4064874,0.4219447,0.4299971,0.4388674,0.3603866,0.3379425,0.3321382,0.3020953,0.2860826,0.279594,0.269795,0.2883236,0.2900064,0.2579179,0.2157154,0.0987066,0.0,0.0,0.0,0.0,0.0,0.0,0.0,0.0,0.0,0.0,0.0,0.0],"upper":[0.0,0.0,0.0,0.0,0.0,0.0,0.0,0.0,0.0,0.0,0.0,0.0,0.0,0.031822,1.2177978,1.6883036,1.7594472,1.6735213,1.4768617,1.278667,1.083564,0.8778567,0.8408222,0.7093382,0.7314358,0.7811235,0.802241,0.814577,0.7124568,0.6466696,0.6192739,0.5342162,0.5030593,0.4959358,0.5141971,0.5745692,0.6004701,0.5691583,0.5288575,0.3700024,0.0,0.0,0.0,0.0,0.0,0.0,0.0,0.0,0.0,0.0,0.0,0.0],"occurrence":[0.0,0.0,0.0,0.0,0.0,0.0,0.0,0.0,0.0,0.0,0.0,0.0,0.0,0.0099645,0.472441,0.5950264,0.6096164,0.6007578,0.5961828,0.5735787,0.5290973,0.465422,0.4355049,0.3849186,0.3826335,0.3875849,0.3956899,0.3969216,0.341404,0.3212475,0.3117032,0.2964132,0.2843929,0.2850759,0.2886453,0.309522,0.3247955,0.3035212,0.2818803,0.176163,0.0,0.0,0.0,0.0,0.0,0.0,0.0,0.0,0.0,0.0,0.0,0.0],"regions":["north","central"]},"geometry":{"type":"Polygon","coordinates":[[[-84.49749,45.64108],[-84.16742,45.64108],[-84.01223,45.38652],[-84.34169,45.38652],[-84.49749,45.64108]]]}},{"type":"Feature","properties":{"cell_id":272.0,"area_km2":729.0,"elevation_m":191.9383698,"longitude":-83.9247285,"latitude":45.5137186,"abundance":[0.0,0.0,0.0,0.0,0.0,0.0,0.0,0.0,0.0,0.0,0.0,0.0,0.0,0.0,0.5892181,0.8454516,0.8783157,0.7749733,0.6879049,0.5961936,0.4989539,0.3714382,0.307276,0.2997011,0.3237236,0.3237242,0.3668188,0.3876316,0.3283556,0.2844418,0.2793791,0.2557932,0.2293527,0.2219716,0.2262858,0.2455021,0.26552,0.2504188,0.2631779,0.1684107,0.0,0.0,0.0,0.0,0.0,0.0,0.0,0.0,0.0,0.0,0.0,0.0],"lower":[0.0,0.0,0.0,0.0,0.0,0.0,0.0,0.0,0.0,0.0,0.0,0.0,0.0,0.0,0.3374207,0.5301107,0.5346174,0.4757098,0.4400242,0.3843963,0.3394023,0.2592495,0.2249359,0.2217631,0.2394508,0.2295555,0.2655353,0.2797047,0.2264823,0.2016789,0.196692,0.1875925,0.1698788,0.1572111,0.1501863,0.1593967,0.1644018,0.1503719,0.1527893,0.0783981,0.0,0.0,0.0,0.0,0.0,0.0,0.0,0.0,0.0,0.0,0.0,0.0],"upper":[0.0,0.0,0.0,0.0,0.0,0.0,0.0,0.0,0.0,0.0,0.0,0.0,0.0,0.0,0.8837736,1.2505,1.3157983,1.1872044,1.0576389,0.910348,0.7164441,0.4998513,0.4079481,0.3842841,0.4218269,0.4291677,0.5013638,0.5231366,0.4534063,0.3830608,0.3748402,0.3304507,0.3021187,0.2950516,0.3002964,0.3372993,0.3715681,0.3682594,0.4399803,0.3317002,0.0,0.0,0.0,0.0,0.0,0.0,0.0,0.0,0.0,0.0,0.0,0.0],"occurrence":[0.0,0.0,0.0,0.0,0.0,0.0,0.0,0.0,0.0,0.0,0.0,0.0,0.0,0.0,0.34709,0.4462261,0.4561883,0.4261245,0.4217099,0.3963223,0.349718,0.2684578,0.2292858,0.2236938,0.2323558,0.2179589,0.2464412,0.2540455,0.2176611,0.1928443,0.1869227,0.1790551,0.1677489,0.1658671,0.1682586,0.1849179,0.2058544,0.1952412,0.2141547,0.1398445,0.0,0.0,0.0,0.0,0.0,0.0,0.0,0.0,0.0,0.0,0.0,0.0],"regions":["north","central"]},"geometry":{"type":"Polygon","coordinates":[[[-84.16742,45.64108],[-83.83736,45.64108],[-83.68277,45.38652],[-84.01223,45.38652],[-84.16742,45.64108]]]}},{"type":"Feature","properties":{"cell_id":273.0,"area_km2":729.0,"elevation_m":177.6373596,"longitude":-83.5949654,"latitude":45.5137186,"abundance":[0.0,0.0,0.0,0.0,0.0,0.0,0.0,null,0.0,0.0,0.0,0.0,0.0,0.0,0.4957347,0.6159794,0.6315286,0.0,0.0,0.0,0.0,0.0,0.0,0.0,0.0,0.0,0.0,0.0,0.0,0.0,0.0,0.0,0.0,0.0,0.0,0.0,0.0,0.2202926,0.2562534,0.1893451,0.0,0.0,0.0,0.0,0.0,0.0,0.0,0.0,0.0,0.0,0.0,0.0],"lower":[0.0,0.0,0.0,0.0,0.0,0.0,0.0,null,0.0,0.0,0.0,0.0,0.0,0.0,0.1755101,0.2841387,0.3497755,0.0,0.0,0.0,0.0,0.0,0.0,0.0,0.0,0.0,0.0,0.0,0.0,0.0,0.0,0.0,0.0,0.0,0.0,0.0,0.0,0.1035181,0.102178,0.0712323,0.0,0.0,0.0,0.0,0.0,0.0,0.0,0.0,0.0,0.0,0.0,0.0],"upper":[0.0,0.0,0.0,0.0,0.0,0.0,0.0,null,0.0,0.0,0.0,0.0,0.0,0.0,1.0306394,1.1360148,1.1164137,0.0,0.0,0.0,0.0,0.0,0.0,0.0,0.0,0.0,0.0,0.0,0.0,0.0,0.0,0.0,0.0,0.0,0.0,0.0,0.0,0.428163,0.4601197,0.3943504,0.0,0.0,0.0,0.0,0.0,0.0,0.0,0.0,0.0,0.0,0.0,0.0],"occurrence":[0.0,0.0,0.0,0.0,0.0,0.0,0.0,null,0.0,0.0,0.0,0.0,0.0,0.0,0.2478798,0.2824014,0.3070163,0.0,0.0,0.0,0.0,0.0,0.0,0.0,0.0,0.0,0.0,0.0,0.0,0.0,0.0,0.0,0.0,0.0,0.0,0.0,0.0,0.1617816,0.2055342,0.1525887,0.0,0.0,0.0,0.0,0.0,0.0,0.0,0.0,0.0,0.0,0.0,0.0],"regions":["north","central"]},"geometry":{"type":"Polygon","coordinates":[[[-83.83736,45.64108],[-83.50729,45.64108],[-83.35331,45.38652],[-83.68277,45.38652],[-83.83736,45.64108]]]}},{"type":"Feature","properties":{"cell_id":283.0,"area_km2":333.5569154,"elevation_m":205.6446686,"longitude":-87.6339412,"latitude":45.2420628,"abundance":[0.0,0.0,0.0,0.0,0.0,0.0,0.0,0.0,0.0,0.0,0.0,0.0,0.0,0.2725365,0.7337383,0.7570211,0.662912,0.5410746,0.456801,0.4062221,0.3718415,0.3161145,0.2672234,0.3071315,0.2868081,0.3283494,0.3497714,0.3326,0.2871522,0.2335253,0.2602969,0.2118724,0.2023481,0.1530548,0.1449911,0.1452702,0.15974,0.2871063,0.3589497,0.2815883,0.0,0.0,0.0,0.0,0.0,0.0,0.0,0.0,0.0,0.0,0.0,0.0],"lower":[0.0,0.0,0.0,0.0,0.0,0.0,0.0,0.0,0.0,0.0,0.0,0.0,0.0,0.1069106,0.4816749,0.472115,0.3700398,0.2689202,0.2507595,0.2245535,0.2208312,0.1926691,0.1569182,0.183491,0.1783049,0.2061484,0.2331239,0.2110596,0.1800737,0.1388202,0.1425881,0.1043818,0.1029531,0.0735476,0.0676907,0.0705327,0.0547186,0.1570858,0.2125115,0.1577469,0.0,0.0,0.0,0.0,0.0,0.0,0.0,0.0,0.0,0.0,0.0,0.0],"upper":[0.0,0.0,0.0,0.0,0.0,0.0,0.0,0.0,0.0,0.0,0.0,0.0,0.0,0.4900767,1.049023,1.1293421,1.0223434,0.8851732,0.7711044,0.6914827,0.623236,0.492214,0.4100457,0.4452986,0.4134137,0.4733324,0.4999912,0.4953069,0.4299688,0.3658301,0.4070603,0.3470517,0.3280394,0.2645968,0.2580323,0.2638481,0.2845826,0.4251585,0.5177599,0.4200944,0.0,0.0,0.0,0.0,0.0,0.0,0.0,0.0,0.0,0.0,0.0,0.0],"occurrence":[0.0,0.0,0.0,0.0,0.0,0.0,0.0,0.0,0.0,0.0,0.0,0.0,0.0,0.1855306,0.4625171,0.4611111,0.4028996,0.333113,0.3023282,0.2813684,0.2689917,0.2514868,0.2102512,0.2302912,0.2165619,0.2310351,0.2476987,0.2361189,0.2058546,0.1683103,0.1851535,0.1512291,0.1514117,0.1174048,0.1186673,0.1230963,0.1341669,0.2287919,0.2754433,0.2177639,0.0,0.0,0.0,0.0,0.0,0.0,0.0,0.0,0.0,0.0,0.0,0.0],"regions":["central"]},"geometry":{"type":"Polygon","coordinates":[[[-87.63628,45.38652],[-87.47618,45.13263],[-87.66481,45.13263],[-87.69421,45.16107],[-87.71885,45.20127],[-87.72092,45.24277],[-87.66271,45.34519],[-87.65757,45.3618],[-87.66423,45.37129],[-87.69639,45.38283],[-87.76856,45.36436],[-87.84182,45.36079],[-87.86543,45.36782],[-87.87491,45.38539],[-87.87487,45.38652],[-87.63628,45.38652]]]}},{"type":"Feature","properties":{"cell_id":284.0,"area_km2":499.8103219,"elevation_m":184.8076324,"longitude":-87.4384956,"latitude":45.2927225,"abundance":[0.0,0.0,0.0,0.0,0.0,0.0,0.0,0.0,0.0,0.0,0.0,0.0,0.0,0.1912379,0.6237975,0.6069329,0.4308405,0.3120462,0.2347264,0.2165682,0.2133777,0.1657272,0.1076193,0.1315888,0.102713,0.1127698,0.1200146,0.0775387,0.0623126,0.0557973,0.0912424,0.069657,0.0944858,0.066153,0.073758,0.0825917,0.1049379,0.209991,0.3277416,0.288308,0.0,0.0,0.0,0.0,0.0,0.0,0.0,0.0,0.0,0.0,0.0,0.0],"lower":[0.0,0.0,0.0,0.0,0.0,0.0,0.0,0.0,0.0,0.0,0.0,0.0,0.0,0.0804576,0.4187052,0.3680021,0.2197416,0.1425375,0.1137183,0.1109429,0.113558,0.0888687,0.057751,0.0700632,0.0568758,0.0613078,0.0686808,0.0482308,0.0334328,0.0282068,0.0420749,0.029682,0.0418993,0.0277784,0.0298161,0.0307334,0.0306507,0.1108689,0.1991822,0.1640682,0.0,0.0,0.0,0.0,0.0,0.0,0.0,0.0,0.0,0.0,0.0,0.0],"upper":[0.0,0.0,0.0,0.0,0.0,0.0,0.0,0.0,0.0,0.0,0.0,0.0,0.0,0.3346257,0.903997,0.892827,0.6941942,0.5199756,0.4103892,0.3997466,0.3981917,0.3009906,0.1837081,0.2160461,0.1712146,0.1810975,0.1887165,0.1250187,0.1004912,0.0926349,0.1665343,0.1266437,0.1748016,0.1220236,0.1370987,0.1599832,0.1962803,0.3232022,0.480496,0.4352872,0.0,0.0,0.0,0.0,0.0,0.0,0.0,0.0,0.0,0.0,0.0,0.0],"occurrence":[0.0,0.0,0.0,0.0,0.0,0.0,0.0,0.0,0.0,0.0,0.0,0.0,0.0,0.1242189,0.3858679,0.3736621,0.2675563,0.1963799,0.158369,0.1540927,0.1571753,0.1278494,0.0835537,0.0976444,0.0752777,0.074923,0.0780206,0.0495719,0.0400809,0.0354968,0.0610978,0.0467336,0.066702,0.0467226,0.0558369,0.0643995,0.0826328,0.1596811,0.2467692,0.2192754,0.0,0.0,0.0,0.0,0.0,0.0,0.0,0.0,0.0,0.0,0.0,0.0],"regions":["central"]},"geometry":{"type":"Polygon","coordinates":[[[-87.63628,45.38652],[-87.30682,45.38652],[-87.24548,45.28913],[-87.4198,45.18386],[-87.43734,45.13263],[-87.47618,45.13263],[-87.63628,45.38652]]]}},{"type":"Feature","properties":{"cell_id":288.0,"area_km2":729.0,"elevation_m":175.954361,"longitude":-86.0748005,"latitude":45.2594962,"abundance":[0.0,0.0,0.0,0.0,0.0,0.0,0.0,0.0,0.0,0.0,0.0,0.0,0.0,0.1775595,0.5906299,0.4808043,0.3307935,0.40439,0.3538562,0.4032065,0.3338103,0.2856906,0.2121612,0.2188987,0.2442096,0.3275702,0.3512146,0.3320391,0.2934092,0.2562076,0.1497799,0.1257088,0.1561478,0.1350678,0.1278085,0.1248482,0.1317707,0.1113033,0.1761861,0.1832889,0.0,0.0,0.0,0.0,0.0,0.0,0.0,0.0,0.0,0.0,0.0,0.0],"lower":[0.0,0.0,0.0,0.0,0.0,0.0,0.0,0.0,0.0,0.0,0.0,0.0,0.0,0.0788508,0.4099322,0.3170569,0.232664,0.2539197,0.2333198,0.2751334,0.2064415,0.1819629,0.1402508,0.1365218,0.1537951,0.2026982,0.2563315,0.2308114,0.1957185,0.1735118,0.0933384,0.0700122,0.0976092,0.0858795,0.0755067,0.0717319,0.086203,0.076667,0.1156313,0.0997134,0.0,0.0,0.0,0.0,0.0,0.0,0.0,0.0,0.0,0.0,0.0,0.0],"upper":[0.0,0.0,0.0,0.0,0.0,0.0,0.0,0.0,0.0,0.0,0.0,0.0,0.0,0.3280879,0.8926439,0.7410186,0.4719624,0.5754539,0.4966024,0.553556,0.4911361,0.4128898,0.321175,0.3177057,0.3397667,0.4452916,0.4693368,0.4378021,0.4021832,0.3668356,0.212586,0.1705026,0.2356274,0.2132276,0.2087259,0.2151505,0.200074,0.1534651,0.2587998,0.2951204,0.0,0.0,0.0,0.0,0.0,0.0,0.0,0.0,0.0,0.0,0.0,0.0],"occurrence":[0.0,0.0,0.0,0.0,0.0,0.0,0.0,0.0,0.0,0.0,0.0,0.0,0.0,0.1105792,0.3057972,0.2508781,0.1827692,0.2354623,0.2322887,0.2721053,0.2406473,0.1996228,0.1532269,0.1541943,0.161691,0.201507,0.2166942,0.202382,0.1842872,0.1691717,0.1023513,0.0834157,0.1019838,0.0870079,0.0873703,0.0885366,0.0956449,0.0817814,0.1304276,0.1377406,0.0,0.0,0.0,0.0,0.0,0.0,0.0,0.0,0.0,0.0,0.0,0.0],"regions":["central"]},"geometry":{"type":"Polygon","coordinates":[[[-86.31845,45.38652],[-85.98899,45.38652],[-85.83189,45.13263],[-86.16075,45.13263],[-86.31845,45.38652]]]}},{"type":"Feature","properties":{"cell_id":289.0,"area_km2":729.0,"elevation_m":177.0499573,"longitude":-85.7456426,"latitude":45.2594962,"abundance":[0.0,0.0,0.0,0.0,0.0,0.0,0.0,0.0,0.0,0.0,0.0,0.0,0.0,0.0745587,0.4738849,0.4218137,0.3326846,0.2999142,0.2939684,0.3172856,0.1956579,0.1518117,0.1355991,0.1345752,0.1534807,0.1621686,0.1582977,0.0760945,0.0691932,0.1213604,0.1089668,0.1007694,0.087383,0.0798891,0.0997405,0.1448254,0.1728812,0.1667118,0.1745818,0.1392557,0.0,0.0,0.0,0.0,0.0,0.0,0.0,0.0,0.0,0.0,0.0,0.0],"lower":[0.0,0.0,0.0,0.0,0.0,0.0,0.0,0.0,0.0,0.0,0.0,0.0,0.0,0.0324743,0.3030487,0.277126,0.2336265,0.2019492,0.2143833,0.2382372,0.1449017,0.1092564,0.0956013,0.0916172,0.1050206,0.114799,0.110226,0.0504949,0.044602,0.0746193,0.0707344,0.0658913,0.0553819,0.0524828,0.0618908,0.0918846,0.1134027,0.1092224,0.1135365,0.0735058,0.0,0.0,0.0,0.0,0.0,0.0,0.0,0.0,0.0,0.0,0.0,0.0],"upper":[0.0,0.0,0.0,0.0,0.0,0.0,0.0,0.0,0.0,0.0,0.0,0.0,0.0,0.1369386,0.6681364,0.6389242,0.5112788,0.4328734,0.4187509,0.448329,0.2787477,0.2176138,0.1897085,0.1777008,0.2010495,0.2028636,0.2082173,0.0988944,0.0974773,0.1685464,0.1628523,0.1552061,0.1406013,0.126297,0.1535788,0.2298082,0.2595302,0.2539988,0.2678517,0.246081,0.0,0.0,0.0,0.0,0.0,0.0,0.0,0.0,0.0,0.0,0.0,0.0],"occurrence":[0.0,0.0,0.0,0.0,0.0,0.0,0.0,0.0,0.0,0.0,0.0,0.0,0.0,0.0512737,0.275083,0.2400636,0.2008442,0.1971482,0.2218739,0.2500103,0.1584061,0.1242629,0.1134243,0.1084373,0.1179469,0.1181515,0.1193032,0.0560702,0.0549947,0.0897263,0.0832551,0.0771947,0.0672251,0.0630021,0.0815058,0.1201918,0.1462081,0.1387265,0.1497765,0.1222859,0.0,0.0,0.0,0.0,0.0,0.0,0.0,0.0,0.0,0.0,0.0,0.0],"regions":["central"]},"geometry":{"type":"Polygon","coordinates":[[[-85.98899,45.38652],[-85.65953,45.38652],[-85.50303,45.13263],[-85.83189,45.13263],[-85.98899,45.38652]]]}},{"type":"Feature","properties":{"cell_id":290.0,"area_km2":729.0,"elevation_m":188.9872437,"longitude":-85.4164846,"latitude":45.2594962,"abundance":[0.0,0.0,0.0,0.0,0.0,0.0,0.0,0.0,0.0,0.0,0.0,0.0,0.0,0.0543856,0.5661553,0.7146316,0.6749252,0.5593513,0.432526,0.3369245,0.2643571,0.1937234,0.1923292,0.2037724,0.2493828,0.2987245,0.2991225,0.1617614,0.067607,0.107053,0.133428,0.129946,0.1420138,0.1332142,0.1486969,0.1840863,0.2230536,0.2387622,0.243548,0.160716,0.0,0.0,0.0,0.0,0.0,0.0,0.0,0.0,0.0,0.0,0.0,0.0],"lower":[0.0,0.0,0.0,0.0,0.0,0.0,0.0,0.0,0.0,0.0,0.0,0.0,0.0,0.025433,0.3488307,0.4743643,0.4617178,0.3804346,0.2974419,0.2371533,0.1861865,0.1359153,0.1352523,0.1495952,0.1843024,0.2217875,0.2242812,0.111671,0.0433612,0.0718729,0.0863841,0.0848371,0.0912688,0.081515,0.0901145,0.1116453,0.1429835,0.1544183,0.1561252,0.0847331,0.0,0.0,0.0,0.0,0.0,0.0,0.0,0.0,0.0,0.0,0.0,0.0],"upper":[0.0,0.0,0.0,0.0,0.0,0.0,0.0,0.0,0.0,0.0,0.0,0.0,0.0,0.1001442,0.849894,1.0361669,1.0084379,0.8305227,0.6315027,0.4878097,0.3765653,0.2630647,0.2702731,0.2720595,0.3224007,0.3878592,0.401427,0.2403324,0.1183242,0.1749365,0.18954,0.1875542,0.2017194,0.1943381,0.2132709,0.2730542,0.3372262,0.3514516,0.3575498,0.2628892,0.0,0.0,0.0,0.0,0.0,0.0,0.0,0.0,0.0,0.0,0.0,0.0],"occurrence":[0.0,0.0,0.0,0.0,0.0,0.0,0.0,0.0,0.0,0.0,0.0,0.0,0.0,0.0360508,0.3370951,0.4004486,0.3820868,0.340908,0.295087,0.2400141,0.1958131,0.1499491,0.1531973,0.1583912,0.1823184,0.20373,0.201706,0.1099126,0.0468468,0.0703753,0.0933488,0.0937847,0.1065597,0.1020515,0.1147292,0.1431716,0.1685083,0.1758255,0.1916198,0.1299542,0.0,0.0,0.0,0.0,0.0,0.0,0.0,0.0,0.0,0.0,0.0,0.0],"regions":["central"]},"geometry":{"type":"Polygon","coordinates":[[[-85.65953,45.38652],[-85.33007,45.38652],[-85.17418,45.13263],[-85.50303,45.13263],[-85.65953,45.38652]]]}},{"type":"Feature","properties":{"cell_id":291.0,"area_km2":729.0,"elevation_m":227.9855804,"longitude":-85.0873267,"latitude":45.2594962,"abundance":[0.0,0.0,0.0,0.0,0.0,0.0,0.0,0.0,0.0,0.0,0.0,0.0,0.0,0.0163534,0.6878657,0.8841069,0.8734886,0.7693706,0.6276155,0.5411524,0.466211,0.3750882,0.3465776,0.3593509,0.3711694,0.3905602,0.4076441,0.2850275,0.1993128,0.2180187,0.2280123,0.2162022,0.2119182,0.2094755,0.2337911,0.2564745,0.2915726,0.2945833,0.2942173,0.1570744,0.0,0.0,0.0,0.0,0.0,0.0,0.0,0.0,0.0,0.0,0.0,0.0],"lower":[0.0,0.0,0.0,0.0,0.0,0.0,0.0,0.0,0.0,0.0,0.0,0.0,0.0,0.0070173,0.4396139,0.6007118,0.6071452,0.5285377,0.4533015,0.4022916,0.3434754,0.2772228,0.2537136,0.2678742,0.2777913,0.3001112,0.3146167,0.2100765,0.137696,0.1564823,0.1535524,0.1464917,0.1410977,0.1348012,0.1532624,0.1670612,0.1917756,0.1976304,0.1954811,0.0815473,0.0,0.0,0.0,0.0,0.0,0.0,0.0,0.0,0.0,0.0,0.0,0.0],"upper":[0.0,0.0,0.0,0.0,0.0,0.0,0.0,0.0,0.0,0.0,0.0,0.0,0.0,0.0298563,1.0187429,1.2359614,1.2466049,1.1112012,0.8917148,0.7600837,0.6466473,0.5052161,0.4812507,0.4752743,0.4834778,0.5026343,0.5353158,0.3798426,0.2740198,0.2932147,0.3076077,0.2961779,0.2867373,0.288346,0.3298251,0.3773219,0.4336821,0.4299915,0.4339366,0.2569638,0.0,0.0,0.0,0.0,0.0,0.0,0.0,0.0,0.0,0.0,0.0,0.0],"occurrence":[0.0,0.0,0.0,0.0,0.0,0.0,0.0,0.0,0.0,0.0,0.0,0.0,0.0,0.0108533,0.4152136,0.4865169,0.4889244,0.463993,0.4340479,0.3901676,0.3508806,0.2909347,0.2720462,0.2739741,0.2727217,0.275023,0.2875079,0.1996183,0.1370439,0.1468871,0.1536142,0.1532696,0.158136,0.1609392,0.178851,0.2009972,0.2273292,0.2251608,0.2381858,0.1315348,0.0,0.0,0.0,0.0,0.0,0.0,0.0,0.0,0.0,0.0,0.0,0.0],"regions":["central"]},"geometry":{"type":"Polygon","coordinates":[[[-85.33007,45.38652],[-85.00061,45.38652],[-84.84532,45.13263],[-85.17418,45.13263],[-85.33007,45.38652]]]}},{"type":"Feature","properties":{"cell_id":292.0,"area_km2":729.0,"elevation_m":279.6957092,"longitude":-84.7581688,"latitude":45.2594962,"abundance":[0.0,0.0,0.0,0.0,0.0,0.0,0.0,0.0,0.0,0.0,0.0,0.0,0.0,0.1931961,1.0837675,1.4557306,1.4966413,1.3511851,1.0912248,1.0097635,0.9116298,0.7924854,0.7169586,0.6990488,0.7347032,0.7804166,0.8261029,0.7744391,0.6908853,0.6548801,0.6277751,0.5501787,0.4870178,0.4476603,0.4586721,0.4600957,0.4678822,0.4321355,0.365528,0.1937785,0.0,0.0,0.0,0.0,0.0,0.0,0.0,0.0,0.0,0.0,0.0,0.0],"lower":[0.0,0.0,0.0,0.0,0.0,0.0,0.0,0.0,0.0,0.0,0.0,0.0,0.0,0.0873223,0.6938053,1.0394226,1.1220839,0.9796868,0.8220614,0.7771897,0.6824351,0.6021637,0.5525142,0.5452063,0.5720258,0.5996142,0.6244784,0.5823686,0.5006653,0.487334,0.4387193,0.3777196,0.3308428,0.3175901,0.3248171,0.3110986,0.3101999,0.2791286,0.23744,0.092628,0.0,0.0,0.0,0.0,0.0,0.0,0.0,0.0,0.0,0.0,0.0,0.0],"upper":[0.0,0.0,0.0,0.0,0.0,0.0,0.0,0.0,0.0,0.0,0.0,0.0,0.0,0.3421145,1.5905828,2.0022411,2.1102495,1.9291266,1.4771171,1.3287014,1.2153704,1.0224665,0.9452,0.9108729,0.9651709,1.0233239,1.1056818,1.037344,0.9335316,0.8749112,0.8517917,0.7434815,0.6527847,0.6038409,0.632632,0.6639652,0.6904886,0.6360502,0.55594,0.3288318,0.0,0.0,0.0,0.0,0.0,0.0,0.0,0.0,0.0,0.0,0.0,0.0],"occurrence":[0.0,0.0,0.0,0.0,0.0,0.0,0.0,0.0,0.0,0.0,0.0,0.0,0.0,0.118058,0.5385092,0.6308348,0.6620638,0.6598096,0.635762,0.6198112,0.6014144,0.5469072,0.5176677,0.4987893,0.4997379,0.4961569,0.5129933,0.4740637,0.4239175,0.3988849,0.3661403,0.3328065,0.318666,0.3053916,0.3164954,0.3283954,0.3354734,0.313217,0.2793767,0.1538832,0.0,0.0,0.0,0.0,0.0,0.0,0.0,0.0,0.0,0.0,0.0,0.0],"regions":["central"]},"geometry":{"type":"Polygon","coordinates":[[[-85.00061,45.38652],[-84.67115,45.38652],[-84.51646,45.13263],[-84.84532,45.13263],[-85.00061,45.38652]]]}},{"type":"Feature","properties":{"cell_id":293.0,"area_km2":729.0,"elevation_m":267.4071045,"longitude":-84.4290108,"latitude":45.2594962,"abundance":[0.0,0.0,0.0,0.0,0.0,0.0,0.0,0.0,0.0,0.0,0.0,0.0,0.0,0.1925992,1.1498728,1.5762875,1.5843192,1.4118482,1.1478496,1.0616367,0.9554434,0.8387995,0.7766152,0.744182,0.7793311,0.826058,0.8589889,0.8570176,0.7604097,0.7071056,0.6839262,0.6037995,0.5457356,0.5166622,0.5224771,0.5307198,0.5335302,0.4858279,0.4058749,0.2302918,0.0,0.0,0.0,0.0,0.0,0.0,0.0,0.0,0.0,0.0,0.0,0.0],"lower":[0.0,0.0,0.0,0.0,0.0,0.0,0.0,0.0,0.0,0.0,0.0,0.0,0.0,0.0709682,0.7157032,1.1093959,1.1584549,0.9597206,0.8239179,0.7897437,0.7144268,0.6355683,0.5909441,0.5775878,0.5994561,0.6321751,0.6463817,0.6480834,0.5581669,0.5272757,0.5119001,0.4493803,0.4050711,0.3835588,0.3835696,0.3823553,0.3640679,0.3185802,0.2620482,0.1095939,0.0,0.0,0.0,0.0,0.0,0.0,0.0,0.0,0.0,0.0,0.0,0.0],"upper":[0.0,0.0,0.0,0.0,0.0,0.0,0.0,0.0,0.0,0.0,0.0,0.0,0.0,0.3467413,1.7031684,2.2023489,2.2571573,2.0579853,1.6129959,1.4384248,1.2899598,1.1098185,1.0589801,0.9664156,1.0204725,1.0833871,1.1259121,1.1126361,1.0039315,0.9297916,0.9085741,0.7812644,0.7174312,0.678655,0.6930532,0.7288717,0.7428877,0.6831648,0.5998704,0.3923568,0.0,0.0,0.0,0.0,0.0,0.0,0.0,0.0,0.0,0.0,0.0,0.0],"occurrence":[0.0,0.0,0.0,0.0,0.0,0.0,0.0,0.0,0.0,0.0,0.0,0.0,0.0,0.1191451,0.5801069,0.6857064,0.7063854,0.6945722,0.6686627,0.6565409,0.6304133,0.5920805,0.5574937,0.5353098,0.5415469,0.53905,0.5502388,0.5416741,0.4838103,0.4527352,0.4284949,0.3962575,0.3802096,0.3731,0.3794583,0.3921933,0.4002409,0.3688059,0.329235,0.1929861,0.0,0.0,0.0,0.0,0.0,0.0,0.0,0.0,0.0,0.0,0.0,0.0],"regions":["central"]},"geometry":{"type":"Polygon","coordinates":[[[-84.67115,45.38652],[-84.34169,45.38652],[-84.1876,45.13263],[-84.51646,45.13263],[-84.67115,45.38652]]]}},{"type":"Feature","properties":{"cell_id":294.0,"area_km2":729.0,"elevation_m":251.0266571,"longitude":-84.0998529,"latitude":45.2594962,"abundance":[0.0,0.0,0.0,0.0,0.0,0.0,0.0,0.0,0.0,0.0,0.0,0.0,0.0,0.0539448,0.9150548,1.2474014,1.262446,1.0924106,0.9475902,0.860191,0.800122,0.6754186,0.635547,0.5920516,0.6210833,0.6600163,0.7009575,0.7414416,0.6270904,0.5839247,0.5650618,0.4979337,0.4582492,0.4365212,0.4384223,0.4542624,0.4647321,0.4384502,0.3866233,0.2346644,0.0,0.0,0.0,0.0,0.0,0.0,0.0,0.0,0.0,0.0,0.0,0.0],"lower":[0.0,0.0,0.0,0.0,0.0,0.0,0.0,0.0,0.0,0.0,0.0,0.0,0.0,0.0137808,0.5878033,0.8458628,0.8684899,0.7249489,0.662751,0.6170235,0.573817,0.4985712,0.4776361,0.4436351,0.4608655,0.487478,0.5120569,0.5477736,0.4526609,0.4221519,0.4107305,0.3747925,0.3385972,0.3188863,0.3024639,0.308346,0.30321,0.2825828,0.2510848,0.1161265,0.0,0.0,0.0,0.0,0.0,0.0,0.0,0.0,0.0,0.0,0.0,0.0],"upper":[0.0,0.0,0.0,0.0,0.0,0.0,0.0,0.0,0.0,0.0,0.0,0.0,0.0,0.1052101,1.3474404,1.7468326,1.8122243,1.6004144,1.4253118,1.2463366,1.1178126,0.9012897,0.8629289,0.7641597,0.806709,0.8643243,0.9229752,0.9634949,0.8256194,0.7727931,0.7559716,0.6375091,0.5852863,0.5560894,0.5749468,0.6217726,0.6473485,0.6096255,0.5580876,0.4126887,0.0,0.0,0.0,0.0,0.0,0.0,0.0,0.0,0.0,0.0,0.0,0.0],"occurrence":[0.0,0.0,0.0,0.0,0.0,0.0,0.0,0.0,0.0,0.0,0.0,0.0,0.0,0.0348345,0.5221913,0.6251964,0.6344731,0.5992318,0.5995709,0.5805786,0.5577896,0.4929155,0.4672506,0.4373229,0.4412997,0.4541193,0.4758067,0.4903745,0.4198375,0.3950468,0.3869277,0.3608027,0.3432968,0.3357939,0.3356712,0.3529757,0.3690071,0.3477333,0.3278002,0.2011354,0.0,0.0,0.0,0.0,0.0,0.0,0.0,0.0,0.0,0.0,0.0,0.0],"regions":["central"]},"geometry":{"type":"Polygon","coordinates":[[[-84.34169,45.38652],[-84.01223,45.38652],[-83.85875,45.13263],[-84.1876,45.13263],[-84.34169,45.38652]]]}},{"type":"Feature","properties":{"cell_id":295.0,"area_km2":729.0,"elevation_m":225.9748535,"longitude":-83.770695,"latitude":45.2594962,"abundance":[0.0,0.0,0.0,0.0,0.0,0.0,0.0,0.0,0.0,0.0,0.0,0.0,0.0,0.0,0.4726139,0.6993648,0.7920148,0.7356306,0.7428971,0.6980116,0.6349578,0.4702043,0.3244049,0.3023406,0.3274426,0.4079594,0.4903591,0.5317605,0.3786012,0.3380992,0.3439429,0.2958212,0.2678106,0.2281054,0.2262063,0.2333444,0.25141,0.2454965,0.2537631,0.1701643,0.0,0.0,0.0,0.0,0.0,0.0,0.0,0.0,0.0,0.0,0.0,0.0],"lower":[0.0,0.0,0.0,0.0,0.0,0.0,0.0,0.0,0.0,0.0,0.0,0.0,0.0,0.0,0.2649194,0.4287523,0.4928932,0.4559219,0.487991,0.4704055,0.4303875,0.3289579,0.2426231,0.2260224,0.2432898,0.2967693,0.3483637,0.3697808,0.2583338,0.2274543,0.2314753,0.1988273,0.1729038,0.1481176,0.1365749,0.1386177,0.1549114,0.1554376,0.1573944,0.090206,0.0,0.0,0.0,0.0,0.0,0.0,0.0,0.0,0.0,0.0,0.0,0.0],"upper":[0.0,0.0,0.0,0.0,0.0,0.0,0.0,0.0,0.0,0.0,0.0,0.0,0.0,0.0,0.729394,1.0462885,1.1930187,1.1301267,1.1519356,1.0404073,0.8857707,0.6279468,0.4293254,0.3869239,0.4248009,0.5450632,0.664894,0.7248705,0.5158362,0.4582798,0.468036,0.3854652,0.3510748,0.300264,0.2994663,0.3264115,0.3595575,0.3510873,0.390416,0.3171494,0.0,0.0,0.0,0.0,0.0,0.0,0.0,0.0,0.0,0.0,0.0,0.0],"occurrence":[0.0,0.0,0.0,0.0,0.0,0.0,0.0,0.0,0.0,0.0,0.0,0.0,0.0,0.0,0.2852578,0.386326,0.4295763,0.4224403,0.4713508,0.4741179,0.4450398,0.3488046,0.2477587,0.2285024,0.2364457,0.2815713,0.3367081,0.356217,0.2560817,0.2334762,0.2468842,0.2210865,0.2046305,0.1772575,0.1722906,0.1781273,0.197358,0.1928252,0.2110421,0.1445262,0.0,0.0,0.0,0.0,0.0,0.0,0.0,0.0,0.0,0.0,0.0,0.0],"regions":["central"]},"geometry":{"type":"Polygon","coordinates":[[[-84.01223,45.38652],[-83.68277,45.38652],[-83.52989,45.13263],[-83.85875,45.13263],[-84.01223,45.38652]]]}},{"type":"Feature","properties":{"cell_id":296.0,"area_km2":729.0,"elevation_m":189.9220276,"longitude":-83.441537,"latitude":45.2594962,"abundance":[0.0,0.0,0.0,0.0,0.0,0.0,0.0,0.0,0.0,0.0,0.0,0.0,0.0,0.0040541,0.624808,0.8187144,0.7912291,0.6602774,0.5867906,0.5113978,0.4219511,0.3290664,0.2818388,0.2203378,0.2301024,0.2564866,0.2539844,0.2631274,0.2259415,0.2122387,0.2150959,0.1960862,0.1917899,0.1915679,0.1998455,0.225781,0.269785,0.2892713,0.3013667,0.2162473,0.0016146,0.0,0.0,0.0,0.0,0.0,0.0,0.0,0.0,0.0,0.0,0.0],"lower":[0.0,0.0,0.0,0.0,0.0,0.0,0.0,0.0,0.0,0.0,0.0,0.0,0.0,0.0006372,0.341616,0.455477,0.4691033,0.4021817,0.3792672,0.3300819,0.2814686,0.2322888,0.1889602,0.1466284,0.1543898,0.1702819,0.1734397,0.1765175,0.1447744,0.1376764,0.1394952,0.1296776,0.1272893,0.1265722,0.119127,0.1290903,0.1597513,0.1706043,0.1775293,0.1158126,0.0002905,0.0,0.0,0.0,0.0,0.0,0.0,0.0,0.0,0.0,0.0,0.0],"upper":[0.0,0.0,0.0,0.0,0.0,0.0,0.0,0.0,0.0,0.0,0.0,0.0,0.0,0.0084105,0.9293087,1.2488742,1.2391714,1.0421789,0.9369732,0.7931421,0.5988677,0.44433,0.3883186,0.2895663,0.3020284,0.3390786,0.3348166,0.3531034,0.3096917,0.2927183,0.2911753,0.2561048,0.2538867,0.2536233,0.2700853,0.3266635,0.383011,0.4287287,0.4842441,0.4121875,0.0047311,0.0,0.0,0.0,0.0,0.0,0.0,0.0,0.0,0.0,0.0,0.0],"occurrence":[0.0,0.0,0.0,0.0,0.0,0.0,0.0,0.0,0.0,0.0,0.0,0.0,0.0,0.0027965,0.3992465,0.4814427,0.4687696,0.4092205,0.3956009,0.3755884,0.3200272,0.2577749,0.2189884,0.1691725,0.1702217,0.1823435,0.1811457,0.1889576,0.1630394,0.157379,0.1597302,0.1507609,0.1515701,0.1544334,0.1586174,0.1811629,0.2202117,0.2335603,0.2582104,0.1863956,0.0013661,0.0,0.0,0.0,0.0,0.0,0.0,0.0,0.0,0.0,0.0,0.0],"regions":["central"]},"geometry":{"type":"Polygon","coordinates":[[[-83.68277,45.38652],[-83.35331,45.38652],[-83.20103,45.13263],[-83.52989,45.13263],[-83.68277,45.38652]]]}},{"type":"Feature","properties":{"cell_id":306.0,"area_km2":64.0565378,"elevation_m":182.2294464,"longitude":-87.5348981,"latitude":45.1098412,"abundance":[0.0,0.0,0.0,0.0,0.0,0.0,0.0,0.0,0.0,0.0,0.0,0.0,0.0,0.1673474,0.4635354,0.3759028,0.2252999,0.1060882,0.083058,0.075288,0.0713338,0.0354227,0.0340769,0.0373267,0.0369737,0.0453726,0.0598006,0.0692781,0.0651902,0.0615554,0.0682458,0.0551815,0.0570838,0.0397366,0.0294655,0.0294925,0.0156677,0.1195036,0.2606312,0.2696023,0.0,0.0,0.0,0.0,0.0,0.0,0.0,0.0,0.0,0.0,0.0,0.0],"lower":[0.0,0.0,0.0,0.0,0.0,0.0,0.0,0.0,0.0,0.0,0.0,0.0,0.0,0.0665457,0.276679,0.2258502,0.1220808,0.051046,0.0457087,0.0440068,0.0393169,0.0193105,0.0188581,0.0191332,0.0196316,0.0233128,0.0324424,0.0367565,0.0332412,0.0324579,0.0324065,0.0262043,0.0275544,0.0183539,0.013622,0.0124436,0.0047939,0.05907,0.1549559,0.1532122,0.0,0.0,0.0,0.0,0.0,0.0,0.0,0.0,0.0,0.0,0.0,0.0],"upper":[0.0,0.0,0.0,0.0,0.0,0.0,0.0,0.0,0.0,0.0,0.0,0.0,0.0,0.2908794,0.6882895,0.5485097,0.3584893,0.1709284,0.149386,0.1420247,0.1252773,0.0646833,0.0612718,0.0652973,0.0620835,0.0747514,0.0937139,0.1096236,0.0998435,0.0983078,0.1173939,0.0930465,0.0952625,0.0663629,0.0583064,0.0587306,0.0302699,0.1845494,0.3873301,0.4222385,0.0,0.0,0.0,0.0,0.0,0.0,0.0,0.0,0.0,0.0,0.0,0.0],"occurrence":[0.0,0.0,0.0,0.0,0.0,0.0,0.0,0.0,0.0,0.0,0.0,0.0,0.0,0.1138772,0.3141585,0.2545324,0.1526801,0.071798,0.0619004,0.0578617,0.0556772,0.0297559,0.028296,0.0305059,0.030286,0.0330739,0.0430387,0.0488138,0.047685,0.0464119,0.051238,0.0415677,0.044444,0.0305776,0.0248114,0.0254537,0.0139644,0.096757,0.1930808,0.1958199,0.0,0.0,0.0,0.0,0.0,0.0,0.0,0.0,0.0,0.0,0.0,0.0],"regions":["central"]},"geometry":{"type":"Polygon","coordinates":[[[-87.47618,45.13263],[-87.45108,45.09262],[-87.45954,45.068],[-87.65361,45.1218],[-87.66481,45.13263],[-87.47618,45.13263]]]}},{"type":"Feature","properties":{"cell_id":310.0,"area_km2":713.0956812,"elevation_m":178.8635254,"longitude":-86.2422661,"latitude":45.0034161,"abundance":[0.0,0.0,0.0,0.0,0.0,0.0,0.0,0.0,0.0,0.0,0.0,0.0,0.0,0.1593193,0.4871964,0.3807086,0.2427078,0.2766424,0.2561714,0.2219247,0.1801253,0.1455552,0.1213702,0.1238447,0.1493153,0.1452301,0.1586921,0.1201741,0.0938429,0.0785338,0.0813385,0.070932,0.0634177,0.0455427,0.0688501,0.056604,0.0763829,0.0934575,0.1173629,0.1149259,0.0,0.0,0.0,0.0,0.0,0.0,0.0,0.0,0.0,0.0,0.0,0.0],"lower":[0.0,0.0,0.0,0.0,0.0,0.0,0.0,0.0,0.0,0.0,0.0,0.0,0.0,0.0627809,0.3436884,0.2577997,0.1753432,0.1784259,0.1507628,0.1471474,0.1150238,0.0994897,0.0758611,0.0773008,0.0957238,0.0977038,0.109277,0.0706291,0.0546244,0.0438994,0.0481694,0.043257,0.0403145,0.028564,0.0415712,0.0321872,0.0482247,0.0634358,0.0774141,0.0657884,0.0,0.0,0.0,0.0,0.0,0.0,0.0,0.0,0.0,0.0,0.0,0.0],"upper":[0.0,0.0,0.0,0.0,0.0,0.0,0.0,0.0,0.0,0.0,0.0,0.0,0.0,0.3110692,0.7097273,0.5606771,0.3455201,0.3823411,0.339839,0.3059599,0.2710723,0.1980196,0.1666338,0.1751723,0.20722,0.1949811,0.2121843,0.1645628,0.1343461,0.1111531,0.1211577,0.1002784,0.0914468,0.0684201,0.1040684,0.0828083,0.1084742,0.1373882,0.1808108,0.1957739,0.0,0.0,0.0,0.0,0.0,0.0,0.0,0.0,0.0,0.0,0.0,0.0],"occurrence":[0.0,0.0,0.0,0.0,0.0,0.0,0.0,0.0,0.0,0.0,0.0,0.0,0.0,0.1092527,0.2803887,0.2205414,0.1482257,0.1769781,0.1768041,0.1623855,0.1420106,0.115091,0.0951711,0.0961681,0.1112876,0.1013743,0.1057422,0.0804671,0.0661047,0.0544685,0.0559314,0.0493045,0.0436708,0.0332291,0.0501224,0.043814,0.0591788,0.0709136,0.0915787,0.0901274,0.0,0.0,0.0,0.0,0.0,0.0,0.0,0.0,0.0,0.0,0.0,0.0],"regions":["central"]},"geometry":{"type":"Polygon","coordinates":[[[-86.46369,45.09085],[-86.40254,45.13263],[-86.16075,45.13263],[-86.00479,44.87939],[-86.33305,44.87939],[-86.46369,45.09085]]]}},{"type":"Feature","properties":{"cell_id":311.0,"area_km2":729.0,"elevation_m":192.498703,"longitude":-85.9182749,"latitude":45.0059298,"abundance":[0.0,0.0,0.0,0.0,0.0,0.0,0.0,0.0,0.0,0.0,0.0,0.0,0.0,0.150502,0.6912512,0.7344697,0.6072877,0.5161111,0.433497,0.387849,0.2943202,0.2015451,0.1673789,0.179516,0.2210482,0.2487037,0.3005252,0.2095866,0.1788394,0.1670971,0.155845,0.1314217,0.1154793,0.1062606,0.1140846,0.1128041,0.1406274,0.182766,0.2208213,0.1782286,0.0075335,0.0,0.0,0.0,0.0,0.0,0.0,0.0,0.0,0.0,0.0,0.0],"lower":[0.0,0.0,0.0,0.0,0.0,0.0,0.0,0.0,0.0,0.0,0.0,0.0,0.0,0.0652628,0.4560599,0.5049888,0.4306084,0.3544064,0.3109907,0.2792942,0.2019396,0.1388823,0.1157085,0.1254168,0.1531022,0.1751445,0.2169542,0.1487737,0.1196381,0.1112455,0.0965633,0.0814644,0.073284,0.0696246,0.0701139,0.0681031,0.0904375,0.1187671,0.140587,0.1019513,0.002793,0.0,0.0,0.0,0.0,0.0,0.0,0.0,0.0,0.0,0.0,0.0],"upper":[0.0,0.0,0.0,0.0,0.0,0.0,0.0,0.0,0.0,0.0,0.0,0.0,0.0,0.2729783,0.9855163,1.036309,0.8428403,0.7203492,0.5988114,0.533049,0.4094239,0.2701305,0.2334763,0.2442651,0.3028081,0.3356774,0.4009473,0.2836535,0.2449995,0.2271582,0.2177738,0.197075,0.1745524,0.1589527,0.1740824,0.1760519,0.214291,0.2722311,0.3390076,0.3001382,0.0159021,0.0,0.0,0.0,0.0,0.0,0.0,0.0,0.0,0.0,0.0,0.0],"occurrence":[0.0,0.0,0.0,0.0,0.0,0.0,0.0,0.0,0.0,0.0,0.0,0.0,0.0,0.097703,0.3938108,0.4076345,0.343669,0.3116259,0.2909242,0.271732,0.2136233,0.1510774,0.1208249,0.1277307,0.1516472,0.1615575,0.1891372,0.1339373,0.1175572,0.1098019,0.1050644,0.0897652,0.0805072,0.074988,0.0834873,0.0850821,0.1065433,0.1355749,0.1729653,0.1409937,0.0058382,0.0,0.0,0.0,0.0,0.0,0.0,0.0,0.0,0.0,0.0,0.0],"regions":["central"]},"geometry":{"type":"Polygon","coordinates":[[[-86.16075,45.13263],[-85.83189,45.13263],[-85.67653,44.87939],[-86.00479,44.87939],[-86.16075,45.13263]]]}},{"type":"Feature","properties":{"cell_id":312.0,"area_km2":729.0,"elevation_m":192.539093,"longitude":-85.5897155,"latitude":45.0059298,"abundance":[0.0,0.0,0.0,0.0,0.0,0.0,0.0,0.0,0.0,0.0,0.0,0.0,0.0,0.034017,0.5660453,0.6238906,0.5109342,0.4089436,0.3334759,0.2789364,0.1885851,0.1187947,0.0963392,0.1148812,0.1765783,0.1979334,0.2212766,0.1450647,0.0652331,0.0712282,0.0912742,0.0789987,0.0957423,0.0945081,0.1067377,0.1136599,0.1406963,0.1772745,0.2148744,0.152166,0.0059636,0.0,0.0,0.0,0.0,0.0,0.0,0.0,0.0,0.0,0.0,0.0],"lower":[0.0,0.0,0.0,0.0,0.0,0.0,0.0,0.0,0.0,0.0,0.0,0.0,0.0,0.0156351,0.364713,0.4350741,0.3619644,0.2880073,0.2379071,0.2010939,0.1324856,0.0834888,0.067136,0.0760656,0.117654,0.1343394,0.1606477,0.0979696,0.0434066,0.04873,0.0605023,0.0519317,0.0631456,0.0626917,0.06721,0.0703968,0.0900183,0.1133524,0.1370295,0.0824472,0.0030328,0.0,0.0,0.0,0.0,0.0,0.0,0.0,0.0,0.0,0.0,0.0],"upper":[0.0,0.0,0.0,0.0,0.0,0.0,0.0,0.0,0.0,0.0,0.0,0.0,0.0,0.0625425,0.8249111,0.8773089,0.7116034,0.5642229,0.4690839,0.392564,0.2604841,0.1666313,0.1360468,0.1620268,0.2397072,0.2623178,0.2870927,0.1943955,0.0897909,0.0976499,0.1298678,0.1138178,0.1389282,0.1404905,0.1595441,0.1702662,0.2183063,0.2657143,0.3217751,0.2491364,0.0123078,0.0,0.0,0.0,0.0,0.0,0.0,0.0,0.0,0.0,0.0,0.0],"occurrence":[0.0,0.0,0.0,0.0,0.0,0.0,0.0,0.0,0.0,0.0,0.0,0.0,0.0,0.0235275,0.3362495,0.3615207,0.2979329,0.2592112,0.2431015,0.2144367,0.1502775,0.0984498,0.0787352,0.0912121,0.129309,0.1368625,0.1512547,0.0995229,0.0461121,0.0488803,0.0651859,0.0579264,0.0728282,0.0733549,0.0851586,0.0918132,0.1121257,0.1362912,0.174207,0.1243507,0.0045791,0.0,0.0,0.0,0.0,0.0,0.0,0.0,0.0,0.0,0.0,0.0],"regions":["central"]},"geometry":{"type":"Polygon","coordinates":[[[-85.83189,45.13263],[-85.50303,45.13263],[-85.34826,44.87939],[-85.67653,44.87939],[-85.83189,45.13263]]]}},{"type":"Feature","properties":{"cell_id":313.0,"area_km2":729.0,"elevation_m":227.6866913,"longitude":-85.2611562,"latitude":45.0059298,"abundance":[0.0,0.0,0.0,0.0,0.0,0.0,0.0,0.0,0.0,0.0,0.0,0.0,0.0,0.118993,0.8733557,1.0755013,0.9972159,0.909011,0.7030224,0.6371528,0.5534923,0.467361,0.4268688,0.4438988,0.4776458,0.50043,0.4917068,0.4020124,0.3242125,0.3408724,0.3310762,0.2856372,0.2667328,0.2474815,0.2645721,0.2869024,0.3189697,0.332442,0.3194029,0.1894703,0.0023855,0.0,0.0,0.0,0.0,0.0,0.0,0.0,0.0,0.0,0.0,0.0],"lower":[0.0,0.0,0.0,0.0,0.0,0.0,0.0,0.0,0.0,0.0,0.0,0.0,0.0,0.0509454,0.590721,0.7717935,0.7141431,0.6482528,0.5267606,0.491253,0.4211942,0.3484798,0.3256465,0.3410541,0.3703153,0.3863945,0.3767748,0.2968264,0.220098,0.2341981,0.2184698,0.1802639,0.1709396,0.1512607,0.1633307,0.1737745,0.2064533,0.2210921,0.2163157,0.0938767,0.0011246,0.0,0.0,0.0,0.0,0.0,0.0,0.0,0.0,0.0,0.0,0.0],"upper":[0.0,0.0,0.0,0.0,0.0,0.0,0.0,0.0,0.0,0.0,0.0,0.0,0.0,0.2188008,1.2354527,1.4687839,1.347892,1.2509521,0.9492847,0.8574378,0.7527419,0.6153657,0.5624405,0.5703169,0.6116284,0.6367687,0.6347534,0.548845,0.4545015,0.4747586,0.4537616,0.3953949,0.3772023,0.3490216,0.3835778,0.436355,0.4824333,0.4930697,0.472959,0.3024264,0.0046094,0.0,0.0,0.0,0.0,0.0,0.0,0.0,0.0,0.0,0.0,0.0],"occurrence":[0.0,0.0,0.0,0.0,0.0,0.0,0.0,0.0,0.0,0.0,0.0,0.0,0.0,0.0845209,0.4880767,0.5538351,0.5254647,0.5227911,0.4732313,0.4518408,0.416337,0.363519,0.3378418,0.3381394,0.3486979,0.3445707,0.3336668,0.2757927,0.2196065,0.221018,0.2146948,0.1890264,0.1931571,0.1847059,0.2033646,0.226722,0.2482056,0.2545048,0.2568222,0.1553386,0.0018355,0.0,0.0,0.0,0.0,0.0,0.0,0.0,0.0,0.0,0.0,0.0],"regions":["central"]},"geometry":{"type":"Polygon","coordinates":[[[-85.50303,45.13263],[-85.17418,45.13263],[-85.02,44.87939],[-85.34826,44.87939],[-85.50303,45.13263]]]}},{"type":"Feature","properties":{"cell_id":314.0,"area_km2":729.0,"elevation_m":344.6347656,"longitude":-84.9325968,"latitude":45.0059298,"abundance":[0.0,0.0,0.0,0.0,0.0,0.0,0.0,0.0,0.0,0.0,0.0,0.0,0.0,0.0961803,0.806034,1.0287158,1.0525966,0.9476209,0.759873,0.6931537,0.6318345,0.545255,0.5131574,0.5493795,0.5780035,0.6286476,0.6532572,0.5766674,0.5054255,0.4995444,0.502728,0.4401238,0.3735353,0.3256196,0.3206206,0.3153312,0.3299841,0.3253344,0.2835701,0.1522985,0.0,0.0,0.0,0.0,0.0,0.0,0.0,0.0,0.0,0.0,0.0,0.0],"lower":[0.0,0.0,0.0,0.0,0.0,0.0,0.0,0.0,0.0,0.0,0.0,0.0,0.0,0.0481996,0.5201758,0.7463135,0.7721995,0.6880293,0.5820958,0.5404039,0.493936,0.4200653,0.399153,0.4223549,0.4442089,0.4909913,0.5155321,0.4381962,0.366799,0.3691096,0.3479997,0.2930136,0.24766,0.2066947,0.208794,0.2003561,0.2179874,0.218871,0.1935259,0.0759737,0.0,0.0,0.0,0.0,0.0,0.0,0.0,0.0,0.0,0.0,0.0,0.0],"upper":[0.0,0.0,0.0,0.0,0.0,0.0,0.0,0.0,0.0,0.0,0.0,0.0,0.0,0.1618911,1.1632596,1.3985316,1.4204284,1.3277731,1.0055559,0.9120328,0.8371882,0.7017755,0.6593423,0.7085763,0.7439715,0.8062025,0.8365181,0.7627184,0.6757705,0.6663895,0.6896124,0.6078998,0.5209763,0.4442318,0.443639,0.4516547,0.4796318,0.4718828,0.4163355,0.2411653,0.0,0.0,0.0,0.0,0.0,0.0,0.0,0.0,0.0,0.0,0.0,0.0],"occurrence":[0.0,0.0,0.0,0.0,0.0,0.0,0.0,0.0,0.0,0.0,0.0,0.0,0.0,0.0621389,0.4349534,0.5077677,0.5284623,0.5224344,0.485848,0.4612816,0.4473436,0.3982341,0.3879887,0.4030395,0.4038769,0.4147612,0.423471,0.3654516,0.3092776,0.2990067,0.2816822,0.2501037,0.2414157,0.2200047,0.2288752,0.2354625,0.2459659,0.2390309,0.2215823,0.1215406,0.0,0.0,0.0,0.0,0.0,0.0,0.0,0.0,0.0,0.0,0.0,0.0],"regions":["central"]},"geometry":{"type":"Polygon","coordinates":[[[-85.17418,45.13263],[-84.84532,45.13263],[-84.69174,44.87939],[-85.02,44.87939],[-85.17418,45.13263]]]}},{"type":"Feature","properties":{"cell_id":315.0,"area_km2":729.0,"elevation_m":378.2406616,"longitude":-84.6040374,"latitude":45.0059298,"abundance":[0.0,0.0,0.0,0.0,0.0,0.0,0.0,0.0,0.0,0.0,0.0,0.0,0.0,0.0457393,0.7337995,0.9402864,0.8942995,0.784503,0.6370956,0.5676805,0.5217474,0.4242442,0.3871773,0.4041326,0.4477185,0.4727654,0.4714983,0.4535089,0.3599842,0.3880079,0.3974926,0.3496424,0.3044245,0.2631778,0.2854521,0.2816876,0.2876402,0.2856949,0.2741016,0.153041,0.0,0.0,0.0,0.0,0.0,0.0,0.0,0.0,0.0,0.0,0.0,0.0],"lower":[0.0,0.0,0.0,0.0,0.0,0.0,0.0,0.0,0.0,0.0,0.0,0.0,0.0,0.0197691,0.4843592,0.6552941,0.6354138,0.547015,0.4622831,0.4175802,0.3908396,0.3119046,0.2889711,0.3059544,0.3347462,0.360279,0.3649005,0.3409921,0.2674,0.2851666,0.2818114,0.2429128,0.2187348,0.1811999,0.1905389,0.1845679,0.1871483,0.1863893,0.1895393,0.0821307,0.0,0.0,0.0,0.0,0.0,0.0,0.0,0.0,0.0,0.0,0.0,0.0],"upper":[0.0,0.0,0.0,0.0,0.0,0.0,0.0,0.0,0.0,0.0,0.0,0.0,0.0,0.0775655,1.0868139,1.3327607,1.295666,1.1696596,0.9168826,0.7916039,0.70867,0.5594642,0.5079099,0.5182259,0.5763612,0.6062642,0.6104114,0.6193842,0.5041154,0.5379775,0.5413257,0.4741399,0.4109992,0.3467169,0.3789718,0.3866121,0.402896,0.3986238,0.3933637,0.2483724,0.0,0.0,0.0,0.0,0.0,0.0,0.0,0.0,0.0,0.0,0.0,0.0],"occurrence":[0.0,0.0,0.0,0.0,0.0,0.0,0.0,0.0,0.0,0.0,0.0,0.0,0.0,0.0284198,0.4094148,0.4757372,0.4653552,0.4435686,0.420945,0.3919088,0.3782575,0.3208185,0.2984849,0.3062223,0.3239315,0.318744,0.3126609,0.2965392,0.2283478,0.2407489,0.2365356,0.2147152,0.2078404,0.1850685,0.2102723,0.2155006,0.2165702,0.2093284,0.2145326,0.1242113,0.0,0.0,0.0,0.0,0.0,0.0,0.0,0.0,0.0,0.0,0.0,0.0],"regions":["central"]},"geometry":{"type":"Polygon","coordinates":[[[-84.84532,45.13263],[-84.51646,45.13263],[-84.36348,44.87939],[-84.69174,44.87939],[-84.84532,45.13263]]]}},{"type":"Feature","properties":{"cell_id":316.0,"area_km2":729.0,"elevation_m":328.0964355,"longitude":-84.2754781,"latitude":45.0059298,"abundance":[0.0,0.0,0.0,0.0,0.0,0.0,0.0,0.0,0.0,0.0,0.0,0.0,0.0,0.2096766,1.0733856,1.3984491,1.3816974,1.2005364,0.9695168,0.8852329,0.8082906,0.7017542,0.6369882,0.6440715,0.7103146,0.7633038,0.7682936,0.7732896,0.7037408,0.6622481,0.6466812,0.5731663,0.5012468,0.4572401,0.4630961,0.4735771,0.4816153,0.4507397,0.3956611,0.2437635,0.0,0.0,0.0,0.0,0.0,0.0,0.0,0.0,0.0,0.0,0.0,0.0],"lower":[0.0,0.0,0.0,0.0,0.0,0.0,0.0,0.0,0.0,0.0,0.0,0.0,0.0,0.0824582,0.6885273,0.9836644,0.9954965,0.81843,0.6964279,0.6375299,0.5957054,0.5155017,0.4843949,0.4953922,0.5380213,0.5842632,0.5794296,0.5859239,0.5300038,0.4964394,0.4747306,0.418323,0.3641421,0.3275368,0.3266806,0.326504,0.3261866,0.2964174,0.2613772,0.1211896,0.0,0.0,0.0,0.0,0.0,0.0,0.0,0.0,0.0,0.0,0.0,0.0],"upper":[0.0,0.0,0.0,0.0,0.0,0.0,0.0,0.0,0.0,0.0,0.0,0.0,0.0,0.37227,1.5432112,1.9023125,1.9534751,1.7577786,1.3980329,1.2289108,1.1134373,0.9332997,0.8562828,0.8238962,0.9206148,0.9799765,1.0007387,1.0215293,0.9365494,0.8958369,0.8608007,0.7487607,0.6596481,0.6007952,0.6147255,0.6445215,0.6725553,0.6302809,0.5650962,0.4230233,0.0,0.0,0.0,0.0,0.0,0.0,0.0,0.0,0.0,0.0,0.0,0.0],"occurrence":[0.0,0.0,0.0,0.0,0.0,0.0,0.0,0.0,0.0,0.0,0.0,0.0,0.0,0.130447,0.5434879,0.6283242,0.6438324,0.6200259,0.5900936,0.5743657,0.551394,0.5048307,0.4732102,0.4669032,0.4875222,0.4858204,0.4785154,0.4731142,0.4295907,0.3977309,0.3819954,0.3513475,0.3375634,0.3246723,0.3349996,0.3520022,0.3542557,0.3313845,0.3091952,0.1976265,0.0,0.0,0.0,0.0,0.0,0.0,0.0,0.0,0.0,0.0,0.0,0.0],"regions":["central"]},"geometry":{"type":"Polygon","coordinates":[[[-84.51646,45.13263],[-84.1876,45.13263],[-84.03521,44.87939],[-84.36348,44.87939],[-84.51646,45.13263]]]}},{"type":"Feature","properties":{"cell_id":317.0,"area_km2":729.0,"elevation_m":262.6652222,"longitude":-83.9469187,"latitude":45.0059298,"abundance":[0.0,0.0,0.0,0.0,0.0,0.0,0.0,0.0,0.0,0.0,0.0,0.0,0.0,0.1694762,0.9453467,1.2300848,1.2356755,1.0684944,0.9011859,0.811726,0.7690645,0.659434,0.60457,0.6019531,0.6697182,0.7249457,0.7291452,0.7430786,0.6648515,0.5947443,0.5670329,0.5128226,0.4706505,0.4443878,0.4456547,0.4595378,0.4760234,0.4570277,0.4143011,0.2731554,0.0,0.0,0.0,0.0,0.0,0.0,0.0,0.0,0.0,0.0,0.0,0.0],"lower":[0.0,0.0,0.0,0.0,0.0,0.0,0.0,0.0,0.0,0.0,0.0,0.0,0.0,0.0603543,0.5926181,0.8483096,0.850413,0.7185472,0.6502117,0.5943668,0.5648823,0.4941391,0.4606821,0.4633733,0.501292,0.5462331,0.551442,0.5583453,0.4877136,0.4373797,0.4044938,0.3687448,0.3334127,0.3055453,0.3003598,0.2986984,0.313486,0.3046743,0.2679944,0.1446088,0.0,0.0,0.0,0.0,0.0,0.0,0.0,0.0,0.0,0.0,0.0,0.0],"upper":[0.0,0.0,0.0,0.0,0.0,0.0,0.0,0.0,0.0,0.0,0.0,0.0,0.0,0.3099064,1.3832915,1.7103459,1.7812259,1.6043948,1.3430796,1.1554058,1.0570176,0.8649465,0.7962489,0.7729523,0.8708752,0.9345336,0.944846,0.9682304,0.8775621,0.7830228,0.7492378,0.6652451,0.6108403,0.5866481,0.6041824,0.6558812,0.6930616,0.6452506,0.5958026,0.4752903,0.0,0.0,0.0,0.0,0.0,0.0,0.0,0.0,0.0,0.0,0.0,0.0],"occurrence":[0.0,0.0,0.0,0.0,0.0,0.0,0.0,0.0,0.0,0.0,0.0,0.0,0.0,0.1067617,0.513908,0.5987138,0.6123922,0.5848771,0.5680696,0.548427,0.5396377,0.4845639,0.446115,0.4395764,0.4613884,0.4689232,0.4660112,0.4697108,0.4241219,0.3843394,0.3688376,0.3480803,0.3377469,0.3298282,0.3300993,0.3428684,0.3613128,0.3463045,0.3339699,0.2269158,0.0,0.0,0.0,0.0,0.0,0.0,0.0,0.0,0.0,0.0,0.0,0.0],"regions":["central"]},"geometry":{"type":"Polygon","coordinates":[[[-84.1876,45.13263],[-83.85875,45.13263],[-83.70695,44.87939],[-84.03521,44.87939],[-84.1876,45.13263]]]}},{"type":"Feature","properties":{"cell_id":318.0,"area_km2":729.0,"elevation_m":221.7269287,"longitude":-83.6183593,"latitude":45.0059298,"abundance":[0.0,0.0,0.0,0.0,0.0,0.0,0.0,0.0,0.0,0.0,0.0,0.0,0.0,0.031584,0.5513576,0.7508554,0.7810639,0.6841052,0.6871141,0.6762862,0.6355813,0.504169,0.3969194,0.350098,0.3790548,0.4780012,0.5124071,0.5432034,0.4142279,0.3325838,0.3180059,0.271103,0.2488146,0.2318796,0.2264925,0.2397222,0.2625344,0.2594575,0.2593073,0.1900203,0.0,0.0,0.0,0.0,0.0,0.0,0.0,0.0,0.0,0.0,0.0,0.0],"lower":[0.0,0.0,0.0,0.0,0.0,0.0,0.0,0.0,0.0,0.0,0.0,0.0,0.0,0.0111565,0.2928959,0.4287122,0.4907829,0.4480765,0.4754657,0.4755577,0.438506,0.3537068,0.2877113,0.2548914,0.2707898,0.3337954,0.3476168,0.3568635,0.2651223,0.2077418,0.198678,0.171267,0.1564426,0.1497198,0.1401887,0.1459434,0.167661,0.164197,0.1554585,0.1051622,0.0,0.0,0.0,0.0,0.0,0.0,0.0,0.0,0.0,0.0,0.0,0.0],"upper":[0.0,0.0,0.0,0.0,0.0,0.0,0.0,0.0,0.0,0.0,0.0,0.0,0.0,0.0603047,0.8379424,1.1098794,1.1656243,1.0397247,1.0298067,0.9599328,0.8846042,0.6757261,0.5268565,0.4547978,0.5057486,0.6415327,0.6962135,0.7515697,0.5854812,0.4642008,0.4391557,0.3618661,0.3302567,0.3107078,0.3043042,0.3335978,0.3651665,0.3713378,0.3989565,0.3640384,0.0,0.0,0.0,0.0,0.0,0.0,0.0,0.0,0.0,0.0,0.0,0.0],"occurrence":[0.0,0.0,0.0,0.0,0.0,0.0,0.0,0.0,0.0,0.0,0.0,0.0,0.0,0.0201087,0.3297764,0.4127138,0.4289016,0.4030975,0.4391201,0.4608086,0.4475162,0.3727347,0.2997707,0.2616578,0.2719069,0.323853,0.3474211,0.3652858,0.2806588,0.2332966,0.2278662,0.2013446,0.1870795,0.1794848,0.1723192,0.179419,0.2027019,0.2019299,0.2153658,0.1617419,0.0,0.0,0.0,0.0,0.0,0.0,0.0,0.0,0.0,0.0,0.0,0.0],"regions":["central"]},"geometry":{"type":"Polygon","coordinates":[[[-83.85875,45.13263],[-83.52989,45.13263],[-83.37869,44.87939],[-83.70695,44.87939],[-83.85875,45.13263]]]}},{"type":"Feature","properties":{"cell_id":319.0,"area_km2":729.0,"elevation_m":184.2594757,"longitude":-83.2897999,"latitude":45.0059298,"abundance":[0.0,0.0,0.0,0.0,0.0,0.0,0.0,0.0,0.0,0.0,0.0,0.0,0.0,0.0,0.4372662,0.5136531,0.5105104,0.3947778,0.3167798,0.3033846,0.2317751,0.1522075,0.0866083,0.0707466,0.0622354,0.0976726,0.0893868,0.0919266,0.0790621,0.0671859,0.0682958,0.062431,0.0895045,0.0899711,0.0796123,0.1102101,0.1698024,0.2387017,0.2564859,0.2183428,0.0235936,0.0,0.0,0.0,0.0,0.0,0.0,0.0,0.0,0.0,0.0,0.0],"lower":[0.0,0.0,0.0,0.0,0.0,0.0,0.0,0.0,0.0,0.0,0.0,0.0,0.0,0.0,0.2429405,0.3045272,0.3232389,0.2469421,0.2026567,0.1960205,0.1494372,0.1041854,0.0594726,0.0469299,0.0391566,0.0569234,0.0516118,0.0513892,0.0436697,0.0377413,0.0409238,0.0398916,0.0564202,0.0561727,0.0452097,0.0584046,0.0974521,0.1384927,0.1387487,0.1086472,0.0041796,0.0,0.0,0.0,0.0,0.0,0.0,0.0,0.0,0.0,0.0,0.0],"upper":[0.0,0.0,0.0,0.0,0.0,0.0,0.0,0.0,0.0,0.0,0.0,0.0,0.0,0.0,0.6775763,0.8452953,0.8588133,0.6389871,0.4732729,0.4365759,0.3291502,0.2141325,0.1193607,0.0963699,0.0843506,0.1395017,0.1253704,0.1314932,0.11823,0.1054784,0.1002457,0.0897592,0.1295312,0.1285762,0.1201992,0.1660986,0.2546143,0.3793885,0.4217,0.4138188,0.0634682,0.0,0.0,0.0,0.0,0.0,0.0,0.0,0.0,0.0,0.0,0.0],"occurrence":[0.0,0.0,0.0,0.0,0.0,0.0,0.0,0.0,0.0,0.0,0.0,0.0,0.0,0.0,0.2711922,0.3114193,0.3109426,0.2480305,0.2102672,0.215855,0.1742217,0.1189566,0.0670981,0.0540235,0.0462532,0.0683959,0.0611555,0.0630901,0.0531407,0.0473203,0.0484929,0.0476715,0.0693187,0.0727736,0.0628053,0.0859622,0.1346689,0.1837453,0.2102538,0.1795277,0.0172858,0.0,0.0,0.0,0.0,0.0,0.0,0.0,0.0,0.0,0.0,0.0],"regions":["central"]},"geometry":{"type":"Polygon","coordinates":[[[-83.52989,45.13263],[-83.20103,45.13263],[-83.05043,44.87939],[-83.37869,44.87939],[-83.52989,45.13263]]]}},{"type":"Feature","properties":{"cell_id":332.0,"area_km2":729.0,"elevation_m":176.5987091,"longitude":-86.4194037,"latitude":44.7530091,"abundance":[0.0,0.0,0.0,0.0,0.0,0.0,0.0,0.0,0.0,0.0,0.0,0.0,0.0,0.1378712,0.4437863,0.4518276,0.4626334,0.263644,0.1529841,0.1837314,0.0607324,0.0631821,0.0504826,0.0564022,0.0642664,0.0653154,0.0636644,0.0600533,0.0509729,0.0448821,0.0530538,0.0488724,0.0444501,0.0363575,0.0340658,0.0287765,0.0370186,0.0829156,0.1555411,0.1637113,0.0,0.0,0.0,0.0,0.0,0.0,0.0,0.0,0.0,0.0,0.0,0.0],"lower":[0.0,0.0,0.0,0.0,0.0,0.0,0.0,0.0,0.0,0.0,0.0,0.0,0.0,0.0672077,0.2977306,0.3091703,0.302693,0.1870097,0.1027877,0.0979978,0.0370442,0.040778,0.0279072,0.0306747,0.0364633,0.0371266,0.0425972,0.0351362,0.0319299,0.0275456,0.0326047,0.0289575,0.0287841,0.0224283,0.0175254,0.0164229,0.0205314,0.0370117,0.0925896,0.0865961,0.0,0.0,0.0,0.0,0.0,0.0,0.0,0.0,0.0,0.0,0.0,0.0],"upper":[0.0,0.0,0.0,0.0,0.0,0.0,0.0,0.0,0.0,0.0,0.0,0.0,0.0,0.2530883,0.6272318,0.6347647,0.6422157,0.3650199,0.2202778,0.2643388,0.0865162,0.0844752,0.0723945,0.078336,0.0878831,0.0878982,0.0859069,0.0799344,0.0706747,0.0676684,0.0719745,0.0654941,0.0595184,0.0479261,0.043724,0.0421546,0.0519102,0.1292798,0.2513758,0.2804416,0.0,0.0,0.0,0.0,0.0,0.0,0.0,0.0,0.0,0.0,0.0,0.0],"occurrence":[0.0,0.0,0.0,0.0,0.0,0.0,0.0,0.0,0.0,0.0,0.0,0.0,0.0,0.091353,0.260243,0.2705493,0.28282,0.165397,0.1125608,0.1422245,0.048004,0.0494404,0.038877,0.0422322,0.0424984,0.042853,0.0418865,0.0396399,0.0344331,0.0321115,0.0343233,0.0318264,0.0303359,0.0253356,0.0243105,0.0224055,0.0272409,0.0606344,0.1150159,0.1249856,0.0,0.0,0.0,0.0,0.0,0.0,0.0,0.0,0.0,0.0,0.0,0.0],"regions":["central"]},"geometry":{"type":"Polygon","coordinates":[[[-86.66131,44.87939],[-86.33305,44.87939],[-86.17821,44.62679],[-86.50589,44.62679],[-86.66131,44.87939]]]}},{"type":"Feature","properties":{"cell_id":333.0,"area_km2":729.0,"elevation_m":212.0697327,"longitude":-86.0914363,"latitude":44.7530091,"abundance":[0.0,0.0,0.0,0.0,0.0,0.0,0.0,0.0,0.0,0.0,0.0,0.0,0.0,0.217291,0.7528996,0.8692433,0.7909005,0.6998071,0.595816,0.5454898,0.4228756,0.3438482,0.3083344,0.3233607,0.3741297,0.381035,0.4241676,0.3956034,0.3243314,0.2842555,0.2777537,0.2273091,0.1980018,0.1891955,0.1921812,0.1948049,0.2232653,0.2430539,0.2546491,0.1857813,0.0102533,0.0,0.0,0.0,0.0,0.0,0.0,0.0,0.0,0.0,0.0,0.0],"lower":[0.0,0.0,0.0,0.0,0.0,0.0,0.0,0.0,0.0,0.0,0.0,0.0,0.0,0.0965164,0.5299005,0.6138269,0.5656767,0.4933862,0.4201464,0.3726055,0.2817451,0.2372665,0.2066926,0.2101242,0.2475619,0.2533243,0.2949888,0.2822835,0.2150832,0.1807194,0.1725363,0.1419242,0.1236349,0.1191747,0.110747,0.1103933,0.1321748,0.1458339,0.1591585,0.1059923,0.0038925,0.0,0.0,0.0,0.0,0.0,0.0,0.0,0.0,0.0,0.0,0.0],"upper":[0.0,0.0,0.0,0.0,0.0,0.0,0.0,0.0,0.0,0.0,0.0,0.0,0.0,0.386219,1.0491283,1.2472672,1.1165397,1.0160158,0.8429977,0.7641218,0.5873674,0.4781721,0.4290607,0.4536605,0.5140157,0.5169767,0.568215,0.5273671,0.4494287,0.4020135,0.4148538,0.3578632,0.309624,0.2828391,0.2920247,0.3039417,0.3330812,0.3655017,0.3832459,0.3079607,0.0216412,0.0,0.0,0.0,0.0,0.0,0.0,0.0,0.0,0.0,0.0,0.0],"occurrence":[0.0,0.0,0.0,0.0,0.0,0.0,0.0,0.0,0.0,0.0,0.0,0.0,0.0,0.1517212,0.4511996,0.4983772,0.4608083,0.4361171,0.4129174,0.3909918,0.3191137,0.2748278,0.2435785,0.2471496,0.2708718,0.2680414,0.2895648,0.2715956,0.2288618,0.1998391,0.1917223,0.1540423,0.1371242,0.130404,0.1412707,0.1483427,0.1704212,0.1834087,0.2010145,0.152346,0.008157,0.0,0.0,0.0,0.0,0.0,0.0,0.0,0.0,0.0,0.0,0.0],"regions":["central"]},"geometry":{"type":"Polygon","coordinates":[[[-86.33305,44.87939],[-86.00479,44.87939],[-85.85054,44.62679],[-86.17821,44.62679],[-86.33305,44.87939]]]}},{"type":"Feature","properties":{"cell_id":334.0,"area_km2":729.0,"elevation_m":246.7110748,"longitude":-85.7634689,"latitude":44.7530091,"abundance":[0.0,0.0,0.0,0.0,0.0,0.0,0.0,0.0,0.0,0.0,0.0,0.0,0.0,0.1012863,0.6857614,0.8613558,0.7597439,0.6494461,0.5308927,0.456651,0.3577949,0.2889548,0.2486182,0.2844181,0.2976585,0.3133098,0.3626346,0.2937704,0.2144526,0.2146396,0.225871,0.1964729,0.1754528,0.1705988,0.1907336,0.1897942,0.2303916,0.2451235,0.2735069,0.1727937,0.0047855,0.0,0.0,0.0,0.0,0.0,0.0,0.0,0.0,0.0,0.0,0.0],"lower":[0.0,0.0,0.0,0.0,0.0,0.0,0.0,0.0,0.0,0.0,0.0,0.0,0.0,0.0402833,0.4727809,0.6125967,0.5571123,0.4744734,0.3996827,0.3408461,0.2630758,0.2140646,0.1806604,0.2037724,0.2150804,0.2260146,0.2678729,0.2117859,0.1519824,0.1452442,0.1465065,0.1263562,0.1138294,0.1124938,0.1169078,0.1126664,0.1468048,0.1557143,0.1784765,0.1004062,0.0018992,0.0,0.0,0.0,0.0,0.0,0.0,0.0,0.0,0.0,0.0,0.0],"upper":[0.0,0.0,0.0,0.0,0.0,0.0,0.0,0.0,0.0,0.0,0.0,0.0,0.0,0.1837944,0.9829969,1.195662,1.0371801,0.9048678,0.7212657,0.6137514,0.4831993,0.3819377,0.333199,0.3771862,0.3883979,0.4102823,0.471385,0.3903087,0.2951502,0.2966287,0.328367,0.3026594,0.2719311,0.252717,0.2849939,0.2891568,0.3390591,0.3623106,0.4058542,0.279056,0.0101352,0.0,0.0,0.0,0.0,0.0,0.0,0.0,0.0,0.0,0.0,0.0],"occurrence":[0.0,0.0,0.0,0.0,0.0,0.0,0.0,0.0,0.0,0.0,0.0,0.0,0.0,0.076685,0.4220652,0.4944493,0.4486817,0.4087718,0.3732394,0.3360081,0.281092,0.2379378,0.2012298,0.2200015,0.2189508,0.2211895,0.2532447,0.2068431,0.1537635,0.1534141,0.160484,0.1401336,0.1296641,0.127038,0.1480287,0.1520366,0.1817316,0.1899455,0.2220858,0.1434796,0.0037823,0.0,0.0,0.0,0.0,0.0,0.0,0.0,0.0,0.0,0.0,0.0],"regions":["central"]},"geometry":{"type":"Polygon","coordinates":[[[-86.00479,44.87939],[-85.67653,44.87939],[-85.52287,44.62679],[-85.85054,44.62679],[-86.00479,44.87939]]]}},{"type":"Feature","properties":{"cell_id":335.0,"area_km2":729.0,"elevation_m":247.1552887,"longitude":-85.4355015,"latitude":44.7530091,"abundance":[0.0,0.0,0.0,0.0,0.0,0.0,0.0,0.0,0.0,0.0,0.0,0.0,0.0,0.1196904,0.7603665,0.9583743,0.8296476,0.7436646,0.6213999,0.5566583,0.4539118,0.3673333,0.3359985,0.3515007,0.3680242,0.389815,0.4015824,0.3622883,0.3077996,0.2931946,0.2975646,0.2549295,0.227881,0.2150044,0.244781,0.2453741,0.2962669,0.2968959,0.298305,0.1975717,0.0082923,0.0,0.0,0.0,0.0,0.0,0.0,0.0,0.0,0.0,0.0,0.0],"lower":[0.0,0.0,0.0,0.0,0.0,0.0,0.0,0.0,0.0,0.0,0.0,0.0,0.0,0.0528703,0.5216917,0.6785974,0.6069613,0.5539792,0.4674142,0.425981,0.3419533,0.2783341,0.2517237,0.2720791,0.2805609,0.2880766,0.3062288,0.2672804,0.2112561,0.2015197,0.2009908,0.1671244,0.1497045,0.1437444,0.1586284,0.1544674,0.1943689,0.1924179,0.1906976,0.1088254,0.0035785,0.0,0.0,0.0,0.0,0.0,0.0,0.0,0.0,0.0,0.0,0.0],"upper":[0.0,0.0,0.0,0.0,0.0,0.0,0.0,0.0,0.0,0.0,0.0,0.0,0.0,0.2258283,1.0942322,1.2713348,1.1238731,1.0014555,0.828137,0.7432866,0.6330147,0.4854727,0.4452761,0.4531873,0.4729515,0.5017785,0.5191126,0.4807868,0.4173135,0.3981043,0.4175661,0.3586605,0.330871,0.3099842,0.3570973,0.3625325,0.4361542,0.4407304,0.4496118,0.3261779,0.0170854,0.0,0.0,0.0,0.0,0.0,0.0,0.0,0.0,0.0,0.0,0.0],"occurrence":[0.0,0.0,0.0,0.0,0.0,0.0,0.0,0.0,0.0,0.0,0.0,0.0,0.0,0.08898,0.4220931,0.4875604,0.4482571,0.4286025,0.3997444,0.3727278,0.328193,0.2807645,0.2577119,0.2593246,0.2593237,0.2577374,0.2577337,0.2339802,0.1978093,0.1888434,0.1920183,0.1604401,0.1538739,0.1500866,0.17699,0.1862543,0.2191895,0.216488,0.2289931,0.1577305,0.0066218,0.0,0.0,0.0,0.0,0.0,0.0,0.0,0.0,0.0,0.0,0.0],"regions":["central"]},"geometry":{"type":"Polygon","coordinates":[[[-85.67653,44.87939],[-85.34826,44.87939],[-85.19519,44.62679],[-85.52287,44.62679],[-85.67653,44.87939]]]}},{"type":"Feature","properties":{"cell_id":336.0,"area_km2":729.0,"elevation_m":327.7921143,"longitude":-85.1075342,"latitude":44.7530091,"abundance":[0.0,0.0,0.0,0.0,0.0,0.0,0.0,0.0,0.0,0.0,0.0,0.0,0.0,0.1196495,0.8502895,1.0807188,1.0122391,0.9329144,0.7039114,0.6431359,0.5542769,0.4764634,0.4133269,0.4327056,0.4643202,0.4929422,0.5144621,0.4714545,0.40206,0.416793,0.4329584,0.3817101,0.3281767,0.2891199,0.3052535,0.3217769,0.3485216,0.3482611,0.3162629,0.181619,0.0,0.0,0.0,0.0,0.0,0.0,0.0,0.0,0.0,0.0,0.0,0.0],"lower":[0.0,0.0,0.0,0.0,0.0,0.0,0.0,0.0,0.0,0.0,0.0,0.0,0.0,0.0543151,0.5554684,0.7779664,0.7247396,0.6672642,0.5260345,0.4935961,0.4296026,0.3546213,0.3083409,0.3309825,0.351978,0.3696376,0.3978632,0.3485742,0.2871022,0.2958253,0.3002082,0.2497488,0.211803,0.1797978,0.1896347,0.1980677,0.2251231,0.2253268,0.2077821,0.0929731,0.0,0.0,0.0,0.0,0.0,0.0,0.0,0.0,0.0,0.0,0.0,0.0],"upper":[0.0,0.0,0.0,0.0,0.0,0.0,0.0,0.0,0.0,0.0,0.0,0.0,0.0,0.2161561,1.2292372,1.4487425,1.3847824,1.3019967,0.9428484,0.8578719,0.7517198,0.615732,0.5327584,0.5532137,0.5934027,0.6260406,0.6621034,0.617079,0.5441604,0.5606847,0.5922689,0.5199694,0.4594336,0.4062945,0.4355986,0.4668836,0.5127422,0.5125071,0.4740154,0.2898124,0.0,0.0,0.0,0.0,0.0,0.0,0.0,0.0,0.0,0.0,0.0,0.0],"occurrence":[0.0,0.0,0.0,0.0,0.0,0.0,0.0,0.0,0.0,0.0,0.0,0.0,0.0,0.08707,0.4752406,0.5528542,0.5371616,0.5362006,0.47102,0.4467456,0.4109749,0.3687085,0.3293338,0.3325715,0.3426365,0.334132,0.3411363,0.3134073,0.2626411,0.2677481,0.2705958,0.2367177,0.2328649,0.2110438,0.2318198,0.252131,0.2672685,0.259963,0.2503746,0.1472501,0.0,0.0,0.0,0.0,0.0,0.0,0.0,0.0,0.0,0.0,0.0,0.0],"regions":["central"]},"geometry":{"type":"Polygon","coordinates":[[[-85.34826,44.87939],[-85.02,44.87939],[-84.86752,44.62679],[-85.19519,44.62679],[-85.34826,44.87939]]]}},{"type":"Feature","properties":{"cell_id":337.0,"area_km2":729.0,"elevation_m":378.7325439,"longitude":-84.7795668,"latitude":44.7530091,"abundance":[0.0,0.0,0.0,0.0,0.0,0.0,0.0,0.0,0.0,0.0,0.0,0.0,0.0,0.1290637,0.8443356,1.0673915,1.030638,0.9071491,0.7352943,0.6619841,0.6108547,0.4751932,0.4027906,0.4343085,0.474358,0.4802457,0.5102021,0.5046131,0.4227169,0.4396197,0.4685541,0.4023467,0.3513517,0.303479,0.3219249,0.3323022,0.3311499,0.3376332,0.2998704,0.1864642,0.0,0.0,0.0,0.0,0.0,0.0,0.0,0.0,0.0,0.0,0.0,0.0],"lower":[0.0,0.0,0.0,0.0,0.0,0.0,0.0,0.0,0.0,0.0,0.0,0.0,0.0,0.0534796,0.5412201,0.762149,0.7510919,0.6532851,0.5460424,0.4997683,0.4620815,0.3531336,0.3050451,0.3353228,0.3604201,0.3713731,0.3964461,0.3824229,0.3069704,0.3252839,0.3327022,0.2720267,0.2350491,0.193853,0.2079597,0.2088459,0.2147615,0.2203859,0.2059231,0.1039734,0.0,0.0,0.0,0.0,0.0,0.0,0.0,0.0,0.0,0.0,0.0,0.0],"upper":[0.0,0.0,0.0,0.0,0.0,0.0,0.0,0.0,0.0,0.0,0.0,0.0,0.0,0.2220863,1.2531337,1.4860846,1.4586641,1.324815,1.0078986,0.8968283,0.8240576,0.6262391,0.5246986,0.5595625,0.6057912,0.6089903,0.6482462,0.6523627,0.5559038,0.580562,0.6453527,0.5469579,0.4791672,0.4142482,0.4384994,0.4595262,0.4633944,0.4748265,0.4338222,0.2967365,0.0,0.0,0.0,0.0,0.0,0.0,0.0,0.0,0.0,0.0,0.0,0.0],"occurrence":[0.0,0.0,0.0,0.0,0.0,0.0,0.0,0.0,0.0,0.0,0.0,0.0,0.0,0.0887419,0.4637103,0.5352819,0.5330725,0.5186624,0.4896245,0.4522522,0.4397645,0.3622889,0.3163469,0.333265,0.3476899,0.3207929,0.3335642,0.3274343,0.2697189,0.2781451,0.2874496,0.2510373,0.2462246,0.2203635,0.2429931,0.2630775,0.2569194,0.2520786,0.2359044,0.150091,0.0,0.0,0.0,0.0,0.0,0.0,0.0,0.0,0.0,0.0,0.0,0.0],"regions":["central"]},"geometry":{"type":"Polygon","coordinates":[[[-85.02,44.87939],[-84.69174,44.87939],[-84.53984,44.62679],[-84.86752,44.62679],[-85.02,44.87939]]]}},{"type":"Feature","properties":{"cell_id":338.0,"area_km2":729.0,"elevation_m":366.8644104,"longitude":-84.4515994,"latitude":44.7530091,"abundance":[0.0,0.0,0.0,0.0,0.0,0.0,0.0,0.0,0.0,0.0,0.0,0.0,0.0,0.0881106,0.8421128,1.038902,0.9344551,0.8533925,0.7440033,0.6627879,0.5861577,0.4640741,0.393725,0.4354102,0.5001544,0.4948041,0.5063702,0.5323559,0.4478069,0.4420991,0.4564271,0.4030322,0.3782137,0.337211,0.3542356,0.3648065,0.3665378,0.3601093,0.3334244,0.2240115,0.0,0.0,0.0,0.0,0.0,0.0,0.0,0.0,0.0,0.0,0.0,0.0],"lower":[0.0,0.0,0.0,0.0,0.0,0.0,0.0,0.0,0.0,0.0,0.0,0.0,0.0,0.0309071,0.5609797,0.7211021,0.6702569,0.6276695,0.5533808,0.4920472,0.4395183,0.3474014,0.2954475,0.3338088,0.3776667,0.375392,0.3857487,0.4075481,0.3378377,0.3307448,0.3368978,0.2880839,0.2700813,0.2292898,0.2328286,0.2394464,0.2361156,0.2452281,0.2391607,0.1330747,0.0,0.0,0.0,0.0,0.0,0.0,0.0,0.0,0.0,0.0,0.0,0.0],"upper":[0.0,0.0,0.0,0.0,0.0,0.0,0.0,0.0,0.0,0.0,0.0,0.0,0.0,0.160994,1.1963449,1.4248831,1.3053038,1.212889,1.0480901,0.9047488,0.7829375,0.6032076,0.5095623,0.5481679,0.6344875,0.6226954,0.6397143,0.679428,0.5856677,0.5744003,0.6072155,0.5293319,0.4928368,0.4412902,0.477495,0.49308,0.5125738,0.493376,0.4668569,0.3435597,0.0,0.0,0.0,0.0,0.0,0.0,0.0,0.0,0.0,0.0,0.0,0.0],"occurrence":[0.0,0.0,0.0,0.0,0.0,0.0,0.0,0.0,0.0,0.0,0.0,0.0,0.0,0.0591121,0.4769892,0.540664,0.5107698,0.5089467,0.5164917,0.4698276,0.4299011,0.3562952,0.3049231,0.3247524,0.3594102,0.32788,0.3327436,0.3624242,0.3048363,0.3016704,0.3093598,0.2802359,0.2843581,0.2620184,0.2816081,0.2992007,0.2995387,0.2847649,0.2762591,0.1852519,0.0,0.0,0.0,0.0,0.0,0.0,0.0,0.0,0.0,0.0,0.0,0.0],"regions":["central"]},"geometry":{"type":"Polygon","coordinates":[[[-84.69174,44.87939],[-84.36348,44.87939],[-84.21217,44.62679],[-84.53984,44.62679],[-84.69174,44.87939]]]}},{"type":"Feature","properties":{"cell_id":339.0,"area_km2":729.0,"elevation_m":338.7769775,"longitude":-84.123632,"latitude":44.7530091,"abundance":[0.0,0.0,0.0,0.0,0.0,0.0,0.0,0.0,0.0,0.0,0.0,0.0,0.0,0.1758292,0.9773787,1.1755723,1.1094825,0.9587436,0.773748,0.7091218,0.6640496,0.5668017,0.5107667,0.53357,0.6224639,0.6584046,0.6486647,0.6532671,0.5914165,0.5453237,0.5286539,0.4685561,0.4293682,0.4018058,0.4064161,0.4143727,0.4151704,0.395579,0.3554687,0.2561546,0.0,0.0,0.0,0.0,0.0,0.0,0.0,0.0,0.0,0.0,0.0,0.0],"lower":[0.0,0.0,0.0,0.0,0.0,0.0,0.0,0.0,0.0,0.0,0.0,0.0,0.0,0.0719966,0.6294905,0.811382,0.7728351,0.6793237,0.5800413,0.5269536,0.5018715,0.4239695,0.3910805,0.4052916,0.4629918,0.4950969,0.4792639,0.4866429,0.4410906,0.4001906,0.3799661,0.3328301,0.2968464,0.2683493,0.2644453,0.267836,0.2663515,0.2628374,0.2481436,0.1458284,0.0,0.0,0.0,0.0,0.0,0.0,0.0,0.0,0.0,0.0,0.0,0.0],"upper":[0.0,0.0,0.0,0.0,0.0,0.0,0.0,0.0,0.0,0.0,0.0,0.0,0.0,0.3060261,1.3812006,1.6163836,1.5600016,1.4145695,1.1251272,1.004434,0.9176502,0.7494019,0.6644834,0.6758326,0.8012872,0.8411877,0.8406042,0.8529186,0.7827751,0.7292079,0.7088207,0.6130005,0.563468,0.5273682,0.5424935,0.5629544,0.5814555,0.5528848,0.5044171,0.3972974,0.0,0.0,0.0,0.0,0.0,0.0,0.0,0.0,0.0,0.0,0.0,0.0],"occurrence":[0.0,0.0,0.0,0.0,0.0,0.0,0.0,0.0,0.0,0.0,0.0,0.0,0.0,0.1109909,0.5109371,0.570241,0.5533426,0.5342131,0.5028992,0.4823867,0.47059,0.4183315,0.3860367,0.3874675,0.4278083,0.4203345,0.4092544,0.4135925,0.3733545,0.3458864,0.332531,0.30628,0.3032187,0.2932647,0.2990204,0.3070989,0.3069405,0.2924682,0.2770701,0.2020318,0.0,0.0,0.0,0.0,0.0,0.0,0.0,0.0,0.0,0.0,0.0,0.0],"regions":["central"]},"geometry":{"type":"Polygon","coordinates":[[[-84.36348,44.87939],[-84.03521,44.87939],[-83.8845,44.62679],[-84.21217,44.62679],[-84.36348,44.87939]]]}},{"type":"Feature","properties":{"cell_id":340.0,"area_km2":729.0,"elevation_m":285.5927124,"longitude":-83.7956647,"latitude":44.7530091,"abundance":[0.0,0.0,0.0,0.0,0.0,0.0,0.0,0.0,0.0,0.0,0.0,0.0,0.0,0.2565249,1.0369388,1.2749436,1.2711027,1.0894465,0.9084546,0.823402,0.7899953,0.7188187,0.6674882,0.6694114,0.749448,0.8074046,0.8179483,0.8141055,0.7371912,0.663581,0.6075029,0.5471132,0.5100225,0.4798013,0.483047,0.4999633,0.5031688,0.4810991,0.4364089,0.3254564,0.0,0.0,0.0,0.0,0.0,0.0,0.0,0.0,0.0,0.0,0.0,0.0],"lower":[0.0,0.0,0.0,0.0,0.0,0.0,0.0,0.0,0.0,0.0,0.0,0.0,0.0,0.1004597,0.5992738,0.8153904,0.8663684,0.756694,0.6755122,0.6221726,0.6040406,0.5428726,0.5107005,0.5086265,0.5552906,0.607421,0.6103126,0.608852,0.5403398,0.4783205,0.4258442,0.3926217,0.3567442,0.3269284,0.3164385,0.3213674,0.3300401,0.3257315,0.2892785,0.1842872,0.0,0.0,0.0,0.0,0.0,0.0,0.0,0.0,0.0,0.0,0.0,0.0],"upper":[0.0,0.0,0.0,0.0,0.0,0.0,0.0,0.0,0.0,0.0,0.0,0.0,0.0,0.4646861,1.5202714,1.7901442,1.8227201,1.6294106,1.3154885,1.1794635,1.0914615,0.9388074,0.8826895,0.8562077,0.9703892,1.0362338,1.0694504,1.0786566,0.9977304,0.9092162,0.8081057,0.7214513,0.6752051,0.6441941,0.6543636,0.6997052,0.7099997,0.6640571,0.6042414,0.5126976,0.0,0.0,0.0,0.0,0.0,0.0,0.0,0.0,0.0,0.0,0.0,0.0],"occurrence":[0.0,0.0,0.0,0.0,0.0,0.0,0.0,0.0,0.0,0.0,0.0,0.0,0.0,0.1566939,0.5165895,0.5868835,0.5976791,0.5686008,0.5495925,0.5352316,0.5307111,0.5029881,0.480261,0.4684406,0.498684,0.5008687,0.4939952,0.4913524,0.4448603,0.405985,0.3742834,0.3564602,0.3473373,0.3414089,0.3454024,0.3559601,0.3622494,0.3456374,0.3291762,0.2490637,0.0,0.0,0.0,0.0,0.0,0.0,0.0,0.0,0.0,0.0,0.0,0.0],"regions":["central"]},"geometry":{"type":"Polygon","coordinates":[[[-84.03521,44.87939],[-83.70695,44.87939],[-83.55682,44.62679],[-83.8845,44.62679],[-84.03521,44.87939]]]}},{"type":"Feature","properties":{"cell_id":341.0,"area_km2":729.0,"elevation_m":229.3849792,"longitude":-83.4676973,"latitude":44.7530091,"abundance":[0.0,0.0,0.0,0.0,0.0,0.0,0.0,0.0,0.0,0.0,0.0,0.0,0.0,0.1812956,0.8503367,1.0412296,1.0351518,0.9156625,0.7936844,0.7286105,0.6987244,0.6337618,0.5723702,0.5755409,0.628809,0.681614,0.7037566,0.6976083,0.6263735,0.5257134,0.4697426,0.4284184,0.4067209,0.3827973,0.385847,0.3987583,0.4085322,0.4078054,0.383952,0.3087217,0.0,0.0,0.0,0.0,0.0,0.0,0.0,0.0,0.0,0.0,0.0,0.0],"lower":[0.0,0.0,0.0,0.0,0.0,0.0,0.0,0.0,0.0,0.0,0.0,0.0,0.0,0.066101,0.4655817,0.6071968,0.6626933,0.5974805,0.5427186,0.51586,0.5013368,0.4523866,0.4254381,0.418792,0.4384105,0.4747499,0.4954361,0.4752131,0.4072837,0.3409582,0.2973394,0.28199,0.2680654,0.2469781,0.2389103,0.2442642,0.26252,0.2616397,0.2313636,0.1691668,0.0,0.0,0.0,0.0,0.0,0.0,0.0,0.0,0.0,0.0,0.0,0.0],"upper":[0.0,0.0,0.0,0.0,0.0,0.0,0.0,0.0,0.0,0.0,0.0,0.0,0.0,0.3339695,1.2833775,1.5259157,1.5335495,1.3865049,1.1751912,1.0488529,0.9581286,0.856905,0.7596714,0.7410787,0.8366848,0.8977123,0.9348762,0.9415532,0.8507407,0.7335488,0.6432189,0.5776034,0.5580376,0.5345396,0.545687,0.5878544,0.6031919,0.5871774,0.5563366,0.4951123,0.0,0.0,0.0,0.0,0.0,0.0,0.0,0.0,0.0,0.0,0.0,0.0],"occurrence":[0.0,0.0,0.0,0.0,0.0,0.0,0.0,0.0,0.0,0.0,0.0,0.0,0.0,0.1145666,0.4618791,0.5221644,0.5193269,0.4973204,0.4849311,0.4851231,0.4836944,0.4545829,0.4209783,0.4099769,0.4291279,0.4378839,0.437578,0.4263129,0.3790929,0.3240825,0.2981291,0.2823972,0.2770161,0.271474,0.2720267,0.2763039,0.2880695,0.2897514,0.2870582,0.2369785,0.0,0.0,0.0,0.0,0.0,0.0,0.0,0.0,0.0,0.0,0.0,0.0],"regions":["central"]},"geometry":{"type":"Polygon","coordinates":[[[-83.70695,44.87939],[-83.37869,44.87939],[-83.22915,44.62679],[-83.55682,44.62679],[-83.70695,44.87939]]]}},{"type":"Feature","properties":{"cell_id":342.0,"area_km2":729.0,"elevation_m":182.3129883,"longitude":-83.1397299,"latitude":44.7530091,"abundance":[0.0,0.0,0.0,0.0,0.0,0.0,0.0,0.0,0.0,0.0,0.0,0.0,0.0,0.0,0.5088741,0.5554215,0.6168953,0.4889468,0.4949772,0.5060849,0.3428743,0.3004149,0.2456168,0.235201,0.2465218,0.3107225,0.2570826,0.2521554,0.2196949,0.1873091,0.1697649,0.1695031,0.1712336,0.1683927,0.1738108,0.2132662,0.3126051,0.4019275,0.3974338,0.3092774,0.0,0.0,0.0,0.0,0.0,0.0,0.0,0.0,0.0,0.0,0.0,0.0],"lower":[0.0,0.0,0.0,0.0,0.0,0.0,0.0,0.0,0.0,0.0,0.0,0.0,0.0,0.0,0.2456582,0.2892924,0.3535369,0.303695,0.3281155,0.3489811,0.2413535,0.218396,0.1798251,0.1638837,0.1761018,0.2129615,0.1756574,0.1616336,0.1335495,0.1148394,0.1043728,0.1012433,0.1040605,0.1029564,0.1004704,0.1267841,0.201098,0.2303046,0.1928131,0.1434858,0.0,0.0,0.0,0.0,0.0,0.0,0.0,0.0,0.0,0.0,0.0,0.0],"upper":[0.0,0.0,0.0,0.0,0.0,0.0,0.0,0.0,0.0,0.0,0.0,0.0,0.0,0.0,0.8579174,1.0033103,1.0501115,0.7628892,0.7137415,0.706532,0.4614278,0.4091386,0.3066204,0.2926917,0.3157458,0.4272462,0.3465441,0.3437853,0.317493,0.2790356,0.2592694,0.2296472,0.2286496,0.2195827,0.23297,0.2988063,0.4462216,0.5854037,0.5958349,0.5371591,0.0,0.0,0.0,0.0,0.0,0.0,0.0,0.0,0.0,0.0,0.0,0.0],"occurrence":[0.0,0.0,0.0,0.0,0.0,0.0,0.0,0.0,0.0,0.0,0.0,0.0,0.0,0.0,0.3183593,0.3327538,0.3621012,0.3055272,0.3239119,0.3631441,0.2542559,0.2321794,0.1913345,0.1782829,0.1838532,0.216482,0.1843943,0.1767525,0.1527061,0.1300822,0.1227257,0.1210221,0.125903,0.1281637,0.1308235,0.160338,0.2425448,0.30854,0.3229374,0.2598011,0.0,0.0,0.0,0.0,0.0,0.0,0.0,0.0,0.0,0.0,0.0,0.0],"regions":["central"]},"geometry":{"type":"Polygon","coordinates":[[[-83.37869,44.87939],[-83.05043,44.87939],[-82.90148,44.62679],[-83.22915,44.62679],[-83.37869,44.87939]]]}},{"type":"Feature","properties":{"cell_id":355.0,"area_km2":729.0,"elevation_m":201.8037872,"longitude":-86.2651219,"latitude":44.5007241,"abundance":[0.0,0.0,0.0,0.0,0.0,0.0,0.0,0.0,0.0,0.0,0.0,0.0,0.0,0.1439218,0.6368327,0.7075473,0.5616747,0.4806351,0.3941793,0.319421,0.231864,0.1817357,0.1376995,0.1650297,0.2095371,0.2533778,0.2989127,0.2608187,0.2111997,0.1588765,0.1475803,0.1371255,0.1193127,0.1202379,0.1278448,0.1299766,0.1525106,0.1681791,0.2082116,0.1543181,0.0052739,0.0,0.0,0.0,0.0,0.0,0.0,0.0,0.0,0.0,0.0,0.0],"lower":[0.0,0.0,0.0,0.0,0.0,0.0,0.0,0.0,0.0,0.0,0.0,0.0,0.0,0.0598187,0.417981,0.4749547,0.3870952,0.3289752,0.2562473,0.198146,0.1462676,0.1163805,0.0862327,0.1063776,0.133574,0.1556246,0.1872144,0.1563811,0.1294338,0.0882648,0.0785917,0.0731567,0.0635544,0.0597127,0.0629087,0.0699452,0.0826149,0.0873862,0.1200037,0.087296,0.0020692,0.0,0.0,0.0,0.0,0.0,0.0,0.0,0.0,0.0,0.0,0.0],"upper":[0.0,0.0,0.0,0.0,0.0,0.0,0.0,0.0,0.0,0.0,0.0,0.0,0.0,0.2595033,0.9176295,1.041718,0.8033328,0.7082526,0.5516796,0.448221,0.3163044,0.2527703,0.1921322,0.2389931,0.3020647,0.3645784,0.4106463,0.3697645,0.307697,0.2350274,0.2241476,0.2226453,0.1953756,0.1967591,0.2146009,0.2159363,0.2287174,0.2606417,0.3050809,0.2408352,0.0138075,0.0,0.0,0.0,0.0,0.0,0.0,0.0,0.0,0.0,0.0,0.0],"occurrence":[0.0,0.0,0.0,0.0,0.0,0.0,0.0,0.0,0.0,0.0,0.0,0.0,0.0,0.0996776,0.4026577,0.4364262,0.3542099,0.3280482,0.2950366,0.2513647,0.1917042,0.1505199,0.1097269,0.1270659,0.1528945,0.1795995,0.2074292,0.1842405,0.1551969,0.1171423,0.1080275,0.1000948,0.0883026,0.0896935,0.0997247,0.1044943,0.1218956,0.1324311,0.1685517,0.1272244,0.004147,0.0,0.0,0.0,0.0,0.0,0.0,0.0,0.0,0.0,0.0,0.0],"regions":["central"]},"geometry":{"type":"Polygon","coordinates":[[[-86.50589,44.62679],[-86.17821,44.62679],[-86.02507,44.37482],[-86.35216,44.37482],[-86.50589,44.62679]]]}},{"type":"Feature","properties":{"cell_id":356.0,"area_km2":729.0,"elevation_m":265.884613,"longitude":-85.93774,"latitude":44.5007241,"abundance":[0.0,0.0,0.0,0.0,0.0,0.0,0.0,0.0,0.0,0.0,0.0,0.0,0.0,0.2016716,0.7758334,0.9131525,0.8290958,0.7544712,0.6624774,0.618954,0.5074062,0.4151338,0.388869,0.4212329,0.4686479,0.4995576,0.5595881,0.4977912,0.412686,0.3680637,0.3390071,0.2816601,0.2390397,0.2371022,0.2385647,0.2479333,0.2843718,0.2725498,0.2724927,0.1854258,0.0063928,0.0,0.0,0.0,0.0,0.0,0.0,0.0,0.0,0.0,0.0,0.0],"lower":[0.0,0.0,0.0,0.0,0.0,0.0,0.0,0.0,0.0,0.0,0.0,0.0,0.0,0.0879128,0.5257021,0.6244972,0.5916343,0.5208323,0.4664991,0.4214305,0.3513107,0.2887585,0.266762,0.2848078,0.3185307,0.3394073,0.3825798,0.3346431,0.2714339,0.2115063,0.1844078,0.1481199,0.1284096,0.1280304,0.1210592,0.1275672,0.1464183,0.139669,0.1558533,0.1080878,0.0022096,0.0,0.0,0.0,0.0,0.0,0.0,0.0,0.0,0.0,0.0,0.0],"upper":[0.0,0.0,0.0,0.0,0.0,0.0,0.0,0.0,0.0,0.0,0.0,0.0,0.0,0.3701442,1.1242634,1.3253388,1.1777391,1.0738674,0.9137012,0.8557965,0.7017696,0.5727763,0.541856,0.5895792,0.6366646,0.6881075,0.7635717,0.6882229,0.5938804,0.5396298,0.535368,0.4941254,0.4196112,0.3828139,0.392427,0.4074603,0.4299091,0.425157,0.4178689,0.3002284,0.0134765,0.0,0.0,0.0,0.0,0.0,0.0,0.0,0.0,0.0,0.0,0.0],"occurrence":[0.0,0.0,0.0,0.0,0.0,0.0,0.0,0.0,0.0,0.0,0.0,0.0,0.0,0.1402374,0.4760967,0.531167,0.5002151,0.4803231,0.4697753,0.4539127,0.3958296,0.3360644,0.3097423,0.3231669,0.338332,0.348037,0.3806256,0.341664,0.2911401,0.2582078,0.2334075,0.1921919,0.1714811,0.1686287,0.1796825,0.1895016,0.21496,0.2044222,0.2180337,0.1518882,0.0050885,0.0,0.0,0.0,0.0,0.0,0.0,0.0,0.0,0.0,0.0,0.0],"regions":["central"]},"geometry":{"type":"Polygon","coordinates":[[[-86.17821,44.62679],[-85.85054,44.62679],[-85.69798,44.37482],[-86.02507,44.37482],[-86.17821,44.62679]]]}},{"type":"Feature","properties":{"cell_id":357.0,"area_km2":729.0,"elevation_m":317.0578918,"longitude":-85.6103582,"latitude":44.5007241,"abundance":[0.0,0.0,0.0,0.0,0.0,0.0,0.0,0.0,0.0,0.0,0.0,0.0,0.0,0.1043311,0.6037982,0.7651224,0.6859652,0.6343948,0.5452778,0.5042622,0.3940643,0.3060254,0.2840208,0.298813,0.3130934,0.315446,0.3659484,0.3149225,0.2651634,0.2522106,0.2732307,0.2400657,0.2047051,0.1999568,0.2124424,0.2161548,0.2576052,0.2457547,0.2546124,0.1729659,0.0078553,0.0,0.0,0.0,0.0,0.0,0.0,0.0,0.0,0.0,0.0,0.0],"lower":[0.0,0.0,0.0,0.0,0.0,0.0,0.0,0.0,0.0,0.0,0.0,0.0,0.0,0.0455378,0.4041677,0.5285232,0.4792362,0.4407891,0.3725259,0.3364915,0.2655179,0.2039876,0.1926911,0.2028573,0.2147644,0.211214,0.2462012,0.2130631,0.1772499,0.1558335,0.1630585,0.1404054,0.1169704,0.1116903,0.1108893,0.1144884,0.1367339,0.1293515,0.1493232,0.0987859,0.0029919,0.0,0.0,0.0,0.0,0.0,0.0,0.0,0.0,0.0,0.0,0.0],"upper":[0.0,0.0,0.0,0.0,0.0,0.0,0.0,0.0,0.0,0.0,0.0,0.0,0.0,0.1898288,0.8895154,1.1034385,0.9809577,0.9014835,0.7613849,0.7012445,0.5570942,0.4256345,0.3900023,0.4087952,0.4318788,0.4343831,0.5008445,0.4379667,0.3697594,0.3623978,0.4069078,0.3683302,0.3223261,0.3025519,0.3256435,0.3361485,0.3817626,0.3755816,0.3851165,0.2876244,0.0164084,0.0,0.0,0.0,0.0,0.0,0.0,0.0,0.0,0.0,0.0,0.0],"occurrence":[0.0,0.0,0.0,0.0,0.0,0.0,0.0,0.0,0.0,0.0,0.0,0.0,0.0,0.0735546,0.3513035,0.421396,0.3905962,0.3797227,0.3612779,0.3461877,0.2942176,0.2429032,0.225361,0.2279536,0.2280596,0.2131339,0.2385694,0.2042533,0.1735314,0.1665471,0.1755307,0.1489865,0.1359694,0.13329,0.1502744,0.1610601,0.1889587,0.1774944,0.1951272,0.1345998,0.006369,0.0,0.0,0.0,0.0,0.0,0.0,0.0,0.0,0.0,0.0,0.0],"regions":["central"]},"geometry":{"type":"Polygon","coordinates":[[[-85.85054,44.62679],[-85.52287,44.62679],[-85.37089,44.37482],[-85.69798,44.37482],[-85.85054,44.62679]]]}},{"type":"Feature","properties":{"cell_id":358.0,"area_km2":729.0,"elevation_m":345.9491577,"longitude":-85.2829763,"latitude":44.5007241,"abundance":[0.0,0.0,0.0,0.0,0.0,0.0,0.0,0.0,0.0,0.0,0.0,0.0,0.0,0.1202766,0.8722491,1.1119853,0.9992877,0.9445836,0.76441,0.6944689,0.5813766,0.4697585,0.4302774,0.4555973,0.487914,0.5231001,0.5637426,0.5088861,0.4298978,0.420933,0.4240943,0.3661223,0.3180719,0.287956,0.3196525,0.3318897,0.3624506,0.3504493,0.330943,0.2267666,0.0050342,0.0,0.0,0.0,0.0,0.0,0.0,0.0,0.0,0.0,0.0,0.0],"lower":[0.0,0.0,0.0,0.0,0.0,0.0,0.0,0.0,0.0,0.0,0.0,0.0,0.0,0.0533102,0.5676095,0.7456574,0.6810531,0.6569674,0.5342813,0.4822935,0.4067569,0.3268826,0.3074313,0.3265289,0.3438666,0.3493999,0.3955184,0.3500086,0.2858964,0.266419,0.2646788,0.2297584,0.1931297,0.1749296,0.1893322,0.1909674,0.2203895,0.2106575,0.2103626,0.1330879,0.0019008,0.0,0.0,0.0,0.0,0.0,0.0,0.0,0.0,0.0,0.0,0.0],"upper":[0.0,0.0,0.0,0.0,0.0,0.0,0.0,0.0,0.0,0.0,0.0,0.0,0.0,0.2368631,1.2738202,1.5162436,1.392756,1.3111533,1.0510167,0.9558216,0.8242465,0.6470124,0.5826634,0.6043295,0.6592848,0.6930628,0.7474969,0.6898767,0.6004728,0.5881419,0.6095573,0.526625,0.4708035,0.418065,0.4729258,0.498027,0.52766,0.5140489,0.4795304,0.3546456,0.0112226,0.0,0.0,0.0,0.0,0.0,0.0,0.0,0.0,0.0,0.0,0.0],"occurrence":[0.0,0.0,0.0,0.0,0.0,0.0,0.0,0.0,0.0,0.0,0.0,0.0,0.0,0.0849969,0.4792245,0.559697,0.5331066,0.5300977,0.5004622,0.4760531,0.4316708,0.3664966,0.3387428,0.3456744,0.3559626,0.3463115,0.3611316,0.3272304,0.277307,0.2732313,0.2694294,0.2266132,0.2184134,0.2018659,0.2354607,0.2528425,0.2690287,0.2528639,0.2509027,0.1754949,0.0038344,0.0,0.0,0.0,0.0,0.0,0.0,0.0,0.0,0.0,0.0,0.0],"regions":["central"]},"geometry":{"type":"Polygon","coordinates":[[[-85.52287,44.62679],[-85.19519,44.62679],[-85.04379,44.37482],[-85.37089,44.37482],[-85.52287,44.62679]]]}},{"type":"Feature","properties":{"cell_id":359.0,"area_km2":729.0,"elevation_m":361.6469421,"longitude":-84.9555944,"latitude":44.5007241,"abundance":[0.0,0.0,0.0,0.0,0.0,0.0,0.0,0.0,0.0,0.0,0.0,0.0,0.0,0.0880014,0.7973722,0.9807655,0.9310263,0.8512815,0.6638645,0.6155459,0.5518318,0.461988,0.4147839,0.4367878,0.4771313,0.51225,0.5649759,0.5384296,0.45934,0.4504577,0.4662738,0.4142301,0.3433702,0.2952075,0.3189874,0.333506,0.3467,0.3456976,0.3149928,0.2250757,0.0,0.0,0.0,0.0,0.0,0.0,0.0,0.0,0.0,0.0,0.0,0.0],"lower":[0.0,0.0,0.0,0.0,0.0,0.0,0.0,0.0,0.0,0.0,0.0,0.0,0.0,0.03455,0.4953067,0.6651478,0.6413325,0.5890571,0.4642425,0.4338534,0.3867855,0.3234563,0.301278,0.3168812,0.339016,0.3549516,0.4075907,0.3782558,0.3148102,0.2991078,0.300653,0.2567945,0.211177,0.1757117,0.1883624,0.1971443,0.2036937,0.2163385,0.2068029,0.1310748,0.0,0.0,0.0,0.0,0.0,0.0,0.0,0.0,0.0,0.0,0.0,0.0],"upper":[0.0,0.0,0.0,0.0,0.0,0.0,0.0,0.0,0.0,0.0,0.0,0.0,0.0,0.1725327,1.2100635,1.3853512,1.3338897,1.2173358,0.9104593,0.8435884,0.7693132,0.6270621,0.5531202,0.5783404,0.6384091,0.676424,0.7358063,0.7121507,0.6277557,0.6080543,0.6401335,0.5654185,0.4905818,0.4232267,0.4561317,0.4849586,0.4963692,0.5048852,0.4626777,0.3533913,0.0,0.0,0.0,0.0,0.0,0.0,0.0,0.0,0.0,0.0,0.0,0.0],"occurrence":[0.0,0.0,0.0,0.0,0.0,0.0,0.0,0.0,0.0,0.0,0.0,0.0,0.0,0.0614994,0.432806,0.5018378,0.5025926,0.4876521,0.4404747,0.423141,0.4015583,0.3481913,0.3186083,0.3263617,0.3414332,0.3319629,0.3542719,0.3390265,0.2874397,0.2826763,0.2839945,0.2516682,0.2421577,0.2151294,0.2376697,0.2621087,0.2621708,0.2502899,0.2382492,0.1721929,0.0,0.0,0.0,0.0,0.0,0.0,0.0,0.0,0.0,0.0,0.0,0.0],"regions":["central"]},"geometry":{"type":"Polygon","coordinates":[[[-85.19519,44.62679],[-84.86752,44.62679],[-84.7167,44.37482],[-85.04379,44.37482],[-85.19519,44.62679]]]}},{"type":"Feature","properties":{"cell_id":360.0,"area_km2":729.0,"elevation_m":362.7160339,"longitude":-84.6282126,"latitude":44.5007241,"abundance":[0.0,0.0,0.0,0.0,0.0,0.0,0.0,0.0,0.0,0.0,0.0,0.0,0.0,0.0412639,0.766612,0.9235618,0.8420899,0.7807045,0.6318622,0.5401816,0.4843079,0.3478726,0.2740927,0.3250595,0.3906305,0.3839148,0.4146238,0.4248385,0.3079914,0.3130018,0.3569636,0.2964835,0.2725685,0.2395304,0.2684489,0.3164789,0.3174664,0.3200202,0.3063901,0.2185058,0.0,0.0,0.0,0.0,0.0,0.0,0.0,0.0,0.0,0.0,0.0,0.0],"lower":[0.0,0.0,0.0,0.0,0.0,0.0,0.0,0.0,0.0,0.0,0.0,0.0,0.0,0.0144256,0.486143,0.6158336,0.5751362,0.5416072,0.4416061,0.3771516,0.3395478,0.2463482,0.1918167,0.230911,0.2813672,0.2724295,0.2973597,0.2939623,0.2060238,0.2098664,0.2327542,0.185661,0.1637192,0.1393027,0.1535064,0.1819479,0.1745294,0.1917681,0.2016146,0.1282877,0.0,0.0,0.0,0.0,0.0,0.0,0.0,0.0,0.0,0.0,0.0,0.0],"upper":[0.0,0.0,0.0,0.0,0.0,0.0,0.0,0.0,0.0,0.0,0.0,0.0,0.0,0.0767697,1.1229551,1.3046364,1.1964678,1.109092,0.90001,0.754756,0.665014,0.4635891,0.358029,0.4283911,0.5139872,0.4976333,0.5410956,0.5534066,0.4147741,0.4241242,0.4919748,0.403568,0.3728589,0.3296832,0.3790728,0.4482227,0.453362,0.453023,0.4335329,0.3340244,0.0,0.0,0.0,0.0,0.0,0.0,0.0,0.0,0.0,0.0,0.0,0.0],"occurrence":[0.0,0.0,0.0,0.0,0.0,0.0,0.0,0.0,0.0,0.0,0.0,0.0,0.0,0.0276751,0.4360487,0.5003926,0.4757023,0.4733537,0.4432949,0.3883836,0.3580321,0.2682619,0.2116369,0.245075,0.2822245,0.2529245,0.2708786,0.2853827,0.2080603,0.214227,0.2438678,0.2071781,0.2096168,0.1875823,0.2126825,0.259721,0.2551214,0.2460838,0.2462288,0.1781975,0.0,0.0,0.0,0.0,0.0,0.0,0.0,0.0,0.0,0.0,0.0,0.0],"regions":["central"]},"geometry":{"type":"Polygon","coordinates":[[[-84.86752,44.62679],[-84.53984,44.62679],[-84.38961,44.37482],[-84.7167,44.37482],[-84.86752,44.62679]]]}},{"type":"Feature","properties":{"cell_id":361.0,"area_km2":729.0,"elevation_m":360.7950134,"longitude":-84.3008307,"latitude":44.5007241,"abundance":[0.0,0.0,0.0,0.0,0.0,0.0,0.0,0.0,0.0,0.0,0.0,0.0,0.0,0.1126049,0.847289,1.0005561,0.9450074,0.8003393,0.613539,0.5349905,0.4548535,0.3712973,0.3311619,0.3668715,0.4372846,0.4564338,0.4488809,0.4675273,0.3962722,0.3761445,0.3942347,0.3445254,0.3138538,0.2864602,0.2907978,0.318289,0.3158992,0.317483,0.3073474,0.2402605,0.0,0.0,0.0,0.0,0.0,0.0,0.0,0.0,0.0,0.0,0.0,0.0],"lower":[0.0,0.0,0.0,0.0,0.0,0.0,0.0,0.0,0.0,0.0,0.0,0.0,0.0,0.0384702,0.5279805,0.6839417,0.6514403,0.5444399,0.4330163,0.3779625,0.3251223,0.2694063,0.2434564,0.2647181,0.3163727,0.3213338,0.320741,0.3471051,0.2884074,0.2738445,0.2790518,0.2304468,0.1993933,0.1793415,0.1738201,0.1902246,0.1876813,0.1986496,0.2129083,0.1508437,0.0,0.0,0.0,0.0,0.0,0.0,0.0,0.0,0.0,0.0,0.0,0.0],"upper":[0.0,0.0,0.0,0.0,0.0,0.0,0.0,0.0,0.0,0.0,0.0,0.0,0.0,0.2044354,1.1841388,1.3711264,1.3055036,1.1450727,0.8597851,0.7373066,0.6166702,0.485005,0.4259881,0.4695776,0.5616469,0.5814103,0.5814746,0.6090813,0.5205066,0.4883114,0.5211195,0.4528926,0.4209376,0.3794194,0.4029451,0.4418358,0.4467129,0.4429122,0.42197,0.3621644,0.0,0.0,0.0,0.0,0.0,0.0,0.0,0.0,0.0,0.0,0.0,0.0],"occurrence":[0.0,0.0,0.0,0.0,0.0,0.0,0.0,0.0,0.0,0.0,0.0,0.0,0.0,0.0746098,0.454741,0.5063724,0.4967207,0.4689801,0.4155987,0.3724839,0.3283922,0.2789442,0.2511297,0.2667783,0.3035053,0.2934974,0.2838678,0.3051589,0.2596139,0.2472843,0.2576392,0.2309541,0.2277075,0.214145,0.2206333,0.2457621,0.2430579,0.2384788,0.2412843,0.1886127,0.0,0.0,0.0,0.0,0.0,0.0,0.0,0.0,0.0,0.0,0.0,0.0],"regions":["central"]},"geometry":{"type":"Polygon","coordinates":[[[-84.53984,44.62679],[-84.21217,44.62679],[-84.06252,44.37482],[-84.38961,44.37482],[-84.53984,44.62679]]]}},{"type":"Feature","properties":{"cell_id":362.0,"area_km2":729.0,"elevation_m":319.453949,"longitude":-83.9734488,"latitude":44.5007241,"abundance":[0.0,0.0,0.0,0.0,0.0,0.0,0.0,0.0,0.0,0.0,0.0,0.0,0.0,0.1304554,0.9175424,1.0592399,1.0456406,0.9111871,0.7583684,0.6964613,0.6616861,0.55768,0.5168662,0.5358208,0.6143022,0.6436391,0.656682,0.6693637,0.6085516,0.5513446,0.518408,0.4687557,0.4271393,0.394958,0.3771256,0.3904618,0.3915709,0.3919881,0.382357,0.3066407,0.0059822,0.0,0.0,0.0,0.0,0.0,0.0,0.0,0.0,0.0,0.0,0.0],"lower":[0.0,0.0,0.0,0.0,0.0,0.0,0.0,0.0,0.0,0.0,0.0,0.0,0.0,0.0444034,0.5720894,0.7036298,0.7191628,0.6459734,0.56603,0.5230937,0.4969209,0.4134431,0.3783782,0.3953502,0.4542883,0.4702413,0.4797333,0.4926927,0.4424886,0.3985266,0.3633562,0.3254385,0.2838853,0.2506137,0.2223677,0.2347607,0.2337665,0.2463696,0.2547388,0.1853544,0.0019916,0.0,0.0,0.0,0.0,0.0,0.0,0.0,0.0,0.0,0.0,0.0],"upper":[0.0,0.0,0.0,0.0,0.0,0.0,0.0,0.0,0.0,0.0,0.0,0.0,0.0,0.2378533,1.3373551,1.524333,1.5107464,1.3350676,1.0330889,0.9240018,0.8587253,0.7149835,0.6703763,0.6839777,0.7869407,0.8215564,0.8547322,0.873287,0.8054944,0.7329201,0.6894403,0.6110653,0.5620737,0.5234006,0.5161256,0.5479849,0.5618228,0.5530861,0.533674,0.4745497,0.0118238,0.0,0.0,0.0,0.0,0.0,0.0,0.0,0.0,0.0,0.0,0.0],"occurrence":[0.0,0.0,0.0,0.0,0.0,0.0,0.0,0.0,0.0,0.0,0.0,0.0,0.0,0.0816224,0.4866101,0.5324008,0.5446975,0.5196388,0.48467,0.4695968,0.4572043,0.3989364,0.381338,0.3803294,0.416091,0.4147161,0.4113717,0.4177351,0.3786184,0.3450652,0.325563,0.3035715,0.2956995,0.2815676,0.2703787,0.2780412,0.2797558,0.2823231,0.2898415,0.2381773,0.0051566,0.0,0.0,0.0,0.0,0.0,0.0,0.0,0.0,0.0,0.0,0.0],"regions":["central"]},"geometry":{"type":"Polygon","coordinates":[[[-84.21217,44.62679],[-83.8845,44.62679],[-83.73543,44.37482],[-84.06252,44.37482],[-84.21217,44.62679]]]}},{"type":"Feature","properties":{"cell_id":363.0,"area_km2":729.0,"elevation_m":253.6421967,"longitude":-83.646067,"latitude":44.5007241,"abundance":[0.0,0.0,0.0,0.0,0.0,0.0,0.0,0.0,0.0,0.0,0.0,0.0,0.0,0.118907,0.8423819,0.9396031,0.8973122,0.7661246,0.648333,0.5925002,0.5645767,0.4503855,0.3789253,0.4181704,0.4896382,0.5369568,0.5438622,0.5437154,0.4692076,0.4291589,0.3906007,0.3903152,0.3797608,0.354583,0.3298698,0.3493681,0.3722832,0.3852945,0.3877825,0.3248342,0.0,0.0,0.0,0.0,0.0,0.0,0.0,0.0,0.0,0.0,0.0,0.0],"lower":[0.0,0.0,0.0,0.0,0.0,0.0,0.0,0.0,0.0,0.0,0.0,0.0,0.0,0.0341215,0.518609,0.6178365,0.6144621,0.5430631,0.4817425,0.4448209,0.421386,0.3147547,0.2674224,0.3027377,0.3505161,0.3804302,0.3849689,0.3792567,0.3257225,0.2945257,0.2623513,0.2675496,0.2546205,0.2261651,0.2041781,0.2207426,0.2378277,0.2548847,0.2679822,0.1905171,0.0,0.0,0.0,0.0,0.0,0.0,0.0,0.0,0.0,0.0,0.0,0.0],"upper":[0.0,0.0,0.0,0.0,0.0,0.0,0.0,0.0,0.0,0.0,0.0,0.0,0.0,0.2265527,1.19012,1.3381467,1.293257,1.0851147,0.8755337,0.794734,0.7464201,0.5961995,0.5063034,0.5338013,0.6323352,0.6955972,0.715844,0.7341527,0.6292817,0.5828491,0.5209572,0.5166678,0.5095956,0.480863,0.4599837,0.4989825,0.5197172,0.52707,0.525437,0.4715204,0.0,0.0,0.0,0.0,0.0,0.0,0.0,0.0,0.0,0.0,0.0,0.0],"occurrence":[0.0,0.0,0.0,0.0,0.0,0.0,0.0,0.0,0.0,0.0,0.0,0.0,0.0,0.0760759,0.4684534,0.5012007,0.4830495,0.427918,0.3894592,0.3818334,0.3804721,0.3142207,0.276019,0.2972617,0.3364712,0.3545754,0.3525662,0.3520392,0.2944326,0.2704157,0.2508062,0.2598349,0.2677482,0.2627763,0.2477989,0.259471,0.283403,0.296644,0.313003,0.2655843,0.0,0.0,0.0,0.0,0.0,0.0,0.0,0.0,0.0,0.0,0.0,0.0],"regions":["central"]},"geometry":{"type":"Polygon","coordinates":[[[-83.8845,44.62679],[-83.55682,44.62679],[-83.40834,44.37482],[-83.73543,44.37482],[-83.8845,44.62679]]]}},{"type":"Feature","properties":{"cell_id":364.0,"area_km2":729.0,"elevation_m":192.5492706,"longitude":-83.3186851,"latitude":44.5007241,"abundance":[0.0,0.0,0.0,0.0,0.0,0.0,0.0,0.0,0.0,0.0,0.0,0.0,0.0,0.033676,0.5652365,0.5732942,0.5729756,0.5405235,0.5038993,0.5000949,0.4457597,0.376205,0.2771187,0.3137093,0.3543356,0.3883054,0.3908681,0.3592437,0.3105733,0.2593581,0.2143635,0.2169221,0.2200029,0.2149355,0.2254199,0.2613443,0.3170812,0.3569129,0.394857,0.3332568,0.0190413,0.0,0.0,0.0,0.0,0.0,0.0,0.0,0.0,0.0,0.0,0.0],"lower":[0.0,0.0,0.0,0.0,0.0,0.0,0.0,0.0,0.0,0.0,0.0,0.0,0.0,0.0076574,0.3298472,0.3613394,0.3747416,0.3616025,0.3478455,0.3523587,0.3182278,0.2401913,0.1778963,0.2085862,0.2449477,0.2664061,0.2678027,0.2425945,0.1953731,0.1589552,0.1322152,0.1351044,0.1401626,0.1337845,0.1352186,0.1547337,0.19907,0.2233774,0.238162,0.1766706,0.0057486,0.0,0.0,0.0,0.0,0.0,0.0,0.0,0.0,0.0,0.0,0.0],"upper":[0.0,0.0,0.0,0.0,0.0,0.0,0.0,0.0,0.0,0.0,0.0,0.0,0.0,0.0605359,0.8314143,0.8682365,0.8701679,0.7985467,0.71877,0.6915976,0.6002666,0.5087247,0.388795,0.4083528,0.469458,0.5054084,0.5157095,0.4806716,0.436242,0.3603978,0.2943457,0.2864371,0.2973038,0.2932638,0.3124194,0.3690675,0.4512926,0.5024775,0.5616872,0.5189574,0.0354955,0.0,0.0,0.0,0.0,0.0,0.0,0.0,0.0,0.0,0.0,0.0],"occurrence":[0.0,0.0,0.0,0.0,0.0,0.0,0.0,0.0,0.0,0.0,0.0,0.0,0.0,0.0228404,0.3495041,0.345078,0.3469909,0.3387018,0.3318711,0.3541894,0.3254415,0.28133,0.2151325,0.2363223,0.2601057,0.2776378,0.2766354,0.2572086,0.2206701,0.1849638,0.1566904,0.1599618,0.1667104,0.1686649,0.1751631,0.1988334,0.2482305,0.2796602,0.3198105,0.2754958,0.013609,0.0,0.0,0.0,0.0,0.0,0.0,0.0,0.0,0.0,0.0,0.0],"regions":["central"]},"geometry":{"type":"Polygon","coordinates":[[[-83.55682,44.62679],[-83.22915,44.62679],[-83.08124,44.37482],[-83.40834,44.37482],[-83.55682,44.62679]]]}},{"type":"Feature","properties":{"cell_id":377.0,"area_km2":729.0,"elevation_m":185.3781891,"longitude":-86.4393269,"latitude":44.249065,"abundance":[0.0,0.0,0.0,0.0,0.0,0.0,0.0,0.0,0.0,0.0,0.0,0.0,0.0,0.2222482,0.5018907,0.5316155,0.4346376,0.3727581,0.3052165,0.2339194,0.226712,0.1726767,0.132514,0.1416249,0.1572181,0.1910422,0.2141389,0.1871123,0.1518809,0.1066183,0.0748285,0.0535583,0.034234,0.0243693,0.0308874,0.0278104,0.0609029,0.0673792,0.1497177,0.0941887,0.0146457,0.0,0.0,0.0,0.0,0.0,0.0,0.0,0.0,0.0,0.0,0.0],"lower":[0.0,0.0,0.0,0.0,0.0,0.0,0.0,0.0,0.0,0.0,0.0,0.0,0.0,0.0851018,0.3181704,0.3157871,0.2332135,0.2056164,0.1614748,0.1160375,0.1094345,0.0698698,0.0538425,0.0614687,0.0668615,0.0845905,0.1063211,0.0731827,0.046957,0.0338269,0.0060769,0.005321,0.0041757,0.0031854,0.0078844,0.0068095,0.0224415,0.029776,0.0686551,0.0443016,0.0072303,0.0,0.0,0.0,0.0,0.0,0.0,0.0,0.0,0.0,0.0,0.0],"upper":[0.0,0.0,0.0,0.0,0.0,0.0,0.0,0.0,0.0,0.0,0.0,0.0,0.0,0.3764412,0.7440367,0.7913148,0.6398683,0.5555612,0.4639973,0.3676202,0.3590658,0.2798905,0.224945,0.2395412,0.2588447,0.3079958,0.3230419,0.290521,0.2460233,0.1897513,0.1523794,0.1199981,0.0814429,0.0712019,0.0820568,0.0710188,0.1521556,0.1445189,0.2582214,0.1604772,0.0301898,0.0,0.0,0.0,0.0,0.0,0.0,0.0,0.0,0.0,0.0,0.0],"occurrence":[0.0,0.0,0.0,0.0,0.0,0.0,0.0,0.0,0.0,0.0,0.0,0.0,0.0,0.1438812,0.3111923,0.3177592,0.2718019,0.2476577,0.2256179,0.1799564,0.1834949,0.1320984,0.1011044,0.1064745,0.1120052,0.135036,0.1492032,0.1330907,0.1095767,0.0733421,0.0530096,0.0376015,0.025515,0.0198496,0.0259155,0.0232526,0.0505935,0.0550167,0.1223343,0.0778743,0.0123729,0.0,0.0,0.0,0.0,0.0,0.0,0.0,0.0,0.0,0.0,0.0],"regions":["central"]},"geometry":{"type":"Polygon","coordinates":[[[-86.67925,44.37482],[-86.35216,44.37482],[-86.20011,44.12347],[-86.52662,44.12347],[-86.67925,44.37482]]]}},{"type":"Feature","properties":{"cell_id":378.0,"area_km2":729.0,"elevation_m":226.2280884,"longitude":-86.1125242,"latitude":44.249065,"abundance":[0.0,0.0,0.0,0.0,0.0,0.0,0.0,0.0,0.0,0.0,0.0,0.0,0.0,0.2750594,0.7769253,0.880618,0.7965578,0.7057486,0.6131194,0.5230528,0.4428893,0.3739123,0.3443229,0.3875794,0.4464549,0.4837355,0.5104356,0.4549149,0.3879305,0.3066238,0.2677209,0.1999266,0.1772609,0.1639888,0.1516114,0.1564837,0.1868303,0.1762139,0.211092,0.1667078,0.0315548,0.0,0.0,0.0,0.0,0.0,0.0,0.0,0.0,0.0,0.0,0.0],"lower":[0.0,0.0,0.0,0.0,0.0,0.0,0.0,0.0,0.0,0.0,0.0,0.0,0.0,0.1012988,0.5216169,0.5965385,0.5379509,0.4638184,0.4035796,0.3248426,0.2666108,0.2116646,0.196752,0.2184714,0.262348,0.3059352,0.3217586,0.2529701,0.200418,0.1570878,0.127993,0.0933418,0.0832598,0.0722269,0.0729805,0.0756267,0.0864303,0.0833165,0.1055335,0.0848177,0.0139522,0.0,0.0,0.0,0.0,0.0,0.0,0.0,0.0,0.0,0.0,0.0],"upper":[0.0,0.0,0.0,0.0,0.0,0.0,0.0,0.0,0.0,0.0,0.0,0.0,0.0,0.4945124,1.1584129,1.3112346,1.1471174,1.0326202,0.8737657,0.7725946,0.6406189,0.547947,0.5186458,0.5989148,0.6646443,0.716042,0.7386747,0.6667947,0.57891,0.495913,0.4582312,0.3876336,0.3371018,0.3208441,0.3138171,0.3189159,0.3472751,0.320317,0.3425051,0.285195,0.0698551,0.0,0.0,0.0,0.0,0.0,0.0,0.0,0.0,0.0,0.0,0.0],"occurrence":[0.0,0.0,0.0,0.0,0.0,0.0,0.0,0.0,0.0,0.0,0.0,0.0,0.0,0.1835355,0.4722945,0.5190785,0.5032997,0.4779125,0.4546607,0.4115009,0.364649,0.3024392,0.2694826,0.2916059,0.3167486,0.3336912,0.3467836,0.3151312,0.2722543,0.2156086,0.1896421,0.1388743,0.1261943,0.1182586,0.1173697,0.1246011,0.1488687,0.1400536,0.1732337,0.1388599,0.0272896,0.0,0.0,0.0,0.0,0.0,0.0,0.0,0.0,0.0,0.0,0.0],"regions":["central"]},"geometry":{"type":"Polygon","coordinates":[[[-86.35216,44.37482],[-86.02507,44.37482],[-85.87359,44.12347],[-86.20011,44.12347],[-86.35216,44.37482]]]}},{"type":"Feature","properties":{"cell_id":379.0,"area_km2":729.0,"elevation_m":313.6098022,"longitude":-85.7857214,"latitude":44.249065,"abundance":[0.0,0.0,0.0,0.0,0.0,0.0,0.0,0.0,0.0,0.0,0.0,0.0,0.0,0.2125331,0.8268821,0.9450243,0.8744288,0.8223054,0.708366,0.6267118,0.523551,0.4105486,0.4063389,0.4502949,0.5143796,0.5665905,0.621527,0.5899948,0.509477,0.4365623,0.3878067,0.3134952,0.2636499,0.2507076,0.2307442,0.231599,0.2604451,0.229502,0.2443941,0.1946089,0.0409049,0.0,0.0,0.0,0.0,0.0,0.0,0.0,0.0,0.0,0.0,0.0],"lower":[0.0,0.0,0.0,0.0,0.0,0.0,0.0,0.0,0.0,0.0,0.0,0.0,0.0,0.0884734,0.5461653,0.6663884,0.6208559,0.5634215,0.4816715,0.4012753,0.3264858,0.269652,0.2667938,0.2992653,0.3508901,0.3924814,0.4230102,0.3689182,0.311857,0.2388071,0.2139347,0.1638795,0.1387474,0.1211912,0.1125291,0.1212252,0.1302025,0.1176184,0.1458186,0.1148276,0.0174738,0.0,0.0,0.0,0.0,0.0,0.0,0.0,0.0,0.0,0.0,0.0],"upper":[0.0,0.0,0.0,0.0,0.0,0.0,0.0,0.0,0.0,0.0,0.0,0.0,0.0,0.4122509,1.2212223,1.4036918,1.2683157,1.1787376,1.0211904,0.9373102,0.7900488,0.6240293,0.618479,0.691143,0.7575691,0.8250085,0.8913175,0.8704958,0.7687857,0.6630378,0.6109875,0.5422403,0.4536391,0.4231663,0.4133745,0.4085924,0.4257303,0.3791987,0.3745419,0.2994031,0.0808456,0.0,0.0,0.0,0.0,0.0,0.0,0.0,0.0,0.0,0.0,0.0],"occurrence":[0.0,0.0,0.0,0.0,0.0,0.0,0.0,0.0,0.0,0.0,0.0,0.0,0.0,0.1409203,0.4577288,0.5107583,0.5016198,0.4927382,0.4744281,0.441297,0.3968882,0.3173274,0.3042899,0.3201719,0.3419033,0.355191,0.3728898,0.3580745,0.3234798,0.280724,0.2542427,0.2035636,0.1785313,0.1674772,0.1597029,0.1643833,0.1849687,0.1649843,0.1861735,0.1489306,0.0326246,0.0,0.0,0.0,0.0,0.0,0.0,0.0,0.0,0.0,0.0,0.0],"regions":["central"]},"geometry":{"type":"Polygon","coordinates":[[[-86.02507,44.37482],[-85.69798,44.37482],[-85.54708,44.12347],[-85.87359,44.12347],[-86.02507,44.37482]]]}},{"type":"Feature","properties":{"cell_id":380.0,"area_km2":729.0,"elevation_m":388.5972595,"longitude":-85.4589187,"latitude":44.249065,"abundance":[0.0,0.0,0.0,0.0,0.0,0.0,0.0,0.0,0.0,0.0,0.0,0.0,0.0,0.0466428,0.56081,0.6531659,0.6118734,0.5708129,0.480859,0.4454371,0.3550001,0.2637834,0.254868,0.2730453,0.3056732,0.3372516,0.3944555,0.3540388,0.2963883,0.2710562,0.2770611,0.2366421,0.1983412,0.1696858,0.1759929,0.173171,0.1890591,0.1759476,0.1830119,0.1378852,0.0013648,0.0,0.0,0.0,0.0,0.0,0.0,0.0,0.0,0.0,0.0,0.0],"lower":[0.0,0.0,0.0,0.0,0.0,0.0,0.0,0.0,0.0,0.0,0.0,0.0,0.0,0.0183301,0.3744017,0.4541475,0.4178693,0.378866,0.3166011,0.279952,0.2133754,0.1619571,0.1617541,0.1709093,0.1989153,0.217884,0.2513716,0.2154878,0.1775722,0.155942,0.1555494,0.1310155,0.105564,0.082875,0.0840714,0.0930302,0.0955772,0.0962236,0.1145653,0.0850373,0.0004767,0.0,0.0,0.0,0.0,0.0,0.0,0.0,0.0,0.0,0.0,0.0],"upper":[0.0,0.0,0.0,0.0,0.0,0.0,0.0,0.0,0.0,0.0,0.0,0.0,0.0,0.0890652,0.834978,0.95591,0.890574,0.8174195,0.6810077,0.6352472,0.519644,0.3862239,0.3602118,0.3927085,0.4327696,0.4727098,0.5433198,0.501155,0.4351648,0.4020477,0.4222586,0.3788444,0.3134309,0.2699811,0.2803422,0.2801543,0.2942658,0.2743332,0.2727243,0.2127844,0.0027692,0.0,0.0,0.0,0.0,0.0,0.0,0.0,0.0,0.0,0.0,0.0],"occurrence":[0.0,0.0,0.0,0.0,0.0,0.0,0.0,0.0,0.0,0.0,0.0,0.0,0.0,0.0308659,0.3166918,0.3598003,0.343179,0.3312763,0.3158269,0.3054348,0.2605776,0.2017056,0.1944412,0.2011106,0.2139157,0.2210599,0.2441555,0.2139703,0.1812488,0.1669987,0.1709545,0.1449973,0.132039,0.1145611,0.12098,0.125502,0.1342005,0.1240763,0.1378675,0.1059555,0.0009878,0.0,0.0,0.0,0.0,0.0,0.0,0.0,0.0,0.0,0.0,0.0],"regions":["central"]},"geometry":{"type":"Polygon","coordinates":[[[-85.69798,44.37482],[-85.37089,44.37482],[-85.22056,44.12347],[-85.54708,44.12347],[-85.69798,44.37482]]]}},{"type":"Feature","properties":{"cell_id":381.0,"area_km2":729.0,"elevation_m":372.1609497,"longitude":-85.1321159,"latitude":44.249065,"abundance":[0.0,0.0,0.0,0.0,0.0,0.0,0.0,0.0,0.0,0.0,0.0,0.0,0.0,0.0445373,0.4001279,0.4711861,0.4008578,0.3532024,0.2754852,0.244832,0.2057347,0.1606776,0.1333513,0.14844,0.164688,0.1828844,0.2379352,0.2114151,0.1769704,0.1620177,0.1511598,0.1314993,0.1110922,0.0936765,0.0926169,0.1104131,0.113868,0.11742,0.1305849,0.0983408,0.0,0.0,0.0,0.0,0.0,0.0,0.0,0.0,0.0,0.0,0.0,0.0],"lower":[0.0,0.0,0.0,0.0,0.0,0.0,0.0,0.0,0.0,0.0,0.0,0.0,0.0,0.0150709,0.2464759,0.316571,0.2647715,0.233525,0.1833353,0.1582025,0.1222635,0.0984579,0.0873219,0.094138,0.1064252,0.1110412,0.1452517,0.1225737,0.1014017,0.08935,0.0818768,0.0707228,0.0612372,0.0490215,0.0442356,0.055122,0.0530382,0.058768,0.0741462,0.0561405,0.0,0.0,0.0,0.0,0.0,0.0,0.0,0.0,0.0,0.0,0.0,0.0],"upper":[0.0,0.0,0.0,0.0,0.0,0.0,0.0,0.0,0.0,0.0,0.0,0.0,0.0,0.0923415,0.6011771,0.683193,0.5823984,0.5088024,0.3918518,0.3425833,0.2942626,0.2268377,0.1853005,0.2080982,0.2368722,0.2601283,0.3222267,0.2934857,0.2530055,0.2327041,0.2309712,0.2058312,0.1798718,0.1512739,0.152026,0.1831995,0.184864,0.1869857,0.1972638,0.158524,0.0,0.0,0.0,0.0,0.0,0.0,0.0,0.0,0.0,0.0,0.0,0.0],"occurrence":[0.0,0.0,0.0,0.0,0.0,0.0,0.0,0.0,0.0,0.0,0.0,0.0,0.0,0.0314668,0.2300726,0.2673389,0.2330256,0.2129957,0.1947721,0.1766586,0.1563644,0.1266665,0.1049491,0.1127787,0.1225028,0.1248539,0.1545711,0.1374722,0.1147608,0.1067546,0.0981226,0.0844033,0.0819596,0.0699775,0.0694176,0.0863798,0.0874592,0.0858564,0.1005269,0.078237,0.0,0.0,0.0,0.0,0.0,0.0,0.0,0.0,0.0,0.0,0.0,0.0],"regions":["central"]},"geometry":{"type":"Polygon","coordinates":[[[-85.37089,44.37482],[-85.04379,44.37482],[-84.89405,44.12347],[-85.22056,44.12347],[-85.37089,44.37482]]]}},{"type":"Feature","properties":{"cell_id":382.0,"area_km2":729.0,"elevation_m":354.0966797,"longitude":-84.8053132,"latitude":44.249065,"abundance":[0.0,0.0,0.0,0.0,0.0,0.0,0.0,0.0,0.0,0.0,0.0,0.0,0.0,0.0748948,0.6791849,0.7812033,0.7282095,0.6479374,0.5201207,0.4986226,0.4640168,0.3990495,0.3515916,0.3574448,0.3688059,0.3845446,0.439488,0.4349146,0.3847513,0.3689122,0.3652174,0.3151453,0.2706133,0.2306526,0.2137024,0.2481407,0.2573981,0.257001,0.2974394,0.2402645,0.0046318,0.0,0.0,0.0,0.0,0.0,0.0,0.0,0.0,0.0,0.0,0.0],"lower":[0.0,0.0,0.0,0.0,0.0,0.0,0.0,0.0,0.0,0.0,0.0,0.0,0.0,0.0243073,0.4165994,0.4842183,0.4579733,0.4182869,0.3497385,0.3337011,0.2956938,0.2498232,0.236205,0.2342106,0.2319169,0.2228827,0.2579984,0.2438775,0.2237608,0.2121972,0.210822,0.169467,0.1365645,0.1085667,0.0934393,0.1113096,0.1105365,0.115158,0.1538042,0.1391403,0.0019654,0.0,0.0,0.0,0.0,0.0,0.0,0.0,0.0,0.0,0.0,0.0],"upper":[0.0,0.0,0.0,0.0,0.0,0.0,0.0,0.0,0.0,0.0,0.0,0.0,0.0,0.1515017,1.0340875,1.1705852,1.1004416,0.9799049,0.7445443,0.7127308,0.6584767,0.5557988,0.486853,0.48887,0.515532,0.5400147,0.5946841,0.596541,0.5444695,0.522837,0.5227427,0.4614276,0.4124654,0.3562504,0.3477937,0.4077777,0.4200985,0.4143766,0.461474,0.3835787,0.0082597,0.0,0.0,0.0,0.0,0.0,0.0,0.0,0.0,0.0,0.0,0.0],"occurrence":[0.0,0.0,0.0,0.0,0.0,0.0,0.0,0.0,0.0,0.0,0.0,0.0,0.0,0.0495892,0.3798769,0.4347819,0.4235264,0.3979859,0.3614833,0.3526614,0.3384714,0.3038149,0.2694083,0.2656584,0.2677669,0.2602044,0.2799328,0.2791375,0.2457585,0.2381394,0.2337288,0.2073818,0.1959339,0.1695096,0.1581549,0.1911995,0.1906582,0.1801299,0.2191471,0.1787433,0.0034303,0.0,0.0,0.0,0.0,0.0,0.0,0.0,0.0,0.0,0.0,0.0],"regions":["central"]},"geometry":{"type":"Polygon","coordinates":[[[-85.04379,44.37482],[-84.7167,44.37482],[-84.56753,44.12347],[-84.89405,44.12347],[-85.04379,44.37482]]]}},{"type":"Feature","properties":{"cell_id":383.0,"area_km2":729.0,"elevation_m":340.5038757,"longitude":-84.4785104,"latitude":44.249065,"abundance":[0.0,0.0,0.0,0.0,0.0,0.0,0.0,0.0,0.0,0.0,0.0,0.0,0.0,0.1086957,0.7747253,0.8925866,0.872007,0.7672126,0.6448709,0.5811893,0.5623179,0.4696785,0.4407464,0.4658745,0.5121548,0.5229191,0.5589739,0.5565546,0.5021248,0.4677822,0.4483481,0.3983029,0.3405755,0.3059416,0.2763004,0.2950389,0.2828333,0.2811661,0.3072549,0.2603185,0.0016031,0.0,0.0,0.0,0.0,0.0,0.0,0.0,0.0,0.0,0.0,0.0],"lower":[0.0,0.0,0.0,0.0,0.0,0.0,0.0,0.0,0.0,0.0,0.0,0.0,0.0,0.0353226,0.4452975,0.5228119,0.5405291,0.4932435,0.4345506,0.3982756,0.368835,0.3089749,0.2832725,0.2932659,0.3136058,0.3068064,0.3289695,0.2997043,0.2717551,0.2738874,0.2545156,0.2132409,0.1667697,0.1389877,0.1057388,0.1133903,0.1024279,0.107755,0.154327,0.1437309,0.0005814,0.0,0.0,0.0,0.0,0.0,0.0,0.0,0.0,0.0,0.0,0.0],"upper":[0.0,0.0,0.0,0.0,0.0,0.0,0.0,0.0,0.0,0.0,0.0,0.0,0.0,0.2139135,1.1720303,1.3328642,1.2945614,1.151673,0.899361,0.7897023,0.7609704,0.6270394,0.5860993,0.6151097,0.6747069,0.6912863,0.7347407,0.7472713,0.6900086,0.6407781,0.6157731,0.5475646,0.4793131,0.4380104,0.4229643,0.4584983,0.4537984,0.4521463,0.4700151,0.4139137,0.0029546,0.0,0.0,0.0,0.0,0.0,0.0,0.0,0.0,0.0,0.0,0.0],"occurrence":[0.0,0.0,0.0,0.0,0.0,0.0,0.0,0.0,0.0,0.0,0.0,0.0,0.0,0.0669007,0.4185625,0.4757519,0.4805639,0.4508473,0.4195731,0.3879153,0.3868504,0.338999,0.3240968,0.3313068,0.3520478,0.3414658,0.3509709,0.3542096,0.3219461,0.3022109,0.2812995,0.2517313,0.2401812,0.2188242,0.1980941,0.2188202,0.2046518,0.1997165,0.2340857,0.2045618,0.001372,0.0,0.0,0.0,0.0,0.0,0.0,0.0,0.0,0.0,0.0,0.0],"regions":["central"]},"geometry":{"type":"Polygon","coordinates":[[[-84.7167,44.37482],[-84.38961,44.37482],[-84.24101,44.12347],[-84.56753,44.12347],[-84.7167,44.37482]]]}},{"type":"Feature","properties":{"cell_id":384.0,"area_km2":729.0,"elevation_m":286.2091675,"longitude":-84.1517077,"latitude":44.249065,"abundance":[0.0,0.0,0.0,0.0,0.0,0.0,0.0,0.0,0.0,0.0,0.0,0.0,0.0,0.0619064,0.6010675,0.6643311,0.6514184,0.5817,0.471588,0.4121199,0.3819437,0.3253896,0.3226304,0.3424243,0.3967215,0.425764,0.4350182,0.4398263,0.39341,0.3513631,0.3104542,0.2831894,0.2491321,0.2229359,0.2112664,0.2247867,0.2171595,0.2385518,0.2870515,0.2555603,0.0264553,0.0,0.0,0.0,0.0,0.0,0.0,0.0,0.0,0.0,0.0,0.0],"lower":[0.0,0.0,0.0,0.0,0.0,0.0,0.0,0.0,0.0,0.0,0.0,0.0,0.0,0.0155881,0.3714453,0.42418,0.4332713,0.3930421,0.3285019,0.2886928,0.2630164,0.2264445,0.2174325,0.22758,0.261215,0.2751967,0.2973446,0.2900441,0.2524743,0.2347564,0.200429,0.1816666,0.1560288,0.1338031,0.1153721,0.1212282,0.1047769,0.1328062,0.1767234,0.1418306,0.0095776,0.0,0.0,0.0,0.0,0.0,0.0,0.0,0.0,0.0,0.0,0.0],"upper":[0.0,0.0,0.0,0.0,0.0,0.0,0.0,0.0,0.0,0.0,0.0,0.0,0.0,0.124492,0.8811706,0.9785324,0.9498774,0.848828,0.6467769,0.5549591,0.5039816,0.4282626,0.4313067,0.4583377,0.5323651,0.5620218,0.575889,0.5805805,0.5284328,0.4723473,0.4239542,0.3818536,0.3356519,0.304573,0.2974376,0.3195087,0.3157699,0.3486942,0.4067208,0.3824786,0.0503129,0.0,0.0,0.0,0.0,0.0,0.0,0.0,0.0,0.0,0.0,0.0],"occurrence":[0.0,0.0,0.0,0.0,0.0,0.0,0.0,0.0,0.0,0.0,0.0,0.0,0.0,0.0387035,0.3463439,0.3775865,0.3805755,0.3543817,0.3059468,0.2747353,0.2595507,0.2313303,0.2356194,0.2411509,0.2701454,0.2795134,0.2748402,0.2802891,0.2540128,0.2288799,0.1996294,0.184544,0.175534,0.1639658,0.1553686,0.1622237,0.1572388,0.1771971,0.2216795,0.2046698,0.0224253,0.0,0.0,0.0,0.0,0.0,0.0,0.0,0.0,0.0,0.0,0.0],"regions":["central"]},"geometry":{"type":"Polygon","coordinates":[[[-84.38961,44.37482],[-84.06252,44.37482],[-83.9145,44.12347],[-84.24101,44.12347],[-84.38961,44.37482]]]}},{"type":"Feature","properties":{"cell_id":385.0,"area_km2":729.0,"elevation_m":235.1270905,"longitude":-83.8249049,"latitude":44.249065,"abundance":[0.0,0.0,0.0,0.0,0.0,0.0,0.0,0.0,0.0,0.0,0.0,0.0,0.0,0.0143006,0.5702609,0.5903753,0.590279,0.4929489,0.3881319,0.3655586,0.3460013,0.2984468,0.2884989,0.2930587,0.3452569,0.3914684,0.4003276,0.4039484,0.3407317,0.2851036,0.2508885,0.2311799,0.2248422,0.2140049,0.2023273,0.2202043,0.2027179,0.226532,0.2586044,0.2539065,0.0056971,0.0,0.0,0.0,0.0,0.0,0.0,0.0,0.0,0.0,0.0,0.0],"lower":[0.0,0.0,0.0,0.0,0.0,0.0,0.0,0.0,0.0,0.0,0.0,0.0,0.0,0.0019661,0.3623149,0.3992659,0.4092737,0.3473235,0.2757686,0.2632291,0.2485297,0.217891,0.2024952,0.2032229,0.2470673,0.272716,0.2799735,0.270612,0.2226039,0.1832931,0.1541903,0.1463897,0.1461662,0.133253,0.121127,0.1304856,0.1138836,0.1415192,0.1675293,0.1430977,0.0017932,0.0,0.0,0.0,0.0,0.0,0.0,0.0,0.0,0.0,0.0,0.0],"upper":[0.0,0.0,0.0,0.0,0.0,0.0,0.0,0.0,0.0,0.0,0.0,0.0,0.0,0.0274969,0.8297257,0.8734041,0.8690903,0.7083066,0.5242814,0.4808581,0.4452555,0.3814198,0.3757333,0.3764612,0.4405493,0.5007681,0.5183195,0.536556,0.4577074,0.3887619,0.3479066,0.3082439,0.2982047,0.2895303,0.2760909,0.3068685,0.2865298,0.3146213,0.3585745,0.375564,0.0121829,0.0,0.0,0.0,0.0,0.0,0.0,0.0,0.0,0.0,0.0,0.0],"occurrence":[0.0,0.0,0.0,0.0,0.0,0.0,0.0,0.0,0.0,0.0,0.0,0.0,0.0,0.0093089,0.3585446,0.3697091,0.3752731,0.319482,0.2592845,0.2575446,0.2432115,0.2152568,0.2164337,0.2151093,0.2492998,0.2743568,0.2698623,0.2787038,0.2334528,0.1985272,0.1775134,0.1647526,0.1715467,0.1684928,0.1563037,0.1656629,0.1547451,0.1778742,0.2142231,0.2106384,0.0050003,0.0,0.0,0.0,0.0,0.0,0.0,0.0,0.0,0.0,0.0,0.0],"regions":["central"]},"geometry":{"type":"Polygon","coordinates":[[[-84.06252,44.37482],[-83.73543,44.37482],[-83.58798,44.12347],[-83.9145,44.12347],[-84.06252,44.37482]]]}},{"type":"Feature","properties":{"cell_id":386.0,"area_km2":729.0,"elevation_m":192.4180756,"longitude":-83.4981022,"latitude":44.249065,"abundance":[0.0,0.0,0.0,0.0,0.0,0.0,0.0,0.0,0.0,0.0,0.0,0.0,0.0,0.0087505,0.558883,0.5186219,0.4953797,0.4402062,0.3896439,0.3762282,0.3507503,0.2504326,0.1904206,0.1756598,0.227481,0.294154,0.2996057,0.3048071,0.2581752,0.1996908,0.1982219,0.2058458,0.2149627,0.2141539,0.1979673,0.257407,0.2978472,0.3662643,0.4113328,0.3696006,0.0357832,0.0070965,0.0,0.0,0.0,0.0,0.0,0.0,0.0,0.0,0.0,0.0],"lower":[0.0,0.0,0.0,0.0,0.0,0.0,0.0,0.0,0.0,0.0,0.0,0.0,0.0,0.0014548,0.3503391,0.3350906,0.3275128,0.2998905,0.2711519,0.2614654,0.2363218,0.1628348,0.1177511,0.1083736,0.1459983,0.1889843,0.185702,0.1877098,0.1493619,0.119087,0.1182424,0.1243499,0.1355652,0.1332845,0.1214725,0.1564047,0.1803685,0.2376897,0.2762119,0.2145551,0.0160451,0.0018801,0.0,0.0,0.0,0.0,0.0,0.0,0.0,0.0,0.0,0.0],"upper":[0.0,0.0,0.0,0.0,0.0,0.0,0.0,0.0,0.0,0.0,0.0,0.0,0.0,0.0178428,0.8213935,0.7761575,0.7436619,0.6366146,0.523059,0.5071061,0.4606694,0.3356193,0.2574466,0.2317814,0.3053994,0.3929272,0.3977929,0.4152896,0.3656964,0.2878353,0.2905703,0.2896552,0.3004141,0.2954468,0.2763432,0.3649557,0.4238077,0.5109974,0.5678697,0.5424256,0.0617663,0.0157173,0.0,0.0,0.0,0.0,0.0,0.0,0.0,0.0,0.0,0.0],"occurrence":[0.0,0.0,0.0,0.0,0.0,0.0,0.0,0.0,0.0,0.0,0.0,0.0,0.0,0.005775,0.3482624,0.3298948,0.3158744,0.2905634,0.2637762,0.2716412,0.2538984,0.185777,0.1435915,0.129452,0.1650117,0.2129707,0.2072853,0.2100405,0.1740464,0.1370251,0.1378214,0.1446273,0.1593992,0.164305,0.1519591,0.1923757,0.2275135,0.2817798,0.3243961,0.2955738,0.0253183,0.0047905,0.0,0.0,0.0,0.0,0.0,0.0,0.0,0.0,0.0,0.0],"regions":["central"]},"geometry":{"type":"Polygon","coordinates":[[[-83.73543,44.37482],[-83.40834,44.37482],[-83.26147,44.12347],[-83.58798,44.12347],[-83.73543,44.37482]]]}},{"type":"Feature","properties":{"cell_id":387.0,"area_km2":729.0,"elevation_m":175.7804871,"longitude":-83.1712994,"latitude":44.249065,"abundance":[0.0,0.0,0.0,0.0,0.0,0.0,0.0,0.0,0.0,0.0,0.0,0.0,0.0,0.0,0.4968515,0.4835188,0.3595282,0.1764469,0.0905037,0.0898141,0.0840326,0.0,0.0,0.0,0.0,0.0,0.0,0.0,0.0,0.0,0.0,0.0367505,0.0465283,0.0897988,0.0944079,0.1142807,0.2497312,0.3786581,0.4381278,0.3932696,0.0770797,0.0,0.0,0.0,0.0,0.0,0.0,0.0,0.0,0.0,0.0,0.0],"lower":[0.0,0.0,0.0,0.0,0.0,0.0,0.0,0.0,0.0,0.0,0.0,0.0,0.0,0.0,0.2722125,0.2744954,0.214172,0.1064208,0.0641428,0.0631806,0.0533038,0.0,0.0,0.0,0.0,0.0,0.0,0.0,0.0,0.0,0.0,0.020039,0.0292673,0.0454188,0.0516528,0.0685874,0.1426065,0.2346206,0.2676661,0.2166377,0.0271674,0.0,0.0,0.0,0.0,0.0,0.0,0.0,0.0,0.0,0.0,0.0],"upper":[0.0,0.0,0.0,0.0,0.0,0.0,0.0,0.0,0.0,0.0,0.0,0.0,0.0,0.0,0.7467527,0.7682031,0.5515969,0.2681936,0.1287896,0.1290364,0.1207842,0.0,0.0,0.0,0.0,0.0,0.0,0.0,0.0,0.0,0.0,0.0592696,0.0744761,0.1360146,0.1539913,0.1743821,0.3674621,0.5473166,0.603169,0.5669265,0.1401186,0.0,0.0,0.0,0.0,0.0,0.0,0.0,0.0,0.0,0.0,0.0],"occurrence":[0.0,0.0,0.0,0.0,0.0,0.0,0.0,0.0,0.0,0.0,0.0,0.0,0.0,0.0,0.309111,0.3287833,0.2383004,0.1289271,0.0634359,0.0675234,0.0619487,0.0,0.0,0.0,0.0,0.0,0.0,0.0,0.0,0.0,0.0,0.028175,0.0367163,0.0693778,0.0705002,0.0844714,0.1950037,0.296756,0.3485458,0.3039417,0.0573595,0.0,0.0,0.0,0.0,0.0,0.0,0.0,0.0,0.0,0.0,0.0],"regions":["central"]},"geometry":{"type":"Polygon","coordinates":[[[-83.40834,44.37482],[-83.08124,44.37482],[-82.93495,44.12347],[-83.26147,44.12347],[-83.40834,44.37482]]]}},{"type":"Feature","properties":{"cell_id":399.0,"area_km2":729.0,"elevation_m":180.6049805,"longitude":-86.6140468,"latitude":43.9980223,"abundance":[0.0,0.0,0.0,0.0,0.0,0.0,0.0,0.0,0.0,0.0,0.0,0.0,0.0,0.2299697,0.2942657,0.2238802,0.1089867,0.0515396,0.0,0.0,0.0,0.0,0.0,0.0,0.0,0.0,0.0,0.0,0.0,0.0,0.0,0.0,0.0,0.0,0.0,0.0,0.0067752,0.0472219,0.0920477,0.1053038,0.0736876,0.0,0.0,0.0,0.0,0.0,0.0,0.0,0.0,0.0,0.0,0.0],"lower":[0.0,0.0,0.0,0.0,0.0,0.0,0.0,0.0,0.0,0.0,0.0,0.0,0.0,0.1216708,0.1898997,0.1336206,0.0548416,0.0236319,0.0,0.0,0.0,0.0,0.0,0.0,0.0,0.0,0.0,0.0,0.0,0.0,0.0,0.0,0.0,0.0,0.0,0.0,0.0027759,0.0156235,0.0488122,0.053919,0.0305054,0.0,0.0,0.0,0.0,0.0,0.0,0.0,0.0,0.0,0.0,0.0],"upper":[0.0,0.0,0.0,0.0,0.0,0.0,0.0,0.0,0.0,0.0,0.0,0.0,0.0,0.3907771,0.4587747,0.3630306,0.187532,0.0844723,0.0,0.0,0.0,0.0,0.0,0.0,0.0,0.0,0.0,0.0,0.0,0.0,0.0,0.0,0.0,0.0,0.0,0.0,0.0189566,0.0946241,0.1612563,0.2014687,0.1477503,0.0,0.0,0.0,0.0,0.0,0.0,0.0,0.0,0.0,0.0,0.0],"occurrence":[0.0,0.0,0.0,0.0,0.0,0.0,0.0,0.0,0.0,0.0,0.0,0.0,0.0,0.1308239,0.1661331,0.1313999,0.0750466,0.0387731,0.0,0.0,0.0,0.0,0.0,0.0,0.0,0.0,0.0,0.0,0.0,0.0,0.0,0.0,0.0,0.0,0.0,0.0,0.0062052,0.035359,0.0702211,0.0786014,0.0541158,0.0,0.0,0.0,0.0,0.0,0.0,0.0,0.0,0.0,0.0,0.0],"regions":["central","south"]},"geometry":{"type":"Polygon","coordinates":[[[-86.85314,44.12347],[-86.52662,44.12347],[-86.37565,43.87273],[-86.7016,43.87273],[-86.85314,44.12347]]]}},{"type":"Feature","properties":{"cell_id":400.0,"area_km2":729.0,"elevation_m":208.3565674,"longitude":-86.2878169,"latitude":43.9980223,"abundance":[0.0,0.0,0.0,0.0,0.0,0.0,0.0,0.0,0.0,0.0,0.0,0.0,0.0,0.1861997,0.3893403,0.4148231,0.3674639,0.3147246,0.2663709,0.210639,0.1632637,0.1108397,0.0962469,0.106723,0.1259019,0.1657355,0.1776006,0.1482819,0.1145408,0.0842163,0.0633589,0.0441582,0.0337699,0.0281153,0.0315331,0.0330721,0.0557912,0.0773406,0.1289974,0.0923613,0.0212391,0.0,0.0,0.0,0.0,0.0,0.0,0.0,0.0,0.0,0.0,0.0],"lower":[0.0,0.0,0.0,0.0,0.0,0.0,0.0,0.0,0.0,0.0,0.0,0.0,0.0,0.0630811,0.2528157,0.2544519,0.2088029,0.1657448,0.1338324,0.1000084,0.070222,0.045354,0.0365508,0.0419602,0.0489936,0.063191,0.0735636,0.0542234,0.0385421,0.031484,0.0093296,0.007368,0.0052162,0.0048222,0.010709,0.0118508,0.0210335,0.0355155,0.0642171,0.0446058,0.0096405,0.0,0.0,0.0,0.0,0.0,0.0,0.0,0.0,0.0,0.0,0.0],"upper":[0.0,0.0,0.0,0.0,0.0,0.0,0.0,0.0,0.0,0.0,0.0,0.0,0.0,0.3067129,0.5767629,0.6115924,0.5501328,0.4806179,0.414146,0.3380392,0.2730808,0.1856878,0.1731667,0.195845,0.2199488,0.2660641,0.2775146,0.2496219,0.1996707,0.1587744,0.1302673,0.0898778,0.0757782,0.0669906,0.0747736,0.0694468,0.1148526,0.1407873,0.2009927,0.1552899,0.044331,0.0,0.0,0.0,0.0,0.0,0.0,0.0,0.0,0.0,0.0,0.0],"occurrence":[0.0,0.0,0.0,0.0,0.0,0.0,0.0,0.0,0.0,0.0,0.0,0.0,0.0,0.1190428,0.2456734,0.2582432,0.2469913,0.2265356,0.1998846,0.1617097,0.1303644,0.0858796,0.0732861,0.0811279,0.0926295,0.1174655,0.1247276,0.1046736,0.0798114,0.0576482,0.0461281,0.0313689,0.0246504,0.0221092,0.0258613,0.028525,0.0477617,0.0662787,0.1084165,0.0764578,0.0174381,0.0,0.0,0.0,0.0,0.0,0.0,0.0,0.0,0.0,0.0,0.0],"regions":["central","south"]},"geometry":{"type":"Polygon","coordinates":[[[-86.52662,44.12347],[-86.20011,44.12347],[-86.04971,43.87273],[-86.37565,43.87273],[-86.52662,44.12347]]]}},{"type":"Feature","properties":{"cell_id":401.0,"area_km2":729.0,"elevation_m":258.7182922,"longitude":-85.961587,"latitude":43.9980223,"abundance":[0.0,0.0,0.0,0.0,0.0,0.0,0.0,0.0,0.0,0.0,0.0,0.0,0.0,0.2769441,0.780396,0.8708171,0.7786618,0.6852347,0.6058472,0.5315892,0.4545096,0.3931608,0.3694441,0.4144355,0.4926616,0.5382478,0.5296485,0.450914,0.3925745,0.3267046,0.254176,0.2054826,0.1790936,0.1573785,0.1496082,0.1578,0.1813353,0.1702394,0.2062645,0.1897692,0.0579528,0.0,0.0,0.0,0.0,0.0,0.0,0.0,0.0,0.0,0.0,0.0],"lower":[0.0,0.0,0.0,0.0,0.0,0.0,0.0,0.0,0.0,0.0,0.0,0.0,0.0,0.0847123,0.5122938,0.5799425,0.5019288,0.4226474,0.389061,0.3468642,0.2800701,0.2428486,0.2235744,0.2415485,0.2724555,0.3131174,0.2923801,0.2193417,0.2065618,0.1853191,0.132531,0.1075711,0.0919907,0.0806321,0.080359,0.0807197,0.0896247,0.0873584,0.1097594,0.0994281,0.023777,0.0,0.0,0.0,0.0,0.0,0.0,0.0,0.0,0.0,0.0,0.0],"upper":[0.0,0.0,0.0,0.0,0.0,0.0,0.0,0.0,0.0,0.0,0.0,0.0,0.0,0.5048082,1.1636659,1.3031746,1.1491674,1.0526133,0.8906128,0.783913,0.6794195,0.5918635,0.5851776,0.6772594,0.7565378,0.8151489,0.7990102,0.7144846,0.6392167,0.5548986,0.4575742,0.3777657,0.3384837,0.3244152,0.3197272,0.3293954,0.3739788,0.3237902,0.3464865,0.3115049,0.1195534,0.0,0.0,0.0,0.0,0.0,0.0,0.0,0.0,0.0,0.0,0.0],"occurrence":[0.0,0.0,0.0,0.0,0.0,0.0,0.0,0.0,0.0,0.0,0.0,0.0,0.0,0.1794553,0.4547991,0.4937157,0.485889,0.4704851,0.4473619,0.4094332,0.3663738,0.307365,0.2790765,0.3025366,0.3431349,0.362723,0.3513227,0.3050267,0.2663737,0.2233509,0.1805566,0.1432769,0.1287995,0.1189608,0.1184685,0.1303649,0.1486793,0.1387681,0.1701736,0.1552873,0.0489309,0.0,0.0,0.0,0.0,0.0,0.0,0.0,0.0,0.0,0.0,0.0],"regions":["central","south"]},"geometry":{"type":"Polygon","coordinates":[[[-86.20011,44.12347],[-85.87359,44.12347],[-85.72376,43.87273],[-86.04971,43.87273],[-86.20011,44.12347]]]}},{"type":"Feature","properties":{"cell_id":402.0,"area_km2":729.0,"elevation_m":334.441925,"longitude":-85.635357,"latitude":43.9980223,"abundance":[0.0,0.0,0.0,0.0,0.0,0.0,0.0,0.0,0.0,0.0,0.0,0.0,0.0,0.1897139,0.7032751,0.7309348,0.6609644,0.602544,0.533622,0.481141,0.3894735,0.3156845,0.3018608,0.3287975,0.3677241,0.3920787,0.438188,0.379607,0.3234029,0.2869243,0.2675464,0.2264304,0.2008497,0.1815467,0.1569771,0.1739179,0.1946023,0.1945571,0.2266633,0.2031115,0.0257086,0.0,0.0,0.0,0.0,0.0,0.0,0.0,0.0,0.0,0.0,0.0],"lower":[0.0,0.0,0.0,0.0,0.0,0.0,0.0,0.0,0.0,0.0,0.0,0.0,0.0,0.0656188,0.4705843,0.4992802,0.4399207,0.3773849,0.3410901,0.315061,0.2446304,0.2104597,0.1984723,0.2114648,0.2345657,0.2472266,0.2595985,0.1981928,0.1712876,0.1594548,0.1511385,0.1274645,0.1101871,0.0978465,0.085548,0.0933966,0.0981062,0.0959357,0.1239486,0.1181687,0.0101224,0.0,0.0,0.0,0.0,0.0,0.0,0.0,0.0,0.0,0.0,0.0],"upper":[0.0,0.0,0.0,0.0,0.0,0.0,0.0,0.0,0.0,0.0,0.0,0.0,0.0,0.3693317,1.1192582,1.2132351,1.0577312,0.9706409,0.8001162,0.7591559,0.6202703,0.4948457,0.4706544,0.5159766,0.5663415,0.6067481,0.6799179,0.6004148,0.5380456,0.4955096,0.4725991,0.4112486,0.3770549,0.3518675,0.3258938,0.3524309,0.3773943,0.3573928,0.3686113,0.3123767,0.050767,0.0,0.0,0.0,0.0,0.0,0.0,0.0,0.0,0.0,0.0,0.0],"occurrence":[0.0,0.0,0.0,0.0,0.0,0.0,0.0,0.0,0.0,0.0,0.0,0.0,0.0,0.1255198,0.4037522,0.4293967,0.4249032,0.4192043,0.4009761,0.3755243,0.3178733,0.2534849,0.2369407,0.2536826,0.2724802,0.277923,0.2957776,0.2472092,0.2145949,0.1966141,0.1959535,0.1659635,0.1525355,0.1396108,0.125196,0.1426075,0.1578204,0.1552808,0.1879601,0.1661825,0.0211338,0.0,0.0,0.0,0.0,0.0,0.0,0.0,0.0,0.0,0.0,0.0],"regions":["central","south"]},"geometry":{"type":"Polygon","coordinates":[[[-85.87359,44.12347],[-85.54708,44.12347],[-85.39782,43.87273],[-85.72376,43.87273],[-85.87359,44.12347]]]}},{"type":"Feature","properties":{"cell_id":403.0,"area_km2":729.0,"elevation_m":360.3843689,"longitude":-85.3091271,"latitude":43.9980223,"abundance":[0.0,0.0,0.0,0.0,0.0,0.0,0.0,0.0,0.0,0.0,0.0,0.0,0.0,0.0655067,0.5714224,0.6143774,0.5486566,0.5100517,0.4291365,0.39046,0.2621964,0.1823615,0.1693271,0.1709989,0.2021798,0.214141,0.259704,0.1936295,0.1352595,0.1343124,0.1434485,0.1310085,0.1128126,0.0922923,0.0803935,0.0974073,0.0992528,0.1097528,0.1832708,0.1762534,0.0051299,0.0,0.0,0.0,0.0,0.0,0.0,0.0,0.0,0.0,0.0,0.0],"lower":[0.0,0.0,0.0,0.0,0.0,0.0,0.0,0.0,0.0,0.0,0.0,0.0,0.0,0.0223485,0.3626247,0.3979399,0.3547087,0.3126469,0.2724429,0.2467941,0.1523822,0.1199252,0.1105018,0.110173,0.1308416,0.1309682,0.1487929,0.102436,0.0743737,0.073412,0.0790263,0.0743368,0.0627581,0.0502463,0.040261,0.0493721,0.0479575,0.0508208,0.0913783,0.1003722,0.0020042,0.0,0.0,0.0,0.0,0.0,0.0,0.0,0.0,0.0,0.0,0.0],"upper":[0.0,0.0,0.0,0.0,0.0,0.0,0.0,0.0,0.0,0.0,0.0,0.0,0.0,0.1342273,0.8868342,0.9574446,0.8607901,0.8076269,0.6583253,0.5940827,0.4248894,0.2836953,0.2532326,0.259702,0.3092539,0.3350093,0.411073,0.3160703,0.2405428,0.2366304,0.2526856,0.2308099,0.2026129,0.1694082,0.1533202,0.1841962,0.1884994,0.201764,0.2918755,0.2788121,0.010078,0.0,0.0,0.0,0.0,0.0,0.0,0.0,0.0,0.0,0.0,0.0],"occurrence":[0.0,0.0,0.0,0.0,0.0,0.0,0.0,0.0,0.0,0.0,0.0,0.0,0.0,0.0445208,0.3387139,0.3690063,0.3405843,0.3245909,0.3035519,0.2835188,0.2008651,0.1443986,0.1341457,0.1359983,0.1551914,0.1586615,0.1814326,0.1275764,0.0905963,0.0907177,0.1040045,0.0961562,0.0882738,0.0721093,0.06485,0.0800081,0.0812091,0.0868971,0.149666,0.1451749,0.0040043,0.0,0.0,0.0,0.0,0.0,0.0,0.0,0.0,0.0,0.0,0.0],"regions":["central","south"]},"geometry":{"type":"Polygon","coordinates":[[[-85.54708,44.12347],[-85.22056,44.12347],[-85.07187,43.87273],[-85.39782,43.87273],[-85.54708,44.12347]]]}},{"type":"Feature","properties":{"cell_id":404.0,"area_km2":729.0,"elevation_m":336.5053101,"longitude":-84.9828972,"latitude":43.9980223,"abundance":[0.0,0.0,0.0,0.0,0.0,0.0,0.0,0.0,0.0,0.0,0.0,0.0,0.0,0.1778742,0.7269781,0.7809137,0.7233295,0.6718222,0.5317479,0.4859881,0.3792547,0.3222709,0.3016255,0.3120344,0.341307,0.3327187,0.3741436,0.3390986,0.2897199,0.2851405,0.2862086,0.2607653,0.2253559,0.1851875,0.1463062,0.17259,0.166806,0.1844718,0.2424807,0.2213772,0.0014458,0.0,0.0,0.0,0.0,0.0,0.0,0.0,0.0,0.0,0.0,0.0],"lower":[0.0,0.0,0.0,0.0,0.0,0.0,0.0,0.0,0.0,0.0,0.0,0.0,0.0,0.0575639,0.4775934,0.5186953,0.4710592,0.4304677,0.3530051,0.3142734,0.2129122,0.1991842,0.1873257,0.1879719,0.2188412,0.195074,0.2017403,0.1790179,0.1497015,0.1409743,0.1456399,0.1315608,0.1092889,0.084886,0.0681143,0.0838766,0.0789121,0.0807047,0.1135182,0.1246723,0.0005075,0.0,0.0,0.0,0.0,0.0,0.0,0.0,0.0,0.0,0.0,0.0],"upper":[0.0,0.0,0.0,0.0,0.0,0.0,0.0,0.0,0.0,0.0,0.0,0.0,0.0,0.3624875,1.1052256,1.2087605,1.1444287,1.0698315,0.8104917,0.7358067,0.6225836,0.515839,0.4697967,0.4825858,0.5432436,0.5663744,0.6280895,0.6059519,0.5303236,0.5022797,0.5227391,0.4770083,0.4202856,0.3581046,0.3125626,0.366092,0.3583132,0.3834755,0.4240052,0.3676544,0.0025252,0.0,0.0,0.0,0.0,0.0,0.0,0.0,0.0,0.0,0.0,0.0],"occurrence":[0.0,0.0,0.0,0.0,0.0,0.0,0.0,0.0,0.0,0.0,0.0,0.0,0.0,0.1199955,0.4236234,0.4633905,0.4531421,0.4331227,0.3892528,0.3650077,0.2921709,0.2541404,0.2345675,0.2390285,0.2575716,0.2473557,0.2626425,0.2342351,0.19716,0.1923848,0.1932749,0.1764763,0.1676673,0.1424773,0.1156315,0.1414209,0.1341622,0.1404253,0.1879498,0.17484,0.0011674,0.0,0.0,0.0,0.0,0.0,0.0,0.0,0.0,0.0,0.0,0.0],"regions":["central","south"]},"geometry":{"type":"Polygon","coordinates":[[[-85.22056,44.12347],[-84.89405,44.12347],[-84.74592,43.87273],[-85.07187,43.87273],[-85.22056,44.12347]]]}},{"type":"Feature","properties":{"cell_id":405.0,"area_km2":729.0,"elevation_m":293.479187,"longitude":-84.6566672,"latitude":43.9980223,"abundance":[0.0,0.0,0.0,0.0,0.0,0.0,0.0,0.0,0.0,0.0,0.0,0.0,0.0,0.0922901,0.5960963,0.6355405,0.6123456,0.5553697,0.4031693,0.3595003,0.2846452,0.2510165,0.2174133,0.2185918,0.232961,0.2326211,0.2828951,0.2875077,0.226259,0.2075951,0.1910523,0.1664317,0.1443982,0.1268522,0.1083267,0.1231581,0.1076162,0.130155,0.2026079,0.2119351,0.0094604,0.0,0.0,0.0,0.0,0.0,0.0,0.0,0.0,0.0,0.0,0.0],"lower":[0.0,0.0,0.0,0.0,0.0,0.0,0.0,0.0,0.0,0.0,0.0,0.0,0.0,0.025165,0.3537355,0.4053746,0.3981657,0.3532692,0.2608598,0.2239006,0.1486309,0.1390698,0.1274485,0.124112,0.1334325,0.1146753,0.1342288,0.1259477,0.0940584,0.083324,0.0753605,0.0669322,0.0573412,0.0478072,0.0370522,0.042224,0.0363346,0.0497957,0.0880437,0.1113515,0.0036742,0.0,0.0,0.0,0.0,0.0,0.0,0.0,0.0,0.0,0.0,0.0],"upper":[0.0,0.0,0.0,0.0,0.0,0.0,0.0,0.0,0.0,0.0,0.0,0.0,0.0,0.1922989,0.9225698,0.9995641,0.9865009,0.9145417,0.6136289,0.5402111,0.4397929,0.3813261,0.3410293,0.3407218,0.376097,0.3801214,0.4470391,0.4646561,0.3803227,0.3308369,0.3111413,0.2769293,0.2421342,0.2268862,0.2129221,0.2412486,0.2233933,0.2612818,0.339216,0.3462633,0.0203396,0.0,0.0,0.0,0.0,0.0,0.0,0.0,0.0,0.0,0.0,0.0],"occurrence":[0.0,0.0,0.0,0.0,0.0,0.0,0.0,0.0,0.0,0.0,0.0,0.0,0.0,0.0605725,0.3428279,0.3829328,0.3860787,0.3570754,0.2739201,0.2513752,0.205951,0.1897074,0.1662564,0.1606205,0.1666276,0.1614206,0.1836737,0.1880117,0.1459645,0.1333231,0.121873,0.1050507,0.1018786,0.0932439,0.0796659,0.0969173,0.0824227,0.0974551,0.1603048,0.1707945,0.0078102,0.0,0.0,0.0,0.0,0.0,0.0,0.0,0.0,0.0,0.0,0.0],"regions":["central","south"]},"geometry":{"type":"Polygon","coordinates":[[[-84.89405,44.12347],[-84.56753,44.12347],[-84.41998,43.87273],[-84.74592,43.87273],[-84.89405,44.12347]]]}},{"type":"Feature","properties":{"cell_id":406.0,"area_km2":729.0,"elevation_m":237.6562958,"longitude":-84.3304373,"latitude":43.9980223,"abundance":[0.0,0.0,0.0,0.0,0.0,0.0,0.0,0.0,0.0,0.0,0.0,0.0,0.0,0.2009742,0.7806771,0.8423408,0.8697447,0.8527149,0.702005,0.6144591,0.5320167,0.4395159,0.3845726,0.4014524,0.42845,0.4620735,0.503396,0.5133391,0.4710776,0.4199607,0.3808609,0.3599123,0.3504809,0.3313669,0.310375,0.3345549,0.3124661,0.3389396,0.3879705,0.3448226,0.0873132,0.0,0.0,0.0,0.0,0.0,0.0,0.0,0.0,0.0,0.0,0.0],"lower":[0.0,0.0,0.0,0.0,0.0,0.0,0.0,0.0,0.0,0.0,0.0,0.0,0.0,0.0418538,0.4616845,0.5328014,0.5626181,0.5533015,0.4665986,0.4067815,0.3391343,0.2850392,0.2544955,0.2689345,0.2890598,0.301877,0.3315127,0.3215203,0.2725,0.238538,0.213864,0.1929042,0.1745955,0.1599558,0.1510476,0.16677,0.1564499,0.1902403,0.2218813,0.1839497,0.0348513,0.0,0.0,0.0,0.0,0.0,0.0,0.0,0.0,0.0,0.0,0.0],"upper":[0.0,0.0,0.0,0.0,0.0,0.0,0.0,0.0,0.0,0.0,0.0,0.0,0.0,0.4534019,1.2128581,1.2520237,1.2975159,1.2218456,0.9898304,0.8665852,0.7464781,0.6258265,0.54863,0.5534599,0.573033,0.6127328,0.6690739,0.6959453,0.6606871,0.600776,0.5496008,0.5153484,0.4974081,0.4750675,0.463354,0.4940078,0.4859465,0.5209075,0.555287,0.5037227,0.170572,0.0,0.0,0.0,0.0,0.0,0.0,0.0,0.0,0.0,0.0,0.0],"occurrence":[0.0,0.0,0.0,0.0,0.0,0.0,0.0,0.0,0.0,0.0,0.0,0.0,0.0,0.132147,0.4411589,0.4928412,0.5099477,0.5007394,0.4507708,0.4042362,0.3571814,0.3172087,0.28383,0.2885562,0.3039863,0.3163169,0.3221915,0.3325646,0.3089856,0.2767878,0.2560917,0.2461151,0.2508629,0.2447893,0.2295318,0.24868,0.231694,0.247845,0.3017887,0.2727627,0.0710023,0.0,0.0,0.0,0.0,0.0,0.0,0.0,0.0,0.0,0.0,0.0],"regions":["central","south"]},"geometry":{"type":"Polygon","coordinates":[[[-84.56753,44.12347],[-84.24101,44.12347],[-84.09403,43.87273],[-84.41998,43.87273],[-84.56753,44.12347]]]}},{"type":"Feature","properties":{"cell_id":407.0,"area_km2":729.0,"elevation_m":208.7950745,"longitude":-84.0042074,"latitude":43.9980223,"abundance":[0.0,0.0,0.0,0.0,0.0,0.0,0.0,0.0,0.0,0.0,0.0,0.0,0.0,0.0452373,0.4956302,0.4811809,0.4539457,0.4359914,0.3558688,0.308801,0.2676001,0.2215717,0.2102275,0.2204276,0.2363948,0.2457756,0.2643415,0.285364,0.2448658,0.2206778,0.1898965,0.1779138,0.1731179,0.1653184,0.1572411,0.1688887,0.1558766,0.1810123,0.2691257,0.2965093,0.0336354,0.0,0.0,0.0,0.0,0.0,0.0,0.0,0.0,0.0,0.0,0.0],"lower":[0.0,0.0,0.0,0.0,0.0,0.0,0.0,0.0,0.0,0.0,0.0,0.0,0.0,0.0076478,0.2942047,0.3049135,0.30075,0.2985997,0.2467641,0.2133544,0.1828763,0.151056,0.1384088,0.1450817,0.1571867,0.1637047,0.1822236,0.1913287,0.1583943,0.1431501,0.120991,0.1115874,0.1085278,0.097142,0.0869485,0.0902506,0.0760454,0.1085232,0.1649221,0.1629369,0.0126478,0.0,0.0,0.0,0.0,0.0,0.0,0.0,0.0,0.0,0.0,0.0],"upper":[0.0,0.0,0.0,0.0,0.0,0.0,0.0,0.0,0.0,0.0,0.0,0.0,0.0,0.0996613,0.7773903,0.7355036,0.7021109,0.6502523,0.4922954,0.4187165,0.354825,0.2973207,0.2894455,0.2988292,0.3136085,0.3241703,0.3493751,0.3829581,0.3382251,0.3116993,0.2684244,0.2492304,0.2437031,0.2373678,0.2332163,0.2495968,0.2273117,0.2576828,0.3824085,0.4313388,0.0638865,0.0,0.0,0.0,0.0,0.0,0.0,0.0,0.0,0.0,0.0,0.0],"occurrence":[0.0,0.0,0.0,0.0,0.0,0.0,0.0,0.0,0.0,0.0,0.0,0.0,0.0,0.0291615,0.2924757,0.2880992,0.2736553,0.2673462,0.2281405,0.2041877,0.1787394,0.1571589,0.153165,0.1548851,0.1641812,0.1671804,0.1713447,0.1843041,0.16147,0.1469773,0.128887,0.1218943,0.1235062,0.122611,0.1166579,0.1230864,0.1138089,0.1357236,0.2080407,0.2246293,0.0272876,0.0,0.0,0.0,0.0,0.0,0.0,0.0,0.0,0.0,0.0,0.0],"regions":["central","south"]},"geometry":{"type":"Polygon","coordinates":[[[-84.24101,44.12347],[-83.9145,44.12347],[-83.76809,43.87273],[-84.09403,43.87273],[-84.24101,44.12347]]]}},{"type":"Feature","properties":{"cell_id":408.0,"area_km2":729.0,"elevation_m":181.5760803,"longitude":-83.6779774,"latitude":43.9980223,"abundance":[0.0,0.0,0.0,0.0,0.0,0.0,0.0,0.0,0.0,0.0,0.0,0.0,0.0,0.0,0.4603697,0.4529102,0.4661799,0.4139269,0.3040058,0.2714652,0.2238824,0.1835072,0.1773822,0.1717833,0.1836841,0.2169472,0.2363591,0.2434606,0.2251659,0.1774228,0.1058442,0.0956008,0.1047545,0.1078394,0.1150527,0.1454008,0.1456966,0.2240154,0.3375038,0.3410193,0.0334745,0.0,0.0,0.0,0.0,0.0,0.0,0.0,0.0,0.0,0.0,0.0],"lower":[0.0,0.0,0.0,0.0,0.0,0.0,0.0,0.0,0.0,0.0,0.0,0.0,0.0,0.0,0.2759179,0.2786631,0.296614,0.275104,0.2075416,0.1842413,0.1554095,0.12415,0.1131551,0.1093243,0.1229369,0.1460886,0.151776,0.1530123,0.1338394,0.1002548,0.0606004,0.0573448,0.0631783,0.0637986,0.0647991,0.0812073,0.0839052,0.1383152,0.200501,0.1719897,0.0138603,0.0,0.0,0.0,0.0,0.0,0.0,0.0,0.0,0.0,0.0,0.0],"upper":[0.0,0.0,0.0,0.0,0.0,0.0,0.0,0.0,0.0,0.0,0.0,0.0,0.0,0.0,0.6876467,0.6700285,0.6816736,0.5772113,0.4251286,0.3770591,0.30219,0.2433031,0.2417601,0.2348156,0.2525901,0.2919668,0.3202382,0.338809,0.3251294,0.2734529,0.1615837,0.1446198,0.158028,0.1697949,0.1836812,0.2248412,0.2146845,0.3165308,0.470969,0.4939807,0.0623868,0.0,0.0,0.0,0.0,0.0,0.0,0.0,0.0,0.0,0.0,0.0],"occurrence":[0.0,0.0,0.0,0.0,0.0,0.0,0.0,0.0,0.0,0.0,0.0,0.0,0.0,0.0,0.281565,0.2742387,0.2860165,0.2478128,0.1888289,0.179959,0.1526953,0.1307322,0.1306086,0.1238465,0.1291614,0.1510687,0.1536209,0.1592773,0.1489297,0.1218804,0.0759594,0.0678425,0.0744487,0.0790722,0.0845362,0.1060793,0.1083503,0.169197,0.2602334,0.2643898,0.0262364,0.0,0.0,0.0,0.0,0.0,0.0,0.0,0.0,0.0,0.0,0.0],"regions":["central","south"]},"geometry":{"type":"Polygon","coordinates":[[[-83.9145,44.12347],[-83.58798,44.12347],[-83.44214,43.87273],[-83.76809,43.87273],[-83.9145,44.12347]]]}},{"type":"Feature","properties":{"cell_id":409.0,"area_km2":729.0,"elevation_m":178.3370514,"longitude":-83.3517475,"latitude":43.9980223,"abundance":[0.0,0.0,0.0,0.0,0.0,0.0,0.0,0.0,0.0,0.0,0.0,0.0,0.0,0.0,0.2645677,0.0856655,0.0550388,0.0351551,0.0142873,0.0122341,0.0,0.0,0.0,0.0,0.0,0.0,0.0,0.0,0.0,0.0,0.0,0.0,0.0,0.0,0.0,0.010314,0.0127212,0.097559,0.1931318,0.2000973,0.0613166,0.0,0.0,0.0,0.0,0.0,0.0,0.0,0.0,0.0,0.0,0.0],"lower":[0.0,0.0,0.0,0.0,0.0,0.0,0.0,0.0,0.0,0.0,0.0,0.0,0.0,0.0,0.1403624,0.0435095,0.0260371,0.0173246,0.0068433,0.0044654,0.0,0.0,0.0,0.0,0.0,0.0,0.0,0.0,0.0,0.0,0.0,0.0,0.0,0.0,0.0,0.0042689,0.0071591,0.0552574,0.1181826,0.1111353,0.0275578,0.0,0.0,0.0,0.0,0.0,0.0,0.0,0.0,0.0,0.0,0.0],"upper":[0.0,0.0,0.0,0.0,0.0,0.0,0.0,0.0,0.0,0.0,0.0,0.0,0.0,0.0,0.4298501,0.1390517,0.0854094,0.0539081,0.0252932,0.0209563,0.0,0.0,0.0,0.0,0.0,0.0,0.0,0.0,0.0,0.0,0.0,0.0,0.0,0.0,0.0,0.0161348,0.0183429,0.1489047,0.2938441,0.3191385,0.1237501,0.0,0.0,0.0,0.0,0.0,0.0,0.0,0.0,0.0,0.0,0.0],"occurrence":[0.0,0.0,0.0,0.0,0.0,0.0,0.0,0.0,0.0,0.0,0.0,0.0,0.0,0.0,0.155708,0.0559773,0.0360595,0.0225606,0.0107064,0.009522,0.0,0.0,0.0,0.0,0.0,0.0,0.0,0.0,0.0,0.0,0.0,0.0,0.0,0.0,0.0,0.0081021,0.0098118,0.0740842,0.1440729,0.1447626,0.0445674,0.0,0.0,0.0,0.0,0.0,0.0,0.0,0.0,0.0,0.0,0.0],"regions":["central","south"]},"geometry":{"type":"Polygon","coordinates":[[[-83.58798,44.12347],[-83.26147,44.12347],[-83.11619,43.87273],[-83.44214,43.87273],[-83.58798,44.12347]]]}},{"type":"Feature","properties":{"cell_id":410.0,"area_km2":729.0,"elevation_m":189.7829895,"longitude":-83.0255176,"latitude":43.9980223,"abundance":[0.0,0.0,0.0,0.0,0.0,0.0,0.0,0.0,0.0,0.0,0.0,0.0,0.0,0.0,0.2939946,0.0945751,0.0710212,0.0,0.0,0.0,0.0,0.0,0.0,0.0,0.0,0.0,0.0,0.0,0.0,0.0,0.0,0.0,0.0,0.0,0.0,0.0,0.0043153,0.0547893,0.1251736,0.1392189,0.0370411,0.0,0.0,0.0,0.0,0.0,0.0,0.0,0.0,0.0,0.0,0.0],"lower":[0.0,0.0,0.0,0.0,0.0,0.0,0.0,0.0,0.0,0.0,0.0,0.0,0.0,0.0,0.1390611,0.0420641,0.0334254,0.0,0.0,0.0,0.0,0.0,0.0,0.0,0.0,0.0,0.0,0.0,0.0,0.0,0.0,0.0,0.0,0.0,0.0,0.0,0.0012842,0.0277518,0.0709576,0.0765389,0.0160638,0.0,0.0,0.0,0.0,0.0,0.0,0.0,0.0,0.0,0.0,0.0],"upper":[0.0,0.0,0.0,0.0,0.0,0.0,0.0,0.0,0.0,0.0,0.0,0.0,0.0,0.0,0.4910135,0.1458481,0.1153581,0.0,0.0,0.0,0.0,0.0,0.0,0.0,0.0,0.0,0.0,0.0,0.0,0.0,0.0,0.0,0.0,0.0,0.0,0.0,0.0072692,0.0840676,0.1917392,0.2262465,0.0724735,0.0,0.0,0.0,0.0,0.0,0.0,0.0,0.0,0.0,0.0,0.0],"occurrence":[0.0,0.0,0.0,0.0,0.0,0.0,0.0,0.0,0.0,0.0,0.0,0.0,0.0,0.0,0.1793705,0.0573038,0.0453544,0.0,0.0,0.0,0.0,0.0,0.0,0.0,0.0,0.0,0.0,0.0,0.0,0.0,0.0,0.0,0.0,0.0,0.0,0.0,0.0026229,0.0391967,0.0925828,0.097924,0.0263637,0.0,0.0,0.0,0.0,0.0,0.0,0.0,0.0,0.0,0.0,0.0],"regions":["central","south"]},"geometry":{"type":"Polygon","coordinates":[[[-83.26147,44.12347],[-82.93495,44.12347],[-82.79025,43.87273],[-83.11619,43.87273],[-83.26147,44.12347]]]}},{"type":"Feature","properties":{"cell_id":411.0,"area_km2":729.0,"elevation_m":184.8726807,"longitude":-82.6992876,"latitude":43.9980223,"abundance":[0.0,0.0,0.0,0.0,0.0,0.0,0.0,0.0,0.0,0.0,0.0,0.0,0.0,0.0,0.31132,0.1474012,0.0831678,0.0313431,0.0114803,0.0,0.0,0.0100003,0.0227119,0.0229429,0.0195668,0.0101574,0.0,0.0,0.0,0.0,0.0,0.0,0.0,0.0,0.0,0.0,0.0,0.080149,0.2618288,0.297254,0.0743921,0.0,0.0,0.0,0.0,0.0,0.0,0.0,0.0,0.0,0.0,0.0],"lower":[0.0,0.0,0.0,0.0,0.0,0.0,0.0,0.0,0.0,0.0,0.0,0.0,0.0,0.0,0.1357621,0.0629492,0.0375971,0.0098253,0.0043789,0.0,0.0,0.0026316,0.0061158,0.0082042,0.0064882,0.0019661,0.0,0.0,0.0,0.0,0.0,0.0,0.0,0.0,0.0,0.0,0.0,0.0341042,0.1473169,0.1602418,0.0288468,0.0,0.0,0.0,0.0,0.0,0.0,0.0,0.0,0.0,0.0,0.0],"upper":[0.0,0.0,0.0,0.0,0.0,0.0,0.0,0.0,0.0,0.0,0.0,0.0,0.0,0.0,0.5259533,0.2392684,0.1335174,0.0541321,0.02161,0.0,0.0,0.0150485,0.0375736,0.0383932,0.0353686,0.020886,0.0,0.0,0.0,0.0,0.0,0.0,0.0,0.0,0.0,0.0,0.0,0.1348046,0.4033216,0.4674964,0.1451373,0.0,0.0,0.0,0.0,0.0,0.0,0.0,0.0,0.0,0.0,0.0],"occurrence":[0.0,0.0,0.0,0.0,0.0,0.0,0.0,0.0,0.0,0.0,0.0,0.0,0.0,0.0,0.1965855,0.0930502,0.0542584,0.0220446,0.0090584,0.0,0.0,0.007544,0.0171198,0.0171974,0.0134213,0.0074938,0.0,0.0,0.0,0.0,0.0,0.0,0.0,0.0,0.0,0.0,0.0,0.0592111,0.1913309,0.2045028,0.0497975,0.0,0.0,0.0,0.0,0.0,0.0,0.0,0.0,0.0,0.0,0.0],"regions":["central","south"]},"geometry":{"type":"Polygon","coordinates":[[[-82.93495,44.12347],[-82.60844,44.12347],[-82.4643,43.87273],[-82.79025,43.87273],[-82.93495,44.12347]]]}},{"type":"Feature","properties":{"cell_id":422.0,"area_km2":729.0,"elevation_m":199.4343414,"longitude":-86.4636138,"latitude":43.7475866,"abundance":[0.0,0.0,0.0,0.0,0.0,0.0,0.0,0.0,0.0,0.0,0.0,0.0,0.0,0.1297112,0.252167,0.2344777,0.158151,0.0759998,0.0499682,0.0486846,0.0334836,0.0090528,0.0085035,0.0110307,0.0142932,0.0259733,0.0321689,0.0279002,0.014033,0.014362,0.0052515,0.0050282,0.0057931,0.0090916,0.0093828,0.0084763,0.0179677,0.0349608,0.0954161,0.0757232,0.0173982,0.0,0.0,0.0,0.0,0.0,0.0,0.0,0.0,0.0,0.0,0.0],"lower":[0.0,0.0,0.0,0.0,0.0,0.0,0.0,0.0,0.0,0.0,0.0,0.0,0.0,0.0646264,0.1370319,0.1145487,0.0659246,0.0193868,0.01088,0.0105723,0.0060278,0.0007164,0.0004002,0.0002628,0.0009459,0.0,0.0,0.0,0.0,0.0,0.0,0.0,0.0,0.0,0.0011179,0.0017881,0.0049439,0.013286,0.0476938,0.0366689,0.0067673,0.0,0.0,0.0,0.0,0.0,0.0,0.0,0.0,0.0,0.0,0.0],"upper":[0.0,0.0,0.0,0.0,0.0,0.0,0.0,0.0,0.0,0.0,0.0,0.0,0.0,0.2071305,0.3825492,0.3681602,0.2651417,0.1457991,0.0969954,0.0906075,0.0728301,0.0173474,0.0169733,0.0247841,0.0400574,0.0684642,0.0792062,0.0692667,0.0370091,0.0354997,0.0108158,0.0099649,0.0127038,0.0203168,0.0212698,0.0193311,0.0421905,0.0656503,0.1566053,0.1277043,0.0327815,0.0,0.0,0.0,0.0,0.0,0.0,0.0,0.0,0.0,0.0,0.0],"occurrence":[0.0,0.0,0.0,0.0,0.0,0.0,0.0,0.0,0.0,0.0,0.0,0.0,0.0,0.0845015,0.162655,0.1558809,0.1124952,0.0582282,0.0397849,0.0393412,0.0279283,0.0074602,0.0067831,0.0088284,0.0111445,0.0191681,0.0238512,0.0205361,0.0095579,0.0097761,0.0034842,0.0031857,0.0039792,0.0072188,0.0078312,0.0074376,0.0149942,0.0288873,0.0754813,0.0571137,0.0119352,0.0,0.0,0.0,0.0,0.0,0.0,0.0,0.0,0.0,0.0,0.0],"regions":["south"]},"geometry":{"type":"Polygon","coordinates":[[[-86.7016,43.87273],[-86.37565,43.87273],[-86.22632,43.62259],[-86.5517,43.62259],[-86.7016,43.87273]]]}},{"type":"Feature","properties":{"cell_id":423.0,"area_km2":729.0,"elevation_m":244.5390625,"longitude":-86.1379505,"latitude":43.7475866,"abundance":[0.0,0.0,0.0,0.0,0.0,0.0,0.0,0.0,0.0,0.0,0.0,0.0,0.0,0.1178195,0.3942545,0.4321273,0.3969613,0.3338619,0.2847582,0.2612622,0.2072564,0.1390022,0.1231356,0.128971,0.1466671,0.1934113,0.2037004,0.1681077,0.1476244,0.1287575,0.1062667,0.0928078,0.0797419,0.0649132,0.0640251,0.0613879,0.0876213,0.1045325,0.1371742,0.1061774,0.0130314,0.0,0.0,0.0,0.0,0.0,0.0,0.0,0.0,0.0,0.0,0.0],"lower":[0.0,0.0,0.0,0.0,0.0,0.0,0.0,0.0,0.0,0.0,0.0,0.0,0.0,0.0330422,0.221883,0.2400373,0.2158164,0.1587875,0.1187321,0.1139243,0.091375,0.0607965,0.0511369,0.0552401,0.0645036,0.0699874,0.0733911,0.0526394,0.0416825,0.0402177,0.0188999,0.0226561,0.0235341,0.0236853,0.0268706,0.0271071,0.0376574,0.0495395,0.0754517,0.0577454,0.0058743,0.0,0.0,0.0,0.0,0.0,0.0,0.0,0.0,0.0,0.0,0.0],"upper":[0.0,0.0,0.0,0.0,0.0,0.0,0.0,0.0,0.0,0.0,0.0,0.0,0.0,0.2139371,0.6070893,0.6496907,0.5969558,0.5359997,0.4516171,0.397245,0.3414522,0.2228116,0.2031565,0.2325425,0.283947,0.3625873,0.3775825,0.3282392,0.2783543,0.2393304,0.198877,0.1655058,0.1501315,0.1279305,0.1322551,0.119305,0.1732688,0.1938616,0.2192441,0.1724012,0.0231834,0.0,0.0,0.0,0.0,0.0,0.0,0.0,0.0,0.0,0.0,0.0],"occurrence":[0.0,0.0,0.0,0.0,0.0,0.0,0.0,0.0,0.0,0.0,0.0,0.0,0.0,0.0780653,0.2486363,0.2649321,0.2632736,0.2442246,0.2202139,0.2078903,0.1702564,0.1120473,0.0974638,0.1020098,0.1131909,0.1410511,0.1436935,0.1197835,0.098092,0.0869099,0.0762271,0.0634656,0.0561874,0.0502145,0.0524455,0.0531527,0.0753814,0.0900524,0.1171114,0.0894561,0.010621,0.0,0.0,0.0,0.0,0.0,0.0,0.0,0.0,0.0,0.0,0.0],"regions":["south"]},"geometry":{"type":"Polygon","coordinates":[[[-86.37565,43.87273],[-86.04971,43.87273],[-85.90094,43.62259],[-86.22632,43.62259],[-86.37565,43.87273]]]}},{"type":"Feature","properties":{"cell_id":424.0,"area_km2":729.0,"elevation_m":287.17453,"longitude":-85.8122871,"latitude":43.7475866,"abundance":[0.0,0.0,0.0,0.0,0.0,0.0,0.0,0.0,0.0,0.0,0.0,0.0,0.0,0.2446404,0.7238857,0.7733519,0.6864592,0.5668936,0.5083414,0.4761362,0.3850587,0.3225864,0.296122,0.3117611,0.3370697,0.3794851,0.3566234,0.2884263,0.2736291,0.2386541,0.2123244,0.1909428,0.1707511,0.1497932,0.1358137,0.1463403,0.1717101,0.1809908,0.2187538,0.2124514,0.0588202,0.0,0.0,0.0,0.0,0.0,0.0,0.0,0.0,0.0,0.0,0.0],"lower":[0.0,0.0,0.0,0.0,0.0,0.0,0.0,0.0,0.0,0.0,0.0,0.0,0.0,0.0661808,0.4380087,0.4570957,0.4024496,0.3156345,0.2494447,0.2537955,0.2046186,0.1737278,0.1668609,0.1809958,0.1854416,0.1987463,0.1683476,0.1380029,0.130604,0.1174758,0.1084034,0.0993944,0.0865889,0.0785449,0.0706874,0.0730609,0.0854176,0.0929025,0.1202392,0.1149864,0.0235983,0.0,0.0,0.0,0.0,0.0,0.0,0.0,0.0,0.0,0.0,0.0],"upper":[0.0,0.0,0.0,0.0,0.0,0.0,0.0,0.0,0.0,0.0,0.0,0.0,0.0,0.4846858,1.1150491,1.1711755,1.0097528,0.8946962,0.7712947,0.6810009,0.5850538,0.4788235,0.469404,0.5140154,0.5733474,0.6307473,0.5991429,0.5202087,0.4857679,0.4374085,0.386552,0.3468705,0.3203615,0.2916128,0.2795715,0.284604,0.3294099,0.3282632,0.3552674,0.3396169,0.1082842,0.0,0.0,0.0,0.0,0.0,0.0,0.0,0.0,0.0,0.0,0.0],"occurrence":[0.0,0.0,0.0,0.0,0.0,0.0,0.0,0.0,0.0,0.0,0.0,0.0,0.0,0.1619621,0.4255533,0.4365466,0.4216213,0.3988535,0.3840209,0.3726749,0.3104527,0.2540764,0.2281193,0.2411465,0.2612569,0.2854401,0.261033,0.2093195,0.1904857,0.1709716,0.1647812,0.1438367,0.1300641,0.1201738,0.1142943,0.126308,0.1475806,0.1539276,0.1859079,0.178138,0.0503424,0.0,0.0,0.0,0.0,0.0,0.0,0.0,0.0,0.0,0.0,0.0],"regions":["south"]},"geometry":{"type":"Polygon","coordinates":[[[-86.04971,43.87273],[-85.72376,43.87273],[-85.57555,43.62259],[-85.90094,43.62259],[-86.04971,43.87273]]]}},{"type":"Feature","properties":{"cell_id":425.0,"area_km2":729.0,"elevation_m":323.4308777,"longitude":-85.4866238,"latitude":43.7475866,"abundance":[0.0,0.0,0.0,0.0,0.0,0.0,0.0,0.0,0.0,0.0,0.0,0.0,0.0,0.0849049,0.4273319,0.398932,0.3319473,0.2586768,0.2140015,0.2146856,0.1455378,0.127767,0.1240439,0.1250722,0.1396681,0.1483482,0.1468655,0.1165433,0.0830527,0.0794414,0.0879502,0.0843745,0.0763375,0.0682742,0.0525016,0.0534879,0.0515426,0.0589715,0.1531373,0.1782215,0.0304136,0.0,0.0,0.0,0.0,0.0,0.0,0.0,0.0,0.0,0.0,0.0],"lower":[0.0,0.0,0.0,0.0,0.0,0.0,0.0,0.0,0.0,0.0,0.0,0.0,0.0,0.0278325,0.2624906,0.2407151,0.1920808,0.1344248,0.1049352,0.1146424,0.0810457,0.0727755,0.072207,0.0730545,0.0782409,0.0788909,0.0721417,0.0558061,0.040561,0.0404416,0.0439973,0.0419481,0.0387321,0.0353464,0.0286086,0.0288774,0.0273569,0.0298776,0.0771515,0.0990281,0.0120039,0.0,0.0,0.0,0.0,0.0,0.0,0.0,0.0,0.0,0.0,0.0],"upper":[0.0,0.0,0.0,0.0,0.0,0.0,0.0,0.0,0.0,0.0,0.0,0.0,0.0,0.1799227,0.6722594,0.6096997,0.50936,0.4143324,0.3301878,0.329805,0.2313298,0.1966105,0.1912813,0.1988962,0.2199484,0.2381507,0.2481376,0.21698,0.1552695,0.1488597,0.16354,0.1534219,0.1447204,0.1372573,0.1081532,0.1029171,0.1019787,0.1076337,0.260223,0.2788022,0.0556411,0.0,0.0,0.0,0.0,0.0,0.0,0.0,0.0,0.0,0.0,0.0],"occurrence":[0.0,0.0,0.0,0.0,0.0,0.0,0.0,0.0,0.0,0.0,0.0,0.0,0.0,0.0549365,0.2607795,0.2489091,0.2290937,0.1951277,0.1697339,0.1740299,0.1236773,0.1085991,0.1021081,0.1029125,0.1102241,0.1136696,0.1074603,0.0814452,0.0569011,0.0561275,0.0684314,0.0664301,0.0617637,0.0564197,0.0444055,0.046044,0.0436723,0.0490898,0.1320074,0.1510578,0.025479,0.0,0.0,0.0,0.0,0.0,0.0,0.0,0.0,0.0,0.0,0.0],"regions":["south"]},"geometry":{"type":"Polygon","coordinates":[[[-85.72376,43.87273],[-85.39782,43.87273],[-85.25017,43.62259],[-85.57555,43.62259],[-85.72376,43.87273]]]}},{"type":"Feature","properties":{"cell_id":426.0,"area_km2":729.0,"elevation_m":315.982666,"longitude":-85.1609605,"latitude":43.7475866,"abundance":[0.0,0.0,0.0,0.0,0.0,0.0,0.0,0.0,0.0,0.0,0.0,0.0,0.0,0.1364597,0.5912259,0.5903922,0.5240791,0.4623473,0.3807979,0.3392033,0.1947015,0.1615357,0.157293,0.1521338,0.1625007,0.1676197,0.1932678,0.1518964,0.0866227,0.0809422,0.0833724,0.0814083,0.0689338,0.0607306,0.0386842,0.0530033,0.0486668,0.0527776,0.1639804,0.2023735,0.0037638,0.0,0.0,0.0,0.0,0.0,0.0,0.0,0.0,0.0,0.0,0.0],"lower":[0.0,0.0,0.0,0.0,0.0,0.0,0.0,0.0,0.0,0.0,0.0,0.0,0.0,0.0390766,0.3620622,0.372224,0.3222018,0.2729842,0.2228698,0.2061923,0.1134165,0.0974159,0.0924171,0.0907683,0.0991414,0.0976467,0.1067088,0.0820468,0.0423084,0.0385489,0.0400876,0.0410568,0.0334225,0.0306066,0.0195987,0.0274601,0.0257829,0.0246092,0.0773262,0.1079031,0.001313,0.0,0.0,0.0,0.0,0.0,0.0,0.0,0.0,0.0,0.0,0.0],"upper":[0.0,0.0,0.0,0.0,0.0,0.0,0.0,0.0,0.0,0.0,0.0,0.0,0.0,0.278129,0.9056904,0.8861835,0.7996184,0.7289164,0.5554934,0.5027966,0.3222986,0.2511057,0.2426918,0.2343667,0.2449006,0.2646806,0.3213795,0.2785029,0.1647774,0.1625479,0.1737094,0.1691059,0.1532619,0.1431365,0.0900869,0.1241007,0.1117967,0.1099301,0.3057062,0.3378448,0.0079361,0.0,0.0,0.0,0.0,0.0,0.0,0.0,0.0,0.0,0.0,0.0],"occurrence":[0.0,0.0,0.0,0.0,0.0,0.0,0.0,0.0,0.0,0.0,0.0,0.0,0.0,0.096205,0.3864003,0.4015862,0.3771014,0.3455252,0.3029831,0.2794233,0.1636425,0.1367761,0.1312721,0.1262546,0.1331828,0.1322444,0.143514,0.1119703,0.0630975,0.0592264,0.0662332,0.066631,0.0579856,0.0517785,0.0337374,0.0467108,0.0420019,0.0422785,0.1406686,0.173118,0.0032308,0.0,0.0,0.0,0.0,0.0,0.0,0.0,0.0,0.0,0.0,0.0],"regions":["south"]},"geometry":{"type":"Polygon","coordinates":[[[-85.39782,43.87273],[-85.07187,43.87273],[-84.92479,43.62259],[-85.25017,43.62259],[-85.39782,43.87273]]]}},{"type":"Feature","properties":{"cell_id":427.0,"area_km2":729.0,"elevation_m":271.2020569,"longitude":-84.8352971,"latitude":43.7475866,"abundance":[0.0,0.0,0.0,0.0,0.0,0.0,0.0,0.0,0.0,0.0,0.0,0.0,0.0,0.108356,0.3283152,0.3263733,0.3153811,0.2943292,0.2127829,0.1793598,0.1172507,0.0938383,0.086197,0.0845294,0.0922998,0.0955749,0.1054623,0.0937691,0.0656536,0.0517064,0.052356,0.0488008,0.0436679,0.0397897,0.0345861,0.0431967,0.0367982,0.0489779,0.1167938,0.1458095,0.0145939,0.0,0.0,0.0,0.0,0.0,0.0,0.0,0.0,0.0,0.0,0.0],"lower":[0.0,0.0,0.0,0.0,0.0,0.0,0.0,0.0,0.0,0.0,0.0,0.0,0.0,0.0389553,0.2036126,0.2095913,0.2034512,0.1850174,0.1331442,0.112511,0.0654117,0.0561789,0.0532868,0.0489087,0.0548438,0.0520548,0.0572095,0.0500215,0.0299249,0.0231679,0.0245015,0.0234615,0.0191901,0.0186548,0.0150814,0.0205876,0.0160503,0.0233747,0.0561873,0.0780043,0.0054627,0.0,0.0,0.0,0.0,0.0,0.0,0.0,0.0,0.0,0.0,0.0],"upper":[0.0,0.0,0.0,0.0,0.0,0.0,0.0,0.0,0.0,0.0,0.0,0.0,0.0,0.200812,0.5025992,0.5122502,0.4877935,0.4641865,0.3244967,0.2785583,0.2003274,0.1571446,0.1383522,0.1389359,0.1539256,0.1682122,0.1968365,0.1874055,0.1420216,0.1163918,0.1166703,0.1113912,0.1060514,0.101012,0.083058,0.1013298,0.079147,0.0980697,0.2118856,0.2406927,0.0257467,0.0,0.0,0.0,0.0,0.0,0.0,0.0,0.0,0.0,0.0,0.0],"occurrence":[0.0,0.0,0.0,0.0,0.0,0.0,0.0,0.0,0.0,0.0,0.0,0.0,0.0,0.0699135,0.1957914,0.2062308,0.2020143,0.1928328,0.1542583,0.1351009,0.0899053,0.0739043,0.0673214,0.0633064,0.0686017,0.0725062,0.0751634,0.0648652,0.0444433,0.0350209,0.0367766,0.0347639,0.0319573,0.0313038,0.028289,0.0356812,0.0295478,0.0386857,0.09432,0.1194407,0.0123287,0.0,0.0,0.0,0.0,0.0,0.0,0.0,0.0,0.0,0.0,0.0],"regions":["south"]},"geometry":{"type":"Polygon","coordinates":[[[-85.07187,43.87273],[-84.74592,43.87273],[-84.59941,43.62259],[-84.92479,43.62259],[-85.07187,43.87273]]]}},{"type":"Feature","properties":{"cell_id":428.0,"area_km2":729.0,"elevation_m":221.8412628,"longitude":-84.5096338,"latitude":43.7475866,"abundance":[0.0,0.0,0.0,0.0,0.0,0.0,0.0,0.0,0.0,0.0,0.0,0.0,0.0,0.3304254,0.8375084,0.8604029,0.8903463,0.8281872,0.6044351,0.4972847,0.3825459,0.3212362,0.2828395,0.2902663,0.3011579,0.2989562,0.3165213,0.3227649,0.2599766,0.2373617,0.2217148,0.2263334,0.2293271,0.2248131,0.2227968,0.2519843,0.239186,0.2851616,0.3582789,0.3623603,0.1092453,0.0,0.0,0.0,0.0,0.0,0.0,0.0,0.0,0.0,0.0,0.0],"lower":[0.0,0.0,0.0,0.0,0.0,0.0,0.0,0.0,0.0,0.0,0.0,0.0,0.0,0.1194187,0.5181386,0.5589492,0.5807075,0.5374624,0.3944338,0.3201728,0.2271812,0.1980285,0.1802215,0.1769148,0.1844802,0.1741632,0.1851446,0.1732863,0.1308552,0.1195802,0.1119358,0.1117201,0.1199153,0.1254163,0.1258577,0.1439883,0.1255702,0.1760625,0.2150971,0.2093881,0.0438014,0.0,0.0,0.0,0.0,0.0,0.0,0.0,0.0,0.0,0.0,0.0],"upper":[0.0,0.0,0.0,0.0,0.0,0.0,0.0,0.0,0.0,0.0,0.0,0.0,0.0,0.6052479,1.2293015,1.2207334,1.26475,1.1981138,0.8640473,0.7167748,0.5568135,0.4846628,0.4290343,0.4263668,0.4326431,0.4323716,0.4705951,0.4970237,0.4465196,0.4125797,0.3895617,0.3884447,0.3670536,0.3536969,0.3456589,0.3896032,0.378413,0.4373406,0.524544,0.5287835,0.1973523,0.0,0.0,0.0,0.0,0.0,0.0,0.0,0.0,0.0,0.0,0.0],"occurrence":[0.0,0.0,0.0,0.0,0.0,0.0,0.0,0.0,0.0,0.0,0.0,0.0,0.0,0.1852236,0.4316459,0.4564406,0.456692,0.437526,0.3596361,0.3093425,0.2481306,0.2256438,0.2016547,0.1969954,0.2077156,0.2058852,0.1984934,0.1900253,0.1452452,0.1275723,0.1258913,0.1333592,0.1497687,0.1531622,0.1566584,0.1822733,0.1657782,0.1965404,0.2587695,0.2760103,0.0861148,0.0,0.0,0.0,0.0,0.0,0.0,0.0,0.0,0.0,0.0,0.0],"regions":["south"]},"geometry":{"type":"Polygon","coordinates":[[[-84.74592,43.87273],[-84.41998,43.87273],[-84.27402,43.62259],[-84.59941,43.62259],[-84.74592,43.87273]]]}},{"type":"Feature","properties":{"cell_id":429.0,"area_km2":729.0,"elevation_m":199.6917419,"longitude":-84.1839705,"latitude":43.7475866,"abundance":[0.0,0.0,0.0,0.0,0.0,0.0,0.0,0.0,0.0,0.0,0.0,0.0,0.0,0.14663,0.5059437,0.4843705,0.4727079,0.4630065,0.3412639,0.2790624,0.2178301,0.1676528,0.1501927,0.1540734,0.1581391,0.1957126,0.2234427,0.2210382,0.1772472,0.1452893,0.120864,0.1158407,0.1190604,0.1216307,0.1240604,0.1450887,0.1286003,0.1617401,0.258611,0.2844753,0.0625309,0.0,0.0,0.0,0.0,0.0,0.0,0.0,0.0,0.0,0.0,0.0],"lower":[0.0,0.0,0.0,0.0,0.0,0.0,0.0,0.0,0.0,0.0,0.0,0.0,0.0,0.0417457,0.2820352,0.2886138,0.2761424,0.2903011,0.2236225,0.1781633,0.1322627,0.098787,0.0943804,0.0932237,0.0958982,0.1199716,0.1380319,0.1170293,0.0841855,0.0656961,0.0552907,0.052511,0.0573715,0.0645845,0.0672763,0.0800774,0.0671916,0.0950165,0.1554631,0.1686914,0.0260336,0.0,0.0,0.0,0.0,0.0,0.0,0.0,0.0,0.0,0.0,0.0],"upper":[0.0,0.0,0.0,0.0,0.0,0.0,0.0,0.0,0.0,0.0,0.0,0.0,0.0,0.3125369,0.774419,0.7094178,0.6829457,0.6643412,0.488896,0.3972988,0.3118499,0.2450207,0.2245398,0.2283808,0.2279174,0.2742981,0.316107,0.3267998,0.2747934,0.2348572,0.1952669,0.1841033,0.1854097,0.1867616,0.1896444,0.2147274,0.1944769,0.2399127,0.376448,0.4150909,0.1114298,0.0,0.0,0.0,0.0,0.0,0.0,0.0,0.0,0.0,0.0,0.0],"occurrence":[0.0,0.0,0.0,0.0,0.0,0.0,0.0,0.0,0.0,0.0,0.0,0.0,0.0,0.0947824,0.2880794,0.282956,0.2713323,0.2648713,0.2156668,0.1842016,0.1461488,0.1194463,0.1097309,0.1125029,0.1149017,0.1291387,0.1365005,0.1393152,0.1126189,0.0943774,0.0822101,0.0786271,0.0855524,0.0881684,0.0900873,0.1042473,0.0921381,0.1164672,0.1947621,0.2186489,0.050809,0.0,0.0,0.0,0.0,0.0,0.0,0.0,0.0,0.0,0.0,0.0],"regions":["south"]},"geometry":{"type":"Polygon","coordinates":[[[-84.41998,43.87273],[-84.09403,43.87273],[-83.94864,43.62259],[-84.27402,43.62259],[-84.41998,43.87273]]]}},{"type":"Feature","properties":{"cell_id":430.0,"area_km2":729.0,"elevation_m":180.1428223,"longitude":-83.8583072,"latitude":43.7475866,"abundance":[0.0,0.0,0.0,0.0,0.0,0.0,0.0,0.0,0.0,0.0,0.0,0.0,0.0,0.0199748,0.2240432,0.1114061,0.0398447,0.019435,0.0,0.0,0.0,0.0,0.0,0.0,0.0,0.0,0.0,0.0,0.0,0.0,0.0,0.0,0.0,0.0066323,0.0101046,0.0122474,0.0124654,0.1146028,0.2130366,0.2547162,0.0367534,0.0,0.0,0.0,0.0,0.0,0.0,0.0,0.0,0.0,0.0,0.0],"lower":[0.0,0.0,0.0,0.0,0.0,0.0,0.0,0.0,0.0,0.0,0.0,0.0,0.0,0.0068259,0.1301162,0.065739,0.0240484,0.0115861,0.0,0.0,0.0,0.0,0.0,0.0,0.0,0.0,0.0,0.0,0.0,0.0,0.0,0.0,0.0,0.0013119,0.0055015,0.0079417,0.0068452,0.0617149,0.1264141,0.1434009,0.0164472,0.0,0.0,0.0,0.0,0.0,0.0,0.0,0.0,0.0,0.0,0.0],"upper":[0.0,0.0,0.0,0.0,0.0,0.0,0.0,0.0,0.0,0.0,0.0,0.0,0.0,0.0393953,0.3716914,0.1763103,0.0574925,0.0274062,0.0,0.0,0.0,0.0,0.0,0.0,0.0,0.0,0.0,0.0,0.0,0.0,0.0,0.0,0.0,0.014042,0.0165977,0.0173826,0.0175918,0.1806926,0.3253424,0.4034273,0.0617327,0.0,0.0,0.0,0.0,0.0,0.0,0.0,0.0,0.0,0.0,0.0],"occurrence":[0.0,0.0,0.0,0.0,0.0,0.0,0.0,0.0,0.0,0.0,0.0,0.0,0.0,0.0121033,0.1317583,0.0708249,0.0251678,0.0130462,0.0,0.0,0.0,0.0,0.0,0.0,0.0,0.0,0.0,0.0,0.0,0.0,0.0,0.0,0.0,0.0049725,0.0074972,0.0084648,0.0086327,0.0774974,0.1547214,0.1856306,0.0281149,0.0,0.0,0.0,0.0,0.0,0.0,0.0,0.0,0.0,0.0,0.0],"regions":["south"]},"geometry":{"type":"Polygon","coordinates":[[[-84.09403,43.87273],[-83.76809,43.87273],[-83.62326,43.62259],[-83.94864,43.62259],[-84.09403,43.87273]]]}},{"type":"Feature","properties":{"cell_id":431.0,"area_km2":729.0,"elevation_m":180.8962402,"longitude":-83.5326438,"latitude":43.7475866,"abundance":[0.0,0.0,0.0,0.0,0.0,0.0,0.0,0.0,0.0,0.0,0.0,0.0,0.0,0.0036966,0.2104516,0.058485,0.0226633,0.0,0.0,0.0,0.0,0.0,0.0,0.0,0.0,0.0,0.0,0.0,0.0,0.0,0.0,0.0,0.0,0.0,0.0,0.0,0.0,0.0408696,0.0994766,0.1062409,0.0,0.0,0.0,0.0,0.0,0.0,0.0,0.0,0.0,0.0,0.0,0.0],"lower":[0.0,0.0,0.0,0.0,0.0,0.0,0.0,0.0,0.0,0.0,0.0,0.0,0.0,0.0008838,0.11782,0.0332163,0.012836,0.0,0.0,0.0,0.0,0.0,0.0,0.0,0.0,0.0,0.0,0.0,0.0,0.0,0.0,0.0,0.0,0.0,0.0,0.0,0.0,0.0226114,0.0610663,0.0586492,0.0,0.0,0.0,0.0,0.0,0.0,0.0,0.0,0.0,0.0,0.0,0.0],"upper":[0.0,0.0,0.0,0.0,0.0,0.0,0.0,0.0,0.0,0.0,0.0,0.0,0.0,0.0075325,0.3707466,0.0944551,0.03824,0.0,0.0,0.0,0.0,0.0,0.0,0.0,0.0,0.0,0.0,0.0,0.0,0.0,0.0,0.0,0.0,0.0,0.0,0.0,0.0,0.0644567,0.1500659,0.1710099,0.0,0.0,0.0,0.0,0.0,0.0,0.0,0.0,0.0,0.0,0.0,0.0],"occurrence":[0.0,0.0,0.0,0.0,0.0,0.0,0.0,0.0,0.0,0.0,0.0,0.0,0.0,0.002452,0.1253834,0.0325954,0.0144298,0.0,0.0,0.0,0.0,0.0,0.0,0.0,0.0,0.0,0.0,0.0,0.0,0.0,0.0,0.0,0.0,0.0,0.0,0.0,0.0,0.0257609,0.0687504,0.072493,0.0,0.0,0.0,0.0,0.0,0.0,0.0,0.0,0.0,0.0,0.0,0.0],"regions":["south"]},"geometry":{"type":"Polygon","coordinates":[[[-83.76809,43.87273],[-83.44214,43.87273],[-83.29788,43.62259],[-83.62326,43.62259],[-83.76809,43.87273]]]}},{"type":"Feature","properties":{"cell_id":432.0,"area_km2":729.0,"elevation_m":206.5446777,"longitude":-83.2069805,"latitude":43.7475866,"abundance":[0.0,0.0,0.0,0.0,0.0,0.0,0.0,0.0,0.0,0.0,0.0,0.0,0.0,0.0,0.2147288,0.0994973,0.0914888,0.0390984,0.0319057,0.0251604,0.0188564,0.0217418,0.0209095,0.0202487,0.0176337,0.0166446,0.0159082,0.0147598,0.0143699,0.0082546,0.0020841,0.0012949,0.0013867,0.0014248,0.0058908,0.0077185,0.0027326,0.0173513,0.0599148,0.0786263,0.0056158,0.0,0.0,0.0,0.0,0.0,0.0,0.0,0.0,0.0,0.0,0.0],"lower":[0.0,0.0,0.0,0.0,0.0,0.0,0.0,0.0,0.0,0.0,0.0,0.0,0.0,0.0,0.1010626,0.0493311,0.0450103,0.019972,0.0169775,0.0131957,0.0095899,0.0116625,0.0101186,0.0100555,0.0093606,0.0070687,0.0060921,0.0034525,0.000548,0.0005535,0.0,0.0,0.0,0.0,0.0009813,0.0019543,0.0007997,0.0091268,0.0331043,0.0425184,0.0025921,0.0,0.0,0.0,0.0,0.0,0.0,0.0,0.0,0.0,0.0,0.0],"upper":[0.0,0.0,0.0,0.0,0.0,0.0,0.0,0.0,0.0,0.0,0.0,0.0,0.0,0.0,0.3825427,0.1749879,0.1599692,0.0709132,0.0521778,0.0408489,0.0304009,0.0322929,0.0317202,0.0322998,0.0271837,0.0265593,0.0254251,0.024667,0.0270946,0.0157874,0.0054152,0.0041561,0.0048645,0.0048573,0.0125898,0.0138465,0.0053618,0.0276017,0.0928074,0.1352205,0.0117979,0.0,0.0,0.0,0.0,0.0,0.0,0.0,0.0,0.0,0.0,0.0],"occurrence":[0.0,0.0,0.0,0.0,0.0,0.0,0.0,0.0,0.0,0.0,0.0,0.0,0.0,0.0,0.1364809,0.0663452,0.0618955,0.0279898,0.0236864,0.01867,0.0146475,0.0170429,0.0155776,0.0143923,0.0119006,0.0111002,0.0100094,0.0094049,0.0093992,0.0056334,0.0015034,0.0008714,0.0009359,0.0010711,0.004297,0.005623,0.0017218,0.0127287,0.0452339,0.0569502,0.0042418,0.0,0.0,0.0,0.0,0.0,0.0,0.0,0.0,0.0,0.0,0.0],"regions":["south"]},"geometry":{"type":"Polygon","coordinates":[[[-83.44214,43.87273],[-83.11619,43.87273],[-82.97249,43.62259],[-83.29788,43.62259],[-83.44214,43.87273]]]}},{"type":"Feature","properties":{"cell_id":433.0,"area_km2":729.0,"elevation_m":226.512207,"longitude":-82.8813172,"latitude":43.7475866,"abundance":[0.0,0.0,0.0,0.0,0.0,0.0,0.0,0.0,0.0,0.0,0.0,0.0,0.0,0.0,0.2040506,0.1087325,0.1789871,0.0761232,0.0552131,0.0490806,0.0334118,0.0346518,0.0305115,0.025267,0.02206,0.0197849,0.0158779,0.0150287,0.0131538,0.0079686,0.0015847,0.0,0.0,0.0,0.0,0.0042242,0.0,0.0032214,0.0614155,0.0909724,0.0,0.0,0.0,0.0,0.0,0.0,0.0,0.0,0.0,0.0,0.0,0.0],"lower":[0.0,0.0,0.0,0.0,0.0,0.0,0.0,0.0,0.0,0.0,0.0,0.0,0.0,0.0,0.0891184,0.0503633,0.0885952,0.0347533,0.0249576,0.0211681,0.0139883,0.015622,0.0126087,0.0104539,0.0084276,0.0030217,0.0003257,0.0,0.0,0.0007413,0.0001329,0.0,0.0,0.0,0.0,0.0010228,0.0,0.0016061,0.0356638,0.0477533,0.0,0.0,0.0,0.0,0.0,0.0,0.0,0.0,0.0,0.0,0.0,0.0],"upper":[0.0,0.0,0.0,0.0,0.0,0.0,0.0,0.0,0.0,0.0,0.0,0.0,0.0,0.0,0.3782869,0.1927513,0.316827,0.1293905,0.0870913,0.0778011,0.0558742,0.0573151,0.0497127,0.0429213,0.0401774,0.0376398,0.0306576,0.0274667,0.0259739,0.0171047,0.0039101,0.0,0.0,0.0,0.0,0.009278,0.0,0.0055963,0.1015647,0.1563415,0.0,0.0,0.0,0.0,0.0,0.0,0.0,0.0,0.0,0.0,0.0,0.0],"occurrence":[0.0,0.0,0.0,0.0,0.0,0.0,0.0,0.0,0.0,0.0,0.0,0.0,0.0,0.0,0.1345349,0.0726156,0.1219054,0.0534534,0.0404349,0.0373938,0.0258569,0.0278015,0.0224381,0.0182468,0.0156402,0.0140331,0.0106539,0.0101554,0.0094761,0.0060217,0.0011677,0.0,0.0,0.0,0.0,0.0027778,0.0,0.0022637,0.0479893,0.0656256,0.0,0.0,0.0,0.0,0.0,0.0,0.0,0.0,0.0,0.0,0.0,0.0],"regions":["south"]},"geometry":{"type":"Polygon","coordinates":[[[-83.11619,43.87273],[-82.79025,43.87273],[-82.64711,43.62259],[-82.97249,43.62259],[-83.11619,43.87273]]]}},{"type":"Feature","properties":{"cell_id":434.0,"area_km2":729.0,"elevation_m":191.0779266,"longitude":-82.5556538,"latitude":43.7475866,"abundance":[0.0,0.0,0.0,0.0,0.0,0.0,0.0,0.0,0.0,0.0,0.0,0.0,0.0,0.0333355,0.1666079,0.041924,0.1067033,0.0101041,0.00813,0.0068993,0.0,0.0,0.0,0.0,0.0,0.0,0.0,0.0048531,0.0,0.0,0.0,0.0,0.0,0.0,0.0,0.0,0.0,0.0198456,0.1654904,0.1995113,0.0281355,0.0,0.0,0.0,0.0,0.0,0.0,0.0,0.0,0.0,0.0,0.0],"lower":[0.0,0.0,0.0,0.0,0.0,0.0,0.0,0.0,0.0,0.0,0.0,0.0,0.0,0.0038119,0.0773475,0.0170057,0.0562166,0.005006,0.0030517,0.0026247,0.0,0.0,0.0,0.0,0.0,0.0,0.0,0.0,0.0,0.0,0.0,0.0,0.0,0.0,0.0,0.0,0.0,0.0066295,0.0823565,0.1081037,0.0115496,0.0,0.0,0.0,0.0,0.0,0.0,0.0,0.0,0.0,0.0,0.0],"upper":[0.0,0.0,0.0,0.0,0.0,0.0,0.0,0.0,0.0,0.0,0.0,0.0,0.0,0.0809523,0.2968403,0.0807264,0.1915621,0.0179187,0.0151674,0.0142743,0.0,0.0,0.0,0.0,0.0,0.0,0.0,0.0106313,0.0,0.0,0.0,0.0,0.0,0.0,0.0,0.0,0.0,0.0375915,0.2628356,0.3223102,0.0565776,0.0,0.0,0.0,0.0,0.0,0.0,0.0,0.0,0.0,0.0,0.0],"occurrence":[0.0,0.0,0.0,0.0,0.0,0.0,0.0,0.0,0.0,0.0,0.0,0.0,0.0,0.0209135,0.1073122,0.0276182,0.0681861,0.007302,0.00636,0.0056526,0.0,0.0,0.0,0.0,0.0,0.0,0.0,0.0034447,0.0,0.0,0.0,0.0,0.0,0.0,0.0,0.0,0.0,0.0121276,0.1185935,0.129438,0.0185658,0.0,0.0,0.0,0.0,0.0,0.0,0.0,0.0,0.0,0.0,0.0],"regions":["south"]},"geometry":{"type":"Polygon","coordinates":[[[-82.79025,43.87273],[-82.4643,43.87273],[-82.32173,43.62259],[-82.64711,43.62259],[-82.79025,43.87273]]]}},{"type":"Feature","properties":{"cell_id":444.0,"area_km2":729.0,"elevation_m":183.3099518,"longitude":-86.6399107,"latitude":43.4977486,"abundance":[0.0,0.0,0.0,0.0,0.0,0.0,0.0,0.0,0.0,0.0,0.0,0.0,0.0,0.1285075,0.2296421,0.1991312,0.1462712,0.0,0.0,0.0,0.0,0.0,0.0,0.0,0.0,0.0,0.0,0.0,0.0,0.0,0.0,0.0,0.0,0.0,0.0,0.0,0.0,0.0,0.0367879,0.0407283,0.0317717,0.0,0.0,0.0,0.0,0.0,0.0,0.0,0.0,0.0,0.0,0.0],"lower":[0.0,0.0,0.0,0.0,0.0,0.0,0.0,0.0,0.0,0.0,0.0,0.0,0.0,0.0702433,0.1235095,0.1071711,0.0692622,0.0,0.0,0.0,0.0,0.0,0.0,0.0,0.0,0.0,0.0,0.0,0.0,0.0,0.0,0.0,0.0,0.0,0.0,0.0,0.0,0.0,0.0170681,0.019035,0.0131781,0.0,0.0,0.0,0.0,0.0,0.0,0.0,0.0,0.0,0.0,0.0],"upper":[0.0,0.0,0.0,0.0,0.0,0.0,0.0,0.0,0.0,0.0,0.0,0.0,0.0,0.2007561,0.3201512,0.2938303,0.2348912,0.0,0.0,0.0,0.0,0.0,0.0,0.0,0.0,0.0,0.0,0.0,0.0,0.0,0.0,0.0,0.0,0.0,0.0,0.0,0.0,0.0,0.060774,0.0669125,0.0602668,0.0,0.0,0.0,0.0,0.0,0.0,0.0,0.0,0.0,0.0,0.0],"occurrence":[0.0,0.0,0.0,0.0,0.0,0.0,0.0,0.0,0.0,0.0,0.0,0.0,0.0,0.0781659,0.1265392,0.1263525,0.0975392,0.0,0.0,0.0,0.0,0.0,0.0,0.0,0.0,0.0,0.0,0.0,0.0,0.0,0.0,0.0,0.0,0.0,0.0,0.0,0.0,0.0,0.0222904,0.024757,0.0205373,0.0,0.0,0.0,0.0,0.0,0.0,0.0,0.0,0.0,0.0,0.0],"regions":["south"]},"geometry":{"type":"Polygon","coordinates":[[[-86.87708,43.62259],[-86.5517,43.62259],[-86.40342,43.37305],[-86.72825,43.37305],[-86.87708,43.62259]]]}},{"type":"Feature","properties":{"cell_id":445.0,"area_km2":729.0,"elevation_m":216.4392548,"longitude":-86.3148078,"latitude":43.4977486,"abundance":[0.0,0.0,0.0,0.0,0.0,0.0,0.0,0.0,0.0,0.0,0.0,0.0,0.0,0.1158559,0.2788314,0.2629089,0.1800794,0.1143862,0.1056155,0.1011334,0.0836392,0.046818,0.0453763,0.0486464,0.0503049,0.0489503,0.051412,0.0315549,0.0350874,0.0422168,0.0226984,0.0200974,0.0229405,0.0190142,0.018606,0.0098878,0.0222644,0.0463323,0.1481537,0.1532623,0.044833,0.0,0.0,0.0,0.0,0.0,0.0,0.0,0.0,0.0,0.0,0.0],"lower":[0.0,0.0,0.0,0.0,0.0,0.0,0.0,0.0,0.0,0.0,0.0,0.0,0.0,0.0550784,0.1332483,0.1088171,0.0570582,0.0193027,0.0155267,0.0139366,0.0060422,0.0023025,0.0007218,0.000207,0.0,0.0,0.0,0.0,0.0,0.0,0.0,0.0,0.0,0.0,0.000254,0.0009969,0.0050811,0.0163753,0.0730052,0.0711838,0.0165974,0.0,0.0,0.0,0.0,0.0,0.0,0.0,0.0,0.0,0.0,0.0],"upper":[0.0,0.0,0.0,0.0,0.0,0.0,0.0,0.0,0.0,0.0,0.0,0.0,0.0,0.1909019,0.4976806,0.493584,0.3509052,0.2683972,0.2682799,0.2443291,0.1996714,0.129361,0.1167512,0.1198933,0.1403755,0.1644163,0.1560638,0.0967164,0.0960786,0.0962708,0.0562691,0.046438,0.0554094,0.0467183,0.0453817,0.0261699,0.0631156,0.0944033,0.2385445,0.2493376,0.0842002,0.0,0.0,0.0,0.0,0.0,0.0,0.0,0.0,0.0,0.0,0.0],"occurrence":[0.0,0.0,0.0,0.0,0.0,0.0,0.0,0.0,0.0,0.0,0.0,0.0,0.0,0.0824431,0.1949058,0.1857561,0.1225673,0.0785788,0.0776549,0.0785365,0.0648429,0.0370315,0.0351184,0.0381352,0.038496,0.0352869,0.035286,0.0222665,0.0228877,0.0271004,0.0160899,0.0136325,0.0166108,0.0151829,0.0152084,0.0084662,0.0188098,0.0381172,0.1143503,0.1180267,0.0349755,0.0,0.0,0.0,0.0,0.0,0.0,0.0,0.0,0.0,0.0,0.0],"regions":["south"]},"geometry":{"type":"Polygon","coordinates":[[[-86.5517,43.62259],[-86.22632,43.62259],[-86.0786,43.37305],[-86.40342,43.37305],[-86.5517,43.62259]]]}},{"type":"Feature","properties":{"cell_id":446.0,"area_km2":729.0,"elevation_m":244.1980438,"longitude":-85.989705,"latitude":43.4977486,"abundance":[0.0,0.0,0.0,0.0,0.0,0.0,0.0,0.0,0.0,0.0,0.0,0.0,0.0,0.0943825,0.2306249,0.2261743,0.1692527,0.1214784,0.115333,0.1146869,0.0896638,0.052203,0.0473716,0.0574663,0.0623284,0.0749218,0.0791733,0.0582572,0.050358,0.0491157,0.0355914,0.0357199,0.0298506,0.0259885,0.0246393,0.0205796,0.0338396,0.0450834,0.0933113,0.1030571,0.030771,0.0,0.0,0.0,0.0,0.0,0.0,0.0,0.0,0.0,0.0,0.0],"lower":[0.0,0.0,0.0,0.0,0.0,0.0,0.0,0.0,0.0,0.0,0.0,0.0,0.0,0.035279,0.1115596,0.0997521,0.0581779,0.0239779,0.0206326,0.0176951,0.0122572,0.0067906,0.0057268,0.0074816,0.0093661,0.0037309,0.0029292,0.0005709,0.0,0.0009632,0.0,0.0014758,0.0027317,0.0018661,0.0024867,0.0029592,0.0084245,0.016574,0.0518901,0.0571739,0.0132053,0.0,0.0,0.0,0.0,0.0,0.0,0.0,0.0,0.0,0.0,0.0],"upper":[0.0,0.0,0.0,0.0,0.0,0.0,0.0,0.0,0.0,0.0,0.0,0.0,0.0,0.1710268,0.3853881,0.3773244,0.2943335,0.2472567,0.230416,0.2106765,0.1749296,0.1011855,0.092838,0.1101736,0.133909,0.1671431,0.179097,0.1382752,0.1134922,0.1018844,0.071563,0.0713185,0.0656706,0.0584858,0.0557602,0.0473835,0.0841001,0.0889697,0.1454517,0.1642359,0.054877,0.0,0.0,0.0,0.0,0.0,0.0,0.0,0.0,0.0,0.0,0.0],"occurrence":[0.0,0.0,0.0,0.0,0.0,0.0,0.0,0.0,0.0,0.0,0.0,0.0,0.0,0.0676558,0.1571371,0.1527788,0.1159806,0.0893762,0.0888736,0.0925809,0.0735204,0.0431659,0.0387055,0.0471328,0.049049,0.0559418,0.0577023,0.0426141,0.034744,0.0345091,0.0265892,0.0251176,0.0216346,0.0205651,0.0204459,0.0177457,0.0291435,0.0386817,0.0772627,0.0855347,0.0261058,0.0,0.0,0.0,0.0,0.0,0.0,0.0,0.0,0.0,0.0,0.0],"regions":["south"]},"geometry":{"type":"Polygon","coordinates":[[[-86.22632,43.62259],[-85.90094,43.62259],[-85.75377,43.37305],[-86.0786,43.37305],[-86.22632,43.62259]]]}},{"type":"Feature","properties":{"cell_id":447.0,"area_km2":729.0,"elevation_m":275.7561646,"longitude":-85.6646021,"latitude":43.4977486,"abundance":[0.0,0.0,0.0,0.0,0.0,0.0,0.0,0.0,0.0,0.0,0.0,0.0,0.0,0.1946286,0.5139008,0.5026023,0.4224525,0.3182825,0.2734226,0.2742174,0.2012659,0.1741876,0.1564,0.1800433,0.1824514,0.1863929,0.1783497,0.1219499,0.1099459,0.1139748,0.1084651,0.1183035,0.1080991,0.0944151,0.0801987,0.0864989,0.0988728,0.110032,0.2026462,0.2210989,0.0963277,0.0,0.0,0.0,0.0,0.0,0.0,0.0,0.0,0.0,0.0,0.0],"lower":[0.0,0.0,0.0,0.0,0.0,0.0,0.0,0.0,0.0,0.0,0.0,0.0,0.0,0.072715,0.2298551,0.2046612,0.1492105,0.0743378,0.0539543,0.053683,0.0453419,0.0393919,0.0384754,0.0517508,0.0467632,0.0383358,0.0322971,0.0155013,0.0168692,0.0204595,0.0156019,0.0322834,0.0243482,0.0221772,0.0163831,0.0198384,0.0291677,0.0418252,0.1077414,0.1261577,0.0368012,0.0,0.0,0.0,0.0,0.0,0.0,0.0,0.0,0.0,0.0,0.0],"upper":[0.0,0.0,0.0,0.0,0.0,0.0,0.0,0.0,0.0,0.0,0.0,0.0,0.0,0.3701029,0.8583543,0.8254249,0.7329017,0.595594,0.5307454,0.5046346,0.3838499,0.3201706,0.285242,0.3273947,0.3541166,0.3774291,0.3619932,0.2564053,0.2280181,0.2230776,0.2021346,0.2246744,0.2176482,0.1931493,0.1767148,0.1783027,0.2061608,0.2156879,0.3406691,0.3542298,0.1675024,0.0,0.0,0.0,0.0,0.0,0.0,0.0,0.0,0.0,0.0,0.0],"occurrence":[0.0,0.0,0.0,0.0,0.0,0.0,0.0,0.0,0.0,0.0,0.0,0.0,0.0,0.1414931,0.3382973,0.3281318,0.2898944,0.2352784,0.2164369,0.22377,0.1683394,0.148227,0.1268554,0.1459988,0.1450913,0.1421798,0.126541,0.0873692,0.0778258,0.0816706,0.0881627,0.0911982,0.0840811,0.0787417,0.067632,0.0760211,0.0859181,0.0940971,0.168232,0.1831851,0.0793215,0.0,0.0,0.0,0.0,0.0,0.0,0.0,0.0,0.0,0.0,0.0],"regions":["south"]},"geometry":{"type":"Polygon","coordinates":[[[-85.90094,43.62259],[-85.57555,43.62259],[-85.42895,43.37305],[-85.75377,43.37305],[-85.90094,43.62259]]]}},{"type":"Feature","properties":{"cell_id":448.0,"area_km2":729.0,"elevation_m":296.1719666,"longitude":-85.3394992,"latitude":43.4977486,"abundance":[0.0,0.0,0.0,0.0,0.0,0.0,0.0,0.0,0.0,0.0,0.0,0.0,0.0,0.0778273,0.3036236,0.2806698,0.2247293,0.1458196,0.1174986,0.1093619,0.0488205,0.03923,0.0303709,0.0346328,0.0389292,0.0380079,0.0570794,0.0296157,0.0142568,0.0134371,0.01911,0.0207007,0.0204907,0.0188372,0.0133615,0.0161266,0.014487,0.0118907,0.1030152,0.1344996,0.0127812,0.0,0.0,0.0,0.0,0.0,0.0,0.0,0.0,0.0,0.0,0.0],"lower":[0.0,0.0,0.0,0.0,0.0,0.0,0.0,0.0,0.0,0.0,0.0,0.0,0.0,0.0219463,0.1460001,0.1324075,0.0984747,0.0505038,0.0330565,0.0342809,0.0163697,0.0118306,0.0106169,0.0126772,0.013549,0.0134955,0.0205014,0.0101171,0.0058716,0.0056306,0.0075729,0.0087242,0.0082559,0.0078994,0.0057377,0.0072163,0.0070871,0.0056426,0.052424,0.0700508,0.0046291,0.0,0.0,0.0,0.0,0.0,0.0,0.0,0.0,0.0,0.0,0.0],"upper":[0.0,0.0,0.0,0.0,0.0,0.0,0.0,0.0,0.0,0.0,0.0,0.0,0.0,0.1629758,0.5224789,0.4624991,0.3894399,0.2717064,0.2200104,0.1974431,0.0897715,0.0661908,0.0510724,0.0622561,0.0739045,0.0741623,0.1125059,0.0608613,0.0291534,0.0266232,0.0368924,0.0413715,0.0427518,0.0385053,0.0282468,0.0321321,0.0287981,0.0216092,0.169669,0.2116002,0.0228252,0.0,0.0,0.0,0.0,0.0,0.0,0.0,0.0,0.0,0.0,0.0],"occurrence":[0.0,0.0,0.0,0.0,0.0,0.0,0.0,0.0,0.0,0.0,0.0,0.0,0.0,0.0556087,0.2038765,0.1907683,0.1601705,0.1067145,0.0917781,0.0862537,0.0410999,0.0329789,0.0244502,0.0273547,0.0305747,0.0296814,0.0422829,0.0218097,0.0097164,0.0094346,0.0147441,0.0162892,0.0164447,0.0154776,0.0112965,0.0138001,0.0121167,0.0099707,0.0859265,0.112404,0.0110234,0.0,0.0,0.0,0.0,0.0,0.0,0.0,0.0,0.0,0.0,0.0],"regions":["south"]},"geometry":{"type":"Polygon","coordinates":[[[-85.57555,43.62259],[-85.25017,43.62259],[-85.10412,43.37305],[-85.42895,43.37305],[-85.57555,43.62259]]]}},{"type":"Feature","properties":{"cell_id":449.0,"area_km2":729.0,"elevation_m":282.7032776,"longitude":-85.0143964,"latitude":43.4977486,"abundance":[0.0,0.0,0.0,0.0,0.0,0.0,0.0,0.0,0.0,0.0,0.0,0.0,0.0,0.1295177,0.3141199,0.3091318,0.2456084,0.1897774,0.090186,0.0706757,0.0288179,0.0212798,0.0172255,0.0181963,0.0278092,0.0277881,0.0461489,0.034346,0.0073979,0.0036979,0.0027195,0.0,0.0,0.0,0.0,0.0015939,0.0,0.0155252,0.0876703,0.1467494,0.0041795,0.0,0.0,0.0,0.0,0.0,0.0,0.0,0.0,0.0,0.0,0.0],"lower":[0.0,0.0,0.0,0.0,0.0,0.0,0.0,0.0,0.0,0.0,0.0,0.0,0.0,0.05157,0.1691255,0.1677309,0.1242694,0.0798962,0.0342866,0.0282441,0.0138319,0.0106649,0.0089382,0.0096476,0.0148705,0.0153713,0.0242472,0.0157121,0.0030823,0.0012555,0.0005851,0.0,0.0,0.0,0.0,0.000623,0.0,0.0070319,0.0447963,0.0788676,0.0016579,0.0,0.0,0.0,0.0,0.0,0.0,0.0,0.0,0.0,0.0,0.0],"upper":[0.0,0.0,0.0,0.0,0.0,0.0,0.0,0.0,0.0,0.0,0.0,0.0,0.0,0.234341,0.4834278,0.4508639,0.3664709,0.3002139,0.1467281,0.1185768,0.0455307,0.032806,0.0267274,0.0294865,0.0462707,0.0440268,0.0802073,0.0659312,0.0144626,0.0066212,0.0051188,0.0,0.0,0.0,0.0,0.003165,0.0,0.0254535,0.1457194,0.2344847,0.0078455,0.0,0.0,0.0,0.0,0.0,0.0,0.0,0.0,0.0,0.0,0.0],"occurrence":[0.0,0.0,0.0,0.0,0.0,0.0,0.0,0.0,0.0,0.0,0.0,0.0,0.0,0.0900984,0.2136643,0.2230426,0.1842967,0.1443635,0.0736922,0.0599212,0.0251905,0.0185666,0.0141237,0.0142741,0.0212197,0.0210109,0.033273,0.0241088,0.0051493,0.0025494,0.0020373,0.0,0.0,0.0,0.0,0.001329,0.0,0.0130762,0.0744122,0.1236487,0.0036101,0.0,0.0,0.0,0.0,0.0,0.0,0.0,0.0,0.0,0.0,0.0],"regions":["south"]},"geometry":{"type":"Polygon","coordinates":[[[-85.25017,43.62259],[-84.92479,43.62259],[-84.7793,43.37305],[-85.10412,43.37305],[-85.25017,43.62259]]]}},{"type":"Feature","properties":{"cell_id":450.0,"area_km2":729.0,"elevation_m":235.144516,"longitude":-84.6892935,"latitude":43.4977486,"abundance":[0.0,0.0,0.0,0.0,0.0,0.0,0.0,0.0,0.0,0.0,0.0,0.0,0.0,0.0888719,0.1844393,0.1762619,0.1578735,0.1517186,0.1127413,0.0907928,0.0607678,0.0430441,0.0371507,0.0368437,0.0408706,0.042849,0.0457337,0.0454445,0.030209,0.0231336,0.0219165,0.0218965,0.0242246,0.0247173,0.0269018,0.0334201,0.0321203,0.0421938,0.0998202,0.15051,0.0162827,0.0,0.0,0.0,0.0,0.0,0.0,0.0,0.0,0.0,0.0,0.0],"lower":[0.0,0.0,0.0,0.0,0.0,0.0,0.0,0.0,0.0,0.0,0.0,0.0,0.0,0.0405683,0.1130845,0.1156123,0.1016999,0.1022615,0.0641367,0.0500215,0.0320464,0.02356,0.0202881,0.0214568,0.0233292,0.0237015,0.0252681,0.021468,0.0106158,0.0070009,0.0073685,0.0091817,0.0111323,0.0132747,0.0133335,0.0171577,0.0139317,0.0219956,0.0564141,0.0876668,0.0068291,0.0,0.0,0.0,0.0,0.0,0.0,0.0,0.0,0.0,0.0,0.0],"upper":[0.0,0.0,0.0,0.0,0.0,0.0,0.0,0.0,0.0,0.0,0.0,0.0,0.0,0.1535073,0.2711878,0.255591,0.2232861,0.2218319,0.1624403,0.132648,0.0940151,0.0691763,0.05525,0.0547277,0.061703,0.0649773,0.071073,0.0761499,0.0549416,0.0452697,0.0460556,0.0456738,0.046427,0.0454211,0.0462601,0.0589849,0.0560648,0.0697357,0.160218,0.2319671,0.0295187,0.0,0.0,0.0,0.0,0.0,0.0,0.0,0.0,0.0,0.0,0.0],"occurrence":[0.0,0.0,0.0,0.0,0.0,0.0,0.0,0.0,0.0,0.0,0.0,0.0,0.0,0.0558231,0.1065812,0.1095515,0.0958162,0.0916515,0.0734034,0.0616683,0.0434315,0.0333783,0.0294266,0.0270682,0.0300728,0.0317669,0.0310223,0.0272577,0.0173518,0.0130016,0.0146276,0.0153234,0.0179864,0.0187268,0.0205364,0.0264997,0.0243254,0.0321681,0.0781635,0.1198287,0.0133055,0.0,0.0,0.0,0.0,0.0,0.0,0.0,0.0,0.0,0.0,0.0],"regions":["south"]},"geometry":{"type":"Polygon","coordinates":[[[-84.92479,43.62259],[-84.59941,43.62259],[-84.45447,43.37305],[-84.7793,43.37305],[-84.92479,43.62259]]]}},{"type":"Feature","properties":{"cell_id":451.0,"area_km2":729.0,"elevation_m":203.8322906,"longitude":-84.3641907,"latitude":43.4977486,"abundance":[0.0,0.0,0.0,0.0,0.0,0.0,0.0,0.0,0.0,0.0,0.0,0.0,0.0,0.2466091,0.5577809,0.5557761,0.5512123,0.5127955,0.4046955,0.3238298,0.2395293,0.1857649,0.1577449,0.1566073,0.1567409,0.1690587,0.1770057,0.159887,0.1282528,0.1102944,0.1065293,0.116928,0.1284167,0.1388039,0.1455019,0.1634301,0.1485216,0.1728262,0.2417332,0.2623931,0.0809856,0.0,0.0,0.0,0.0,0.0,0.0,0.0,0.0,0.0,0.0,0.0],"lower":[0.0,0.0,0.0,0.0,0.0,0.0,0.0,0.0,0.0,0.0,0.0,0.0,0.0,0.108622,0.3185646,0.3373911,0.3406619,0.3101571,0.2165299,0.1717245,0.1221812,0.0963227,0.087594,0.0872681,0.0803964,0.0833011,0.078571,0.0595673,0.0493795,0.039124,0.0385097,0.0454152,0.0562352,0.0678312,0.0667081,0.0787195,0.0609235,0.0884376,0.1465992,0.1599378,0.0353137,0.0,0.0,0.0,0.0,0.0,0.0,0.0,0.0,0.0,0.0,0.0],"upper":[0.0,0.0,0.0,0.0,0.0,0.0,0.0,0.0,0.0,0.0,0.0,0.0,0.0,0.4284962,0.8221464,0.780156,0.7627656,0.7388561,0.5866072,0.486332,0.3592869,0.290279,0.2438951,0.248199,0.2471916,0.266677,0.2854747,0.266439,0.2259318,0.2038047,0.1995344,0.2090313,0.2103336,0.2210872,0.2281751,0.2531627,0.2397808,0.2663431,0.3625037,0.3863861,0.1365739,0.0,0.0,0.0,0.0,0.0,0.0,0.0,0.0,0.0,0.0,0.0],"occurrence":[0.0,0.0,0.0,0.0,0.0,0.0,0.0,0.0,0.0,0.0,0.0,0.0,0.0,0.1460836,0.293715,0.2972845,0.2787083,0.2637127,0.2402268,0.2031381,0.1591946,0.1347157,0.1139454,0.1080657,0.1093845,0.1141188,0.0997628,0.0844603,0.0661936,0.0541508,0.0571374,0.0645964,0.0807456,0.0924574,0.1023841,0.1170355,0.102037,0.1199662,0.1768324,0.1999384,0.065446,0.0,0.0,0.0,0.0,0.0,0.0,0.0,0.0,0.0,0.0,0.0],"regions":["south"]},"geometry":{"type":"Polygon","coordinates":[[[-84.59941,43.62259],[-84.27402,43.62259],[-84.12965,43.37305],[-84.45447,43.37305],[-84.59941,43.62259]]]}},{"type":"Feature","properties":{"cell_id":452.0,"area_km2":729.0,"elevation_m":186.8154907,"longitude":-84.0390878,"latitude":43.4977486,"abundance":[0.0,0.0,0.0,0.0,0.0,0.0,0.0,0.0,0.0,0.0,0.0,0.0,0.0,0.0243264,0.0755274,0.0395641,0.0282825,0.0231144,0.0150833,0.0078961,0.0060428,0.0050296,0.0018803,0.0015817,0.0,0.002116,0.0020256,0.0017833,0.0,0.0,0.0,0.0,0.0,0.0,0.0,0.0,0.0,0.0022228,0.097984,0.1624184,0.0312322,0.0,0.0,0.0,0.0,0.0,0.0,0.0,0.0,0.0,0.0,0.0],"lower":[0.0,0.0,0.0,0.0,0.0,0.0,0.0,0.0,0.0,0.0,0.0,0.0,0.0,0.0091314,0.0412,0.0221127,0.0153092,0.0122217,0.0077376,0.0041552,0.0028465,0.0024414,0.0007823,0.0004849,0.0,0.0009852,0.0009804,0.0007935,0.0,0.0,0.0,0.0,0.0,0.0,0.0,0.0,0.0,0.0011154,0.0517987,0.0914233,0.0148881,0.0,0.0,0.0,0.0,0.0,0.0,0.0,0.0,0.0,0.0,0.0],"upper":[0.0,0.0,0.0,0.0,0.0,0.0,0.0,0.0,0.0,0.0,0.0,0.0,0.0,0.0493758,0.1296788,0.0598447,0.0440995,0.0365646,0.0243077,0.0120098,0.0101345,0.008636,0.0031453,0.0027462,0.0,0.0034398,0.0034409,0.003056,0.0,0.0,0.0,0.0,0.0,0.0,0.0,0.0,0.0,0.0038807,0.1554525,0.2580911,0.0560579,0.0,0.0,0.0,0.0,0.0,0.0,0.0,0.0,0.0,0.0,0.0],"occurrence":[0.0,0.0,0.0,0.0,0.0,0.0,0.0,0.0,0.0,0.0,0.0,0.0,0.0,0.0183335,0.0530699,0.0286434,0.0204672,0.0172582,0.0116708,0.0065689,0.0050608,0.0043061,0.0017108,0.0013482,0.0,0.0015731,0.0013892,0.0012928,0.0,0.0,0.0,0.0,0.0,0.0,0.0,0.0,0.0,0.0018328,0.0744094,0.1201766,0.0243747,0.0,0.0,0.0,0.0,0.0,0.0,0.0,0.0,0.0,0.0,0.0],"regions":["south"]},"geometry":{"type":"Polygon","coordinates":[[[-84.27402,43.62259],[-83.94864,43.62259],[-83.80482,43.37305],[-84.12965,43.37305],[-84.27402,43.62259]]]}},{"type":"Feature","properties":{"cell_id":453.0,"area_km2":729.0,"elevation_m":187.4825897,"longitude":-83.713985,"latitude":43.4977486,"abundance":[0.0,0.0,0.0,0.0,0.0,0.0,0.0,0.0,0.0,0.0,0.0,0.0,0.0,0.0076798,0.0720542,0.026314,0.0148636,0.0146507,0.0162934,0.0124129,0.0106839,0.0099458,0.0097582,0.0085801,0.0082113,0.0079307,0.0078065,0.0063237,0.0035127,0.0031574,0.0024231,0.0,0.0028012,0.0035914,0.0065769,0.0076245,0.0045091,0.0121491,0.0468238,0.0645178,0.00902,0.0,0.0,0.0,0.0,0.0,0.0,0.0,0.0,0.0,0.0,0.0],"lower":[0.0,0.0,0.0,0.0,0.0,0.0,0.0,0.0,0.0,0.0,0.0,0.0,0.0,0.0016659,0.0392174,0.0139177,0.0076649,0.0057023,0.0053307,0.0037424,0.003105,0.002678,0.0028506,0.002991,0.002775,0.0019805,0.0013748,0.0006166,0.0,0.0,0.0,0.0,5.42e-05,0.0001207,0.0004378,0.0004335,0.0005528,0.004775,0.0270151,0.0364945,0.0046187,0.0,0.0,0.0,0.0,0.0,0.0,0.0,0.0,0.0,0.0,0.0],"upper":[0.0,0.0,0.0,0.0,0.0,0.0,0.0,0.0,0.0,0.0,0.0,0.0,0.0,0.0197673,0.1384473,0.0485547,0.0316899,0.0319868,0.0344684,0.0256776,0.0237148,0.0209892,0.0206923,0.0199896,0.0188289,0.0192656,0.0186976,0.0155872,0.0098577,0.0090552,0.0080993,0.0,0.0099696,0.0106908,0.0170349,0.0183441,0.0110205,0.0213737,0.070529,0.1094733,0.0150885,0.0,0.0,0.0,0.0,0.0,0.0,0.0,0.0,0.0,0.0,0.0],"occurrence":[0.0,0.0,0.0,0.0,0.0,0.0,0.0,0.0,0.0,0.0,0.0,0.0,0.0,0.0052118,0.0491686,0.0194517,0.0114185,0.0110244,0.0120845,0.0095652,0.0086043,0.0081333,0.0079287,0.0069294,0.0064167,0.0056618,0.0048013,0.0039832,0.0023895,0.0022179,0.001714,0.0,0.0019823,0.0025379,0.0044791,0.005776,0.0032324,0.0092999,0.0350882,0.0477492,0.0073497,0.0,0.0,0.0,0.0,0.0,0.0,0.0,0.0,0.0,0.0,0.0],"regions":["south"]},"geometry":{"type":"Polygon","coordinates":[[[-83.94864,43.62259],[-83.62326,43.62259],[-83.48,43.37305],[-83.80482,43.37305],[-83.94864,43.62259]]]}},{"type":"Feature","properties":{"cell_id":454.0,"area_km2":729.0,"elevation_m":215.616394,"longitude":-83.3888821,"latitude":43.4977486,"abundance":[0.0,0.0,0.0,0.0,0.0,0.0,0.0,0.0,0.0,0.0,0.0,0.0,0.0,0.0031662,0.2102261,0.1575025,0.1491042,0.1414459,0.1367698,0.1201161,0.0992052,0.0988287,0.0981975,0.0879502,0.080217,0.0826649,0.0702034,0.0580723,0.0454912,0.0307305,0.0178362,0.0063953,0.0151037,0.015029,0.0320431,0.0366101,0.0222559,0.0871954,0.1628092,0.1770554,0.061018,0.0,0.0,0.0,0.0,0.0,0.0,0.0,0.0,0.0,0.0,0.0],"lower":[0.0,0.0,0.0,0.0,0.0,0.0,0.0,0.0,0.0,0.0,0.0,0.0,0.0,0.0005934,0.1034664,0.0855363,0.079781,0.0587766,0.0571482,0.0440155,0.0313373,0.0273544,0.030153,0.0328098,0.0324879,0.0276017,0.0166433,0.0080238,0.0010795,0.0001849,0.0,0.0,0.000106,0.0003627,0.0018526,0.0023793,0.00229,0.0395845,0.0895022,0.0962502,0.027026,0.0,0.0,0.0,0.0,0.0,0.0,0.0,0.0,0.0,0.0,0.0],"upper":[0.0,0.0,0.0,0.0,0.0,0.0,0.0,0.0,0.0,0.0,0.0,0.0,0.0,0.009432,0.4591557,0.3386595,0.3297984,0.301657,0.2755719,0.2452738,0.2041664,0.2062702,0.2037674,0.1881615,0.1667754,0.1756866,0.1449564,0.1238484,0.1078469,0.0834281,0.0635229,0.0272761,0.0539754,0.0549907,0.0764949,0.0772784,0.0541473,0.1577641,0.2463024,0.2836825,0.1076531,0.0,0.0,0.0,0.0,0.0,0.0,0.0,0.0,0.0,0.0,0.0],"occurrence":[0.0,0.0,0.0,0.0,0.0,0.0,0.0,0.0,0.0,0.0,0.0,0.0,0.0,0.0023003,0.1521654,0.1223343,0.1176562,0.108152,0.1049564,0.0956063,0.0801139,0.0816486,0.0790335,0.0707218,0.0627386,0.0607659,0.0466669,0.0375885,0.0302531,0.0219199,0.0132122,0.0044667,0.0111524,0.0103451,0.0230191,0.0259064,0.0166117,0.0703027,0.1328339,0.1381606,0.0494342,0.0,0.0,0.0,0.0,0.0,0.0,0.0,0.0,0.0,0.0,0.0],"regions":["south"]},"geometry":{"type":"Polygon","coordinates":[[[-83.62326,43.62259],[-83.29788,43.62259],[-83.15517,43.37305],[-83.48,43.37305],[-83.62326,43.62259]]]}},{"type":"Feature","properties":{"cell_id":455.0,"area_km2":729.0,"elevation_m":235.9849701,"longitude":-83.0637793,"latitude":43.4977486,"abundance":[0.0,0.0,0.0,0.0,0.0,0.0,0.0,0.0,0.0,0.0,0.0,0.0,0.0,0.0,0.1715637,0.128077,0.130387,0.106341,0.1029484,0.0883053,0.0604514,0.0651305,0.0556748,0.0446428,0.039775,0.0338256,0.028046,0.0278227,0.0285744,0.0152116,0.0047371,0.0011222,0.0013991,0.0011781,0.0113645,0.0147616,0.0048289,0.0249986,0.0825157,0.1059694,0.0065418,0.0,0.0,0.0,0.0,0.0,0.0,0.0,0.0,0.0,0.0,0.0],"lower":[0.0,0.0,0.0,0.0,0.0,0.0,0.0,0.0,0.0,0.0,0.0,0.0,0.0,0.0,0.0789922,0.0632666,0.064966,0.0469501,0.0477519,0.0367493,0.0221537,0.022173,0.0206882,0.0190384,0.0177108,0.0122279,0.0077535,0.0040422,0.0013454,0.0004528,0.0,0.0,0.0,0.0,0.000779,0.0022348,0.0007081,0.0117023,0.0443152,0.0530418,0.0026516,0.0,0.0,0.0,0.0,0.0,0.0,0.0,0.0,0.0,0.0,0.0],"upper":[0.0,0.0,0.0,0.0,0.0,0.0,0.0,0.0,0.0,0.0,0.0,0.0,0.0,0.0,0.3532993,0.2362954,0.238583,0.1989612,0.1793415,0.1555259,0.1107006,0.115224,0.0979405,0.0857572,0.075218,0.0677987,0.0564926,0.055152,0.0624358,0.0357341,0.0164807,0.0067451,0.0069327,0.0072422,0.0294504,0.0325541,0.0119376,0.0433067,0.1322034,0.1796045,0.012239,0.0,0.0,0.0,0.0,0.0,0.0,0.0,0.0,0.0,0.0,0.0],"occurrence":[0.0,0.0,0.0,0.0,0.0,0.0,0.0,0.0,0.0,0.0,0.0,0.0,0.0,0.0,0.1226536,0.0960823,0.0952918,0.08069,0.0786393,0.0698546,0.0483288,0.053812,0.0436417,0.0342074,0.029382,0.0236083,0.0182486,0.017603,0.0190382,0.010656,0.0034171,0.0007818,0.001006,0.0006917,0.0084154,0.010963,0.0035156,0.0192647,0.0656336,0.0795083,0.0054083,0.0,0.0,0.0,0.0,0.0,0.0,0.0,0.0,0.0,0.0,0.0],"regions":["south"]},"geometry":{"type":"Polygon","coordinates":[[[-83.29788,43.62259],[-82.97249,43.62259],[-82.83035,43.37305],[-83.15517,43.37305],[-83.29788,43.62259]]]}},{"type":"Feature","properties":{"cell_id":456.0,"area_km2":729.0,"elevation_m":224.554184,"longitude":-82.7386764,"latitude":43.4977486,"abundance":[0.0,0.0,0.0,0.0,0.0,0.0,0.0,0.0,0.0,0.0,0.0,0.0,0.0,0.0045736,0.120858,0.0788671,0.1065433,0.0670035,0.0689272,0.0645928,0.0525592,0.050159,0.0392718,0.0376275,0.0355926,0.0389351,0.0337052,0.0311384,0.0241199,0.0150635,0.0040309,0.0010714,0.0011744,0.0012346,0.0044786,0.0136866,0.0028995,0.0232775,0.0620307,0.1100995,0.0085166,0.0,0.0,0.0,0.0,0.0,0.0,0.0,0.0,0.0,0.0,0.0],"lower":[0.0,0.0,0.0,0.0,0.0,0.0,0.0,0.0,0.0,0.0,0.0,0.0,0.0,0.000986,0.0498019,0.0366174,0.0561152,0.0306399,0.0329697,0.0322253,0.0228486,0.0202908,0.0172664,0.0144416,0.013271,0.0101268,0.0020204,0.0,0.0,0.0,0.0,0.0,0.0,0.0,0.0,0.0029496,0.0004963,0.0106813,0.0352027,0.058571,0.0032832,0.0,0.0,0.0,0.0,0.0,0.0,0.0,0.0,0.0,0.0,0.0],"upper":[0.0,0.0,0.0,0.0,0.0,0.0,0.0,0.0,0.0,0.0,0.0,0.0,0.0,0.0079371,0.23746,0.1526672,0.1975653,0.1200528,0.1157961,0.1058671,0.0889747,0.0877282,0.0708096,0.0667598,0.0618914,0.0697554,0.0621755,0.0571421,0.0540157,0.0413645,0.0155206,0.0054073,0.0065047,0.0063306,0.0176888,0.0343745,0.0072655,0.0434855,0.0977464,0.191414,0.0156994,0.0,0.0,0.0,0.0,0.0,0.0,0.0,0.0,0.0,0.0,0.0],"occurrence":[0.0,0.0,0.0,0.0,0.0,0.0,0.0,0.0,0.0,0.0,0.0,0.0,0.0,0.0023523,0.0806911,0.0539995,0.076003,0.0492035,0.0533156,0.0512562,0.0420716,0.0417536,0.0310028,0.0273591,0.025871,0.0278584,0.0235397,0.0211053,0.0172688,0.0117009,0.0029764,0.0007067,0.0009187,0.0009537,0.0030368,0.0093838,0.0018625,0.0165443,0.0453661,0.0753479,0.0056488,0.0,0.0,0.0,0.0,0.0,0.0,0.0,0.0,0.0,0.0,0.0],"regions":["south"]},"geometry":{"type":"Polygon","coordinates":[[[-82.97249,43.62259],[-82.64711,43.62259],[-82.50552,43.37305],[-82.83035,43.37305],[-82.97249,43.62259]]]}},{"type":"Feature","properties":{"cell_id":457.0,"area_km2":712.1060254,"elevation_m":183.0952606,"longitude":-82.4183353,"latitude":43.5002475,"abundance":[0.0,0.0,0.0,0.0,0.0,0.0,0.0,0.0,0.0,0.0,0.0,0.0,0.0,0.1561808,0.4114902,0.2904571,0.1202834,0.0355047,0.0302099,0.029965,0.0264188,0.0294709,0.0284191,0.0352301,0.0315413,0.0318672,0.0269908,0.0213957,0.0159958,0.0,0.0,0.0,0.0,0.0,0.0,0.0,0.0,0.072359,0.3202708,0.3309714,0.08119,0.0,0.0,0.0,0.0,0.0,0.0,0.0,0.0,0.0,0.0,0.0],"lower":[0.0,0.0,0.0,0.0,0.0,0.0,0.0,0.0,0.0,0.0,0.0,0.0,0.0,0.037199,0.1803712,0.1146536,0.0569215,0.0180398,0.0136704,0.0133615,0.0106762,0.0112843,0.0108963,0.0116117,0.0098271,0.0,0.0,0.0,0.0,0.0,0.0,0.0,0.0,0.0,0.0,0.0,0.0,0.0260855,0.1679234,0.185269,0.0371884,0.0,0.0,0.0,0.0,0.0,0.0,0.0,0.0,0.0,0.0,0.0],"upper":[0.0,0.0,0.0,0.0,0.0,0.0,0.0,0.0,0.0,0.0,0.0,0.0,0.0,0.3028906,0.6610421,0.5081588,0.2099363,0.0610244,0.055889,0.0516882,0.0497894,0.04937,0.0517489,0.0567058,0.0546324,0.0540299,0.0511519,0.0445905,0.0453284,0.0,0.0,0.0,0.0,0.0,0.0,0.0,0.0,0.1419472,0.5127259,0.5164092,0.1400551,0.0,0.0,0.0,0.0,0.0,0.0,0.0,0.0,0.0,0.0,0.0],"occurrence":[0.0,0.0,0.0,0.0,0.0,0.0,0.0,0.0,0.0,0.0,0.0,0.0,0.0,0.0894716,0.2441991,0.1774244,0.0761822,0.0246415,0.0241046,0.0253166,0.0216201,0.0247852,0.0217966,0.0248797,0.0223555,0.0218408,0.0201355,0.0151094,0.0128529,0.0,0.0,0.0,0.0,0.0,0.0,0.0,0.0,0.0483162,0.2275358,0.2137703,0.0560583,0.0,0.0,0.0,0.0,0.0,0.0,0.0,0.0,0.0,0.0,0.0],"regions":["south"]},"geometry":{"type":"Polygon","coordinates":[[[-82.64711,43.62259],[-82.32173,43.62259],[-82.21352,43.43132],[-82.24511,43.37305],[-82.50552,43.37305],[-82.64711,43.62259]]]}},{"type":"Feature","properties":{"cell_id":467.0,"area_km2":729.0,"elevation_m":179.703598,"longitude":-86.492155,"latitude":43.2484995,"abundance":[0.0,0.0,0.0,0.0,0.0,0.0,0.0,0.0,0.0,0.0,0.0,0.0,0.0,0.3113116,0.4779394,0.4032479,0.1732993,0.0,0.0,0.0,0.0,0.0,0.0,0.0,0.0,0.0,0.0,0.0,0.0,0.0,0.0,0.0,0.0,0.0,0.0,0.0,0.0,0.0,0.1951547,0.2349406,0.1846702,0.0,0.0,0.0,0.0,0.0,0.0,0.0,0.0,0.0,0.0,0.0],"lower":[0.0,0.0,0.0,0.0,0.0,0.0,0.0,0.0,0.0,0.0,0.0,0.0,0.0,0.1972924,0.3448959,0.2659576,0.0877182,0.0,0.0,0.0,0.0,0.0,0.0,0.0,0.0,0.0,0.0,0.0,0.0,0.0,0.0,0.0,0.0,0.0,0.0,0.0,0.0,0.0,0.0922063,0.116795,0.0760183,0.0,0.0,0.0,0.0,0.0,0.0,0.0,0.0,0.0,0.0,0.0],"upper":[0.0,0.0,0.0,0.0,0.0,0.0,0.0,0.0,0.0,0.0,0.0,0.0,0.0,0.4384202,0.6336379,0.5523968,0.2717512,0.0,0.0,0.0,0.0,0.0,0.0,0.0,0.0,0.0,0.0,0.0,0.0,0.0,0.0,0.0,0.0,0.0,0.0,0.0,0.0,0.0,0.3065373,0.3489319,0.3204071,0.0,0.0,0.0,0.0,0.0,0.0,0.0,0.0,0.0,0.0,0.0],"occurrence":[0.0,0.0,0.0,0.0,0.0,0.0,0.0,0.0,0.0,0.0,0.0,0.0,0.0,0.2167215,0.3242467,0.3005168,0.1381927,0.0,0.0,0.0,0.0,0.0,0.0,0.0,0.0,0.0,0.0,0.0,0.0,0.0,0.0,0.0,0.0,0.0,0.0,0.0,0.0,0.0,0.1146979,0.138672,0.1185963,0.0,0.0,0.0,0.0,0.0,0.0,0.0,0.0,0.0,0.0,0.0],"regions":["south"]},"geometry":{"type":"Polygon","coordinates":[[[-86.72825,43.37305],[-86.40342,43.37305],[-86.25674,43.12409],[-86.58101,43.12409],[-86.72825,43.37305]]]}},{"type":"Feature","properties":{"cell_id":468.0,"area_km2":729.0,"elevation_m":199.9219513,"longitude":-86.1676066,"latitude":43.2484995,"abundance":[0.0,0.0,0.0,0.0,0.0,0.0,0.0,0.0,0.0,0.0,0.0,0.0,0.0,0.1575652,0.2445819,0.1968636,0.0579041,0.0084111,0.0079338,0.0085598,0.0045773,0.0025904,0.0023508,0.0032107,0.0031795,0.0016209,0.0019825,0.0,0.0,0.0,0.0,0.0,0.0028701,0.0022009,0.0015039,0.0013114,0.0026808,0.0058204,0.0998057,0.1330153,0.0567953,0.0,0.0,0.0,0.0,0.0,0.0,0.0,0.0,0.0,0.0,0.0],"lower":[0.0,0.0,0.0,0.0,0.0,0.0,0.0,0.0,0.0,0.0,0.0,0.0,0.0,0.0878491,0.1484228,0.1104887,0.027322,0.0024406,0.0022426,0.0016617,0.0001437,0.0,0.0,0.0,0.0,0.0,0.0,0.0,0.0,0.0,0.0,0.0,0.0,0.0,0.0,3.64e-05,0.0005838,0.0020641,0.0533583,0.0678848,0.0232882,0.0,0.0,0.0,0.0,0.0,0.0,0.0,0.0,0.0,0.0,0.0],"upper":[0.0,0.0,0.0,0.0,0.0,0.0,0.0,0.0,0.0,0.0,0.0,0.0,0.0,0.2324966,0.360788,0.3097075,0.106298,0.0299706,0.0351292,0.0449139,0.0211669,0.0152818,0.0136935,0.0182224,0.0174251,0.0130652,0.0135898,0.0,0.0,0.0,0.0,0.0,0.0088,0.0078384,0.0063331,0.0052008,0.0101634,0.0133757,0.1541672,0.2074699,0.0994872,0.0,0.0,0.0,0.0,0.0,0.0,0.0,0.0,0.0,0.0,0.0],"occurrence":[0.0,0.0,0.0,0.0,0.0,0.0,0.0,0.0,0.0,0.0,0.0,0.0,0.0,0.1220156,0.1839022,0.1524721,0.0468561,0.0069679,0.0068644,0.0077264,0.0040973,0.0023291,0.0019576,0.0026569,0.002216,0.0012512,0.0013917,0.0,0.0,0.0,0.0,0.0,0.0022338,0.0017405,0.0012494,0.0011067,0.0021247,0.0047804,0.0795277,0.1048817,0.0471512,0.0,0.0,0.0,0.0,0.0,0.0,0.0,0.0,0.0,0.0,0.0],"regions":["south"]},"geometry":{"type":"Polygon","coordinates":[[[-86.40342,43.37305],[-86.0786,43.37305],[-85.93246,43.12409],[-86.25674,43.12409],[-86.40342,43.37305]]]}},{"type":"Feature","properties":{"cell_id":469.0,"area_km2":729.0,"elevation_m":233.7192688,"longitude":-85.8430582,"latitude":43.2484995,"abundance":[0.0,0.0,0.0,0.0,0.0,0.0,0.0,0.0,0.0,0.0,0.0,0.0,0.0,0.0822807,0.1809422,0.1331449,0.0568486,0.0199757,0.0161656,0.0183432,0.0126863,0.0047934,0.0034432,0.0056362,0.0085026,0.007518,0.0086679,0.0016919,0.0029009,0.0070307,0.0033471,0.0047682,0.0042216,0.0032254,0.001286,0.0005312,0.0008643,0.011242,0.0818517,0.1217554,0.0423581,0.0,0.0,0.0,0.0001247,0.0003681,9.37e-05,0.0,0.0,0.0,0.0,0.0],"lower":[0.0,0.0,0.0,0.0,0.0,0.0,0.0,0.0,0.0,0.0,0.0,0.0,0.0,0.0391834,0.0969194,0.0730149,0.0279481,0.0043364,0.0034007,0.0032525,0.0005566,0.0002062,0.0,0.0,0.0,0.0,0.0,0.0,0.0,0.0,0.0,0.0,0.0,0.0,5.5e-06,9.5e-06,0.000178,0.0035051,0.0450006,0.0644285,0.0184098,0.0,0.0,0.0,0.0,0.0,0.0,0.0,0.0,0.0,0.0,0.0],"upper":[0.0,0.0,0.0,0.0,0.0,0.0,0.0,0.0,0.0,0.0,0.0,0.0,0.0,0.1378619,0.305943,0.2338766,0.1173397,0.0672818,0.0626113,0.0720492,0.0510345,0.0258998,0.0169562,0.0242382,0.0333238,0.0364625,0.0388981,0.0070048,0.0104084,0.0212778,0.0101941,0.0142785,0.0127944,0.0115439,0.0056153,0.0025069,0.0034291,0.0270611,0.126772,0.1886148,0.0725009,0.0,0.0,0.0,0.0006113,0.0015004,0.0004995,0.0,0.0,0.0,0.0,0.0],"occurrence":[0.0,0.0,0.0,0.0,0.0,0.0,0.0,0.0,0.0,0.0,0.0,0.0,0.0,0.0657045,0.1407763,0.1038666,0.0444614,0.0154926,0.0135793,0.0164871,0.0120105,0.0044275,0.0028089,0.0043733,0.0064757,0.0054464,0.0062011,0.0012446,0.0020451,0.0047127,0.0025083,0.003433,0.0031741,0.0025627,0.0011041,0.0004339,0.0007961,0.0095254,0.0679095,0.1035875,0.0363911,0.0,0.0,0.0,0.0001211,0.0003662,9.36e-05,0.0,0.0,0.0,0.0,0.0],"regions":["south"]},"geometry":{"type":"Polygon","coordinates":[[[-86.0786,43.37305],[-85.75377,43.37305],[-85.60819,43.12409],[-85.93246,43.12409],[-86.0786,43.37305]]]}},{"type":"Feature","properties":{"cell_id":470.0,"area_km2":729.0,"elevation_m":264.9831848,"longitude":-85.5185097,"latitude":43.2484995,"abundance":[0.0,0.0,0.0,0.0,0.0,0.0,6.91e-05,0.0,0.0,0.0,0.0,0.0,0.0,0.0813519,0.2003925,0.1656602,0.0783549,0.0169898,0.0183191,0.0213402,0.0109817,0.0062331,0.0003766,0.0054467,0.0102628,0.0130348,0.0167781,0.0,0.0,0.0,0.0,0.0,0.0005933,0.0,0.0,0.0,0.0039884,0.0097073,0.1119188,0.1426235,0.0500701,0.0,0.0,0.0,0.0022293,0.0020291,0.0005108,0.0,0.0,0.0,0.0,0.0],"lower":[0.0,0.0,0.0,0.0,0.0,0.0,0.0,0.0,0.0,0.0,0.0,0.0,0.0,0.0405181,0.1142023,0.095332,0.0384062,0.0045826,0.0042973,0.0047243,0.0012728,0.0008868,3.49e-05,0.0003669,0.0002307,0.0,0.0,0.0,0.0,0.0,0.0,0.0,0.0,0.0,0.0,0.0,0.0013122,0.0030968,0.0642013,0.080972,0.0226633,0.0,0.0,0.0,0.0,0.0,0.0,0.0,0.0,0.0,0.0,0.0],"upper":[0.0,0.0,0.0,0.0,0.0,0.0,0.0003025,0.0,0.0,0.0,0.0,0.0,0.0,0.1418697,0.3823814,0.3208457,0.1914117,0.0712115,0.0721134,0.0779959,0.0387609,0.0210847,0.0021695,0.0165681,0.0365727,0.042732,0.048435,0.0,0.0,0.0,0.0,0.0,0.0014629,0.0,0.0,0.0,0.0097512,0.020331,0.1839241,0.2266696,0.0813885,0.0,0.0,0.0,0.0085939,0.0072965,0.0022153,0.0,0.0,0.0,0.0,0.0],"occurrence":[0.0,0.0,0.0,0.0,0.0,0.0,6.91e-05,0.0,0.0,0.0,0.0,0.0,0.0,0.0647667,0.157668,0.1322151,0.0618017,0.0139135,0.0162803,0.0192534,0.0100882,0.0055865,0.0002936,0.0044074,0.0079081,0.0096044,0.0113769,0.0,0.0,0.0,0.0,0.0,0.0004621,0.0,0.0,0.0,0.0034385,0.008411,0.0935528,0.1206774,0.0427931,0.0,0.0,0.0,0.00214,0.001987,0.000505,0.0,0.0,0.0,0.0,0.0],"regions":["south"]},"geometry":{"type":"Polygon","coordinates":[[[-85.75377,43.37305],[-85.42895,43.37305],[-85.28392,43.12409],[-85.60819,43.12409],[-85.75377,43.37305]]]}},{"type":"Feature","properties":{"cell_id":471.0,"area_km2":729.0,"elevation_m":269.7626648,"longitude":-85.1939613,"latitude":43.2484995,"abundance":[0.0,0.0,0.0,0.0,0.0,0.0,0.0,0.0,0.0,0.0,0.0,0.0,0.0,0.0733933,0.167454,0.1366533,0.0953737,0.0468482,0.0139745,0.0148379,0.005017,0.0059037,0.0050107,0.0085337,0.0151262,0.017898,0.0219494,0.0102426,0.0010064,0.0009062,0.00125,0.002046,0.0016552,0.0009375,0.0,0.0009737,0.0026919,0.0113847,0.0800288,0.1262427,0.0278484,0.0,0.0,0.0,0.00086,0.0008253,8.52e-05,0.0,0.0,0.0,0.0,0.0],"lower":[0.0,0.0,0.0,0.0,0.0,0.0,0.0,0.0,0.0,0.0,0.0,0.0,0.0,0.0326954,0.0969015,0.0713409,0.0419946,0.0105809,0.0029986,0.003265,0.0004975,0.0008341,0.0004158,0.0004302,0.0002457,0.0001776,4.68e-05,0.0,0.0,0.0,0.0,0.0,0.0,0.0,0.0,0.0001405,0.0006683,0.0039958,0.0457319,0.0703596,0.0111187,0.0,0.0,0.0,0.0,0.0,0.0,0.0,0.0,0.0,0.0,0.0],"upper":[0.0,0.0,0.0,0.0,0.0,0.0,0.0,0.0,0.0,0.0,0.0,0.0,0.0,0.1469436,0.3228102,0.2630944,0.2155824,0.1531936,0.0522982,0.0592344,0.0187823,0.0222375,0.0193048,0.0271553,0.0468026,0.0476854,0.0570539,0.0305863,0.0046209,0.0042459,0.0059435,0.0068849,0.0064711,0.0069252,0.0,0.0057417,0.0073892,0.0229044,0.130435,0.2046738,0.0488032,0.0,0.0,0.0,0.0031382,0.0029746,0.0003379,0.0,0.0,0.0,0.0,0.0],"occurrence":[0.0,0.0,0.0,0.0,0.0,0.0,0.0,0.0,0.0,0.0,0.0,0.0,0.0,0.0566827,0.1288071,0.1076442,0.0772857,0.0377453,0.0123313,0.0134538,0.0046112,0.005228,0.0039793,0.0065106,0.010696,0.0124765,0.0152402,0.0074183,0.0007474,0.000541,0.0009548,0.0017188,0.0014133,0.000744,0.0,0.0008567,0.0023718,0.010106,0.0686922,0.1083992,0.0242841,0.0,0.0,0.0,0.0008303,0.0008139,8.52e-05,0.0,0.0,0.0,0.0,0.0],"regions":["south"]},"geometry":{"type":"Polygon","coordinates":[[[-85.42895,43.37305],[-85.10412,43.37305],[-84.95964,43.12409],[-85.28392,43.12409],[-85.42895,43.37305]]]}},{"type":"Feature","properties":{"cell_id":472.0,"area_km2":729.0,"elevation_m":245.3725891,"longitude":-84.8694129,"latitude":43.2484995,"abundance":[0.0,0.0,0.0,0.0,0.0,0.0,0.0,0.0,0.0,0.0,0.0,0.0,0.0,0.0388841,0.0981551,0.0970799,0.0763596,0.0474333,0.0088709,0.0106998,0.0049187,0.0044492,0.0042186,0.0068151,0.0123161,0.0105186,0.012894,0.0090563,0.0,0.0,0.0,0.0,0.0,0.0,0.0,0.0,0.0,0.0032557,0.0361688,0.117326,0.0066136,0.0,0.0,0.0,0.0,0.0,0.0,0.0,0.0,0.0,0.0,0.0],"lower":[0.0,0.0,0.0,0.0,0.0,0.0,0.0,0.0,0.0,0.0,0.0,0.0,0.0,0.0170555,0.0474994,0.044176,0.0297979,0.0130763,0.0016319,0.0019314,0.0005652,0.0007132,0.0005792,0.000703,0.0019883,0.0022142,0.0020053,0.0,0.0,0.0,0.0,0.0,0.0,0.0,0.0,0.0,0.0,0.0012234,0.0203119,0.06558,0.0030808,0.0,0.0,0.0,0.0,0.0,0.0,0.0,0.0,0.0,0.0,0.0],"upper":[0.0,0.0,0.0,0.0,0.0,0.0,0.0,0.0,0.0,0.0,0.0,0.0,0.0,0.0753834,0.1594675,0.1498541,0.1244958,0.0951338,0.0205442,0.0230393,0.0095481,0.0081415,0.0082616,0.0136492,0.0241172,0.0193777,0.0242888,0.0186343,0.0,0.0,0.0,0.0,0.0,0.0,0.0,0.0,0.0,0.005562,0.0615353,0.1842141,0.0116062,0.0,0.0,0.0,0.0,0.0,0.0,0.0,0.0,0.0,0.0,0.0],"occurrence":[0.0,0.0,0.0,0.0,0.0,0.0,0.0,0.0,0.0,0.0,0.0,0.0,0.0,0.0281613,0.0680916,0.0706758,0.0575624,0.0364166,0.0073603,0.0088307,0.0041938,0.0037095,0.0033549,0.0049612,0.0086287,0.0074903,0.0090193,0.0061591,0.0,0.0,0.0,0.0,0.0,0.0,0.0,0.0,0.0,0.0027715,0.0299335,0.0972893,0.0056861,0.0,0.0,0.0,0.0,0.0,0.0,0.0,0.0,0.0,0.0,0.0],"regions":["south"]},"geometry":{"type":"Polygon","coordinates":[[[-85.10412,43.37305],[-84.7793,43.37305],[-84.63537,43.12409],[-84.95964,43.12409],[-85.10412,43.37305]]]}},{"type":"Feature","properties":{"cell_id":473.0,"area_km2":729.0,"elevation_m":218.6669312,"longitude":-84.5448645,"latitude":43.2484995,"abundance":[0.0,0.0,0.0,0.0,0.0,0.0,0.0,0.0,0.0,0.0,0.0,0.0,0.0,0.0321032,0.073827,0.0782228,0.0616285,0.0302915,0.0303412,0.0299408,0.0255663,0.0245962,0.0242113,0.0291551,0.0277107,0.0273405,0.0312605,0.0225847,0.0179035,0.0161716,0.0168233,0.016044,0.018523,0.0137185,0.0142163,0.0173889,0.0084845,0.0209822,0.0617851,0.0755347,0.0111586,0.0,0.0,0.0,0.0,0.0,0.0,0.0,0.0,0.0,0.0,0.0],"lower":[0.0,0.0,0.0,0.0,0.0,0.0,0.0,0.0,0.0,0.0,0.0,0.0,0.0,0.0097448,0.0218303,0.0239147,0.0160164,0.0094918,0.0060535,0.0050797,0.0023463,0.0023402,0.0021365,0.0027676,0.0031539,0.0028601,0.0004248,9.39e-05,1.77e-05,0.0,1.13e-05,0.0,0.0,7.4e-06,0.0001426,0.0006982,0.0007866,0.0037864,0.0335197,0.0441202,0.0053786,0.0,0.0,0.0,0.0,0.0,0.0,0.0,0.0,0.0,0.0,0.0],"upper":[0.0,0.0,0.0,0.0,0.0,0.0,0.0,0.0,0.0,0.0,0.0,0.0,0.0,0.0862509,0.1835554,0.1822015,0.1736742,0.1410947,0.1047063,0.0904028,0.0663245,0.0512069,0.0480294,0.0530687,0.0523456,0.0482873,0.0551685,0.0429321,0.0354424,0.0359919,0.0430614,0.0422242,0.0415196,0.0370634,0.0364605,0.0450818,0.0285039,0.0414153,0.1014755,0.1173542,0.0183671,0.0,0.0,0.0,0.0,0.0,0.0,0.0,0.0,0.0,0.0,0.0],"occurrence":[0.0,0.0,0.0,0.0,0.0,0.0,0.0,0.0,0.0,0.0,0.0,0.0,0.0,0.0216197,0.042536,0.0438789,0.0339161,0.0202006,0.0213596,0.0215016,0.0176097,0.0169634,0.0168326,0.0180608,0.0170825,0.0173434,0.0158074,0.010539,0.0081764,0.0076037,0.0088631,0.0090267,0.0114022,0.0092553,0.0097729,0.0120572,0.0058739,0.0150169,0.0469998,0.0591032,0.0085678,0.0,0.0,0.0,0.0,0.0,0.0,0.0,0.0,0.0,0.0,0.0],"regions":["south"]},"geometry":{"type":"Polygon","coordinates":[[[-84.7793,43.37305],[-84.45447,43.37305],[-84.3111,43.12409],[-84.63537,43.12409],[-84.7793,43.37305]]]}},{"type":"Feature","properties":{"cell_id":474.0,"area_km2":729.0,"elevation_m":199.3105621,"longitude":-84.220316,"latitude":43.2484995,"abundance":[0.0,0.0,0.0,0.0,0.0,0.0,0.0,0.0,0.0,0.0,0.0,0.0,0.0,0.1166803,0.2395153,0.204726,0.1673304,0.1403318,0.1150492,0.0947056,0.0748928,0.0599566,0.0545687,0.0586221,0.0578175,0.0699621,0.0758759,0.0694477,0.0506587,0.0313898,0.022559,0.0196711,0.026505,0.0321066,0.0391166,0.0481184,0.0159812,0.056744,0.1783327,0.2112399,0.0478316,0.0,0.0,0.0,0.0,0.0,0.0,0.0,0.0,0.0,0.0,0.0],"lower":[0.0,0.0,0.0,0.0,0.0,0.0,0.0,0.0,0.0,0.0,0.0,0.0,0.0,0.0385026,0.0920691,0.0815427,0.0602175,0.0413411,0.0233327,0.0204891,0.0166151,0.0155127,0.0098903,0.0105617,0.0090941,0.0110105,0.0074417,0.004607,0.0031846,0.0016055,0.0010192,0.0004437,0.0006142,0.001151,0.0022888,0.0033125,0.001476,0.0116249,0.0983202,0.1255367,0.0228518,0.0,0.0,0.0,0.0,0.0,0.0,0.0,0.0,0.0,0.0,0.0],"upper":[0.0,0.0,0.0,0.0,0.0,0.0,0.0,0.0,0.0,0.0,0.0,0.0,0.0,0.2457882,0.4549313,0.3743491,0.3237565,0.2980407,0.2213335,0.1804425,0.1491154,0.1078885,0.0954692,0.104289,0.1049038,0.1217775,0.1360179,0.1296335,0.1056888,0.0693105,0.0605484,0.0534482,0.0697497,0.0841575,0.0943814,0.1111002,0.0407297,0.1082356,0.2815178,0.3301148,0.0776542,0.0,0.0,0.0,0.0,0.0,0.0,0.0,0.0,0.0,0.0,0.0],"occurrence":[0.0,0.0,0.0,0.0,0.0,0.0,0.0,0.0,0.0,0.0,0.0,0.0,0.0,0.0822057,0.1603392,0.1380195,0.1143822,0.098004,0.0820508,0.0707262,0.0588436,0.0484748,0.0431693,0.0423375,0.0406328,0.0469876,0.0429358,0.0360228,0.0257671,0.0157653,0.013397,0.0122033,0.0169402,0.0213312,0.0286926,0.035216,0.0108454,0.0419229,0.1338725,0.1628579,0.0374316,0.0,0.0,0.0,0.0,0.0,0.0,0.0,0.0,0.0,0.0,0.0],"regions":["south"]},"geometry":{"type":"Polygon","coordinates":[[[-84.45447,43.37305],[-84.12965,43.37305],[-83.98682,43.12409],[-84.3111,43.12409],[-84.45447,43.37305]]]}},{"type":"Feature","properties":{"cell_id":475.0,"area_km2":729.0,"elevation_m":197.7896576,"longitude":-83.8957676,"latitude":43.2484995,"abundance":[0.0,0.0,0.0,0.0,0.0,0.0,0.0,0.0,0.0,0.0,0.0,0.0,0.0,0.0708546,0.1864827,0.1607867,0.1185125,0.0796042,0.0576576,0.0398692,0.0321556,0.0248356,0.022183,0.0246275,0.020142,0.0204717,0.0207256,0.0142567,0.0173187,0.012467,0.0111839,0.0083338,0.00686,0.0055286,0.0091808,0.0091632,0.0044788,0.0271912,0.1764841,0.2107078,0.0825578,0.0,0.0,0.0,0.0,0.0,0.0,0.0,0.0,0.0,0.0,0.0],"lower":[0.0,0.0,0.0,0.0,0.0,0.0,0.0,0.0,0.0,0.0,0.0,0.0,0.0,0.0251898,0.1025546,0.0912283,0.0649638,0.0357361,0.0212967,0.0140167,0.0113048,0.0093174,0.0083903,0.0088185,0.0067993,0.0063387,0.0055782,0.0039621,0.0036767,0.0035548,0.0032201,0.0023718,0.0017288,0.0012595,0.0024517,0.0021412,0.0016623,0.0101633,0.0970855,0.1239655,0.0433949,0.0,0.0,0.0,0.0,0.0,0.0,0.0,0.0,0.0,0.0,0.0],"upper":[0.0,0.0,0.0,0.0,0.0,0.0,0.0,0.0,0.0,0.0,0.0,0.0,0.0,0.1459927,0.3538635,0.2933509,0.2217379,0.1525684,0.1099161,0.0790338,0.0627427,0.0443863,0.0399296,0.0434285,0.0374912,0.0383713,0.0406554,0.0288149,0.0338276,0.0264275,0.0246146,0.019057,0.01647,0.0143204,0.0263845,0.0237251,0.0114941,0.0481647,0.266292,0.3134396,0.1360818,0.0,0.0,0.0,0.0,0.0,0.0,0.0,0.0,0.0,0.0,0.0],"occurrence":[0.0,0.0,0.0,0.0,0.0,0.0,0.0,0.0,0.0,0.0,0.0,0.0,0.0,0.051436,0.1383108,0.1187145,0.0889816,0.0573076,0.0416583,0.0294236,0.0245628,0.0194462,0.0169237,0.017878,0.0135695,0.0136607,0.0120074,0.0082524,0.0100489,0.0079757,0.0074377,0.0051981,0.0043626,0.0036761,0.0067238,0.0068557,0.0032106,0.0203831,0.1378946,0.1647345,0.0661623,0.0,0.0,0.0,0.0,0.0,0.0,0.0,0.0,0.0,0.0,0.0],"regions":["south"]},"geometry":{"type":"Polygon","coordinates":[[[-84.12965,43.37305],[-83.80482,43.37305],[-83.66255,43.12409],[-83.98682,43.12409],[-84.12965,43.37305]]]}},{"type":"Feature","properties":{"cell_id":476.0,"area_km2":729.0,"elevation_m":228.1227417,"longitude":-83.5712192,"latitude":43.2484995,"abundance":[0.0,0.0,0.0,0.0,0.0,0.0,0.0,0.0,0.0,0.0,0.0,0.0,0.0,0.0043361,0.1326622,0.099718,0.0630614,0.0421678,0.0280634,0.0163479,0.0103026,0.0111427,0.0111111,0.0137072,0.0145085,0.0102444,0.0024484,0.0020733,0.0014228,0.0014674,0.0008393,0.0,0.0013082,0.0013513,0.0018054,0.0023491,0.0017901,0.0199021,0.1832902,0.2128366,0.1005309,0.0,0.0,0.0,0.0,0.0,0.0,0.0,0.0,0.0,0.0,0.0],"lower":[0.0,0.0,0.0,0.0,0.0,0.0,0.0,0.0,0.0,0.0,0.0,0.0,0.0,0.0010622,0.0703046,0.0542426,0.0312605,0.0144839,0.0067765,0.0032918,0.0024378,0.0030173,0.0028665,0.0036201,0.0042644,0.0022431,0.0002796,0.0001717,0.0,0.0,0.0,0.0,0.0,1.2e-05,9.23e-05,9.49e-05,0.0001804,0.0066446,0.0960025,0.1198315,0.0563216,0.0,0.0,0.0,0.0,0.0,0.0,0.0,0.0,0.0,0.0,0.0],"upper":[0.0,0.0,0.0,0.0,0.0,0.0,0.0,0.0,0.0,0.0,0.0,0.0,0.0,0.0112694,0.2506762,0.1786761,0.1138383,0.0857297,0.0617009,0.0405526,0.0240038,0.0321644,0.028518,0.0321323,0.032412,0.0246882,0.0058758,0.0054976,0.0046945,0.004043,0.0036415,0.0,0.0045287,0.0041869,0.0049612,0.0053919,0.0052401,0.0346976,0.2802442,0.3359402,0.1645331,0.0,0.0,0.0,0.0,0.0,0.0,0.0,0.0,0.0,0.0,0.0],"occurrence":[0.0,0.0,0.0,0.0,0.0,0.0,0.0,0.0,0.0,0.0,0.0,0.0,0.0,0.003344,0.1063603,0.080517,0.0514418,0.0342796,0.0221212,0.0134218,0.0081556,0.0088826,0.009219,0.0112658,0.0112909,0.0076804,0.0016431,0.0014101,0.0009246,0.0009014,0.0006025,0.0,0.0008561,0.0009348,0.0013651,0.001663,0.0014142,0.0158475,0.1474319,0.1700343,0.0821709,0.0,0.0,0.0,0.0,0.0,0.0,0.0,0.0,0.0,0.0,0.0],"regions":["south"]},"geometry":{"type":"Polygon","coordinates":[[[-83.80482,43.37305],[-83.48,43.37305],[-83.33828,43.12409],[-83.66255,43.12409],[-83.80482,43.37305]]]}},{"type":"Feature","properties":{"cell_id":477.0,"area_km2":729.0,"elevation_m":251.2299347,"longitude":-83.2466708,"latitude":43.2484995,"abundance":[0.0,0.0,0.0,0.0,0.0,0.0,0.0,0.0,0.0,0.0,0.0,0.0,0.0,0.0,0.0718078,0.0703346,0.0728502,0.0254933,0.0283564,0.0169409,0.0082115,0.0087174,0.011761,0.0151235,0.0161752,0.0123727,0.0046571,0.0,0.0,0.0,0.0,0.0,0.0,0.0,0.0,0.0,0.0,0.0140526,0.0825077,0.1232279,0.035057,0.0,0.0,0.0,0.0,0.0,0.0,0.0,0.0,0.0,0.0,0.0],"lower":[0.0,0.0,0.0,0.0,0.0,0.0,0.0,0.0,0.0,0.0,0.0,0.0,0.0,0.0,0.0398431,0.0363444,0.0358197,0.0093905,0.0086816,0.0043171,0.0019036,0.0017838,0.0027227,0.0033317,0.0050928,0.002416,0.0002259,0.0,0.0,0.0,0.0,0.0,0.0,0.0,0.0,0.0,0.0,0.0056616,0.0407898,0.0629138,0.0190286,0.0,0.0,0.0,0.0,0.0,0.0,0.0,0.0,0.0,0.0,0.0],"upper":[0.0,0.0,0.0,0.0,0.0,0.0,0.0,0.0,0.0,0.0,0.0,0.0,0.0,0.0,0.1420608,0.1346862,0.139271,0.0505726,0.0622119,0.0399533,0.0181131,0.0231652,0.0293497,0.0399977,0.0365443,0.0289977,0.0126554,0.0,0.0,0.0,0.0,0.0,0.0,0.0,0.0,0.0,0.0,0.0280485,0.1404847,0.21609,0.0605815,0.0,0.0,0.0,0.0,0.0,0.0,0.0,0.0,0.0,0.0,0.0],"occurrence":[0.0,0.0,0.0,0.0,0.0,0.0,0.0,0.0,0.0,0.0,0.0,0.0,0.0,0.0,0.0569668,0.0571428,0.058983,0.0205383,0.0228352,0.0143739,0.0067229,0.0074224,0.0093189,0.0123126,0.0125539,0.0092248,0.003233,0.0,0.0,0.0,0.0,0.0,0.0,0.0,0.0,0.0,0.0,0.0113919,0.0654248,0.0937303,0.0286909,0.0,0.0,0.0,0.0,0.0,0.0,0.0,0.0,0.0,0.0,0.0],"regions":["south"]},"geometry":{"type":"Polygon","coordinates":[[[-83.48,43.37305],[-83.15517,43.37305],[-83.014,43.12409],[-83.33828,43.12409],[-83.48,43.37305]]]}},{"type":"Feature","properties":{"cell_id":478.0,"area_km2":729.0,"elevation_m":243.0473022,"longitude":-82.9221223,"latitude":43.2484995,"abundance":[0.0,0.0,0.0,0.0,0.0,0.0,0.0,0.0,0.0,0.0,0.0,0.0,0.0,0.0,0.0335124,0.038,0.0447944,0.0144929,0.0151151,0.0100392,0.0013203,0.0010371,0.0,0.0011294,0.0007694,0.0017021,0.0005407,0.0,0.0,0.0,0.0,0.0,0.0,0.0,0.0,0.0,0.0,0.0,0.0036058,0.0291072,0.0,0.0,0.0,0.0,0.0,0.0,0.0,0.0,0.0,0.0,0.0,0.0],"lower":[0.0,0.0,0.0,0.0,0.0,0.0,0.0,0.0,0.0,0.0,0.0,0.0,0.0,0.0,0.0171241,0.0177942,0.0223824,0.0060209,0.0045211,0.0025303,0.0002686,0.0001248,0.0,0.0,0.0,0.0,0.0,0.0,0.0,0.0,0.0,0.0,0.0,0.0,0.0,0.0,0.0,0.0,0.0016385,0.0135421,0.0,0.0,0.0,0.0,0.0,0.0,0.0,0.0,0.0,0.0,0.0,0.0],"upper":[0.0,0.0,0.0,0.0,0.0,0.0,0.0,0.0,0.0,0.0,0.0,0.0,0.0,0.0,0.0663013,0.0707294,0.0805023,0.0319853,0.0328315,0.0244215,0.0041147,0.0044292,0.0,0.003293,0.0027558,0.006194,0.0027833,0.0,0.0,0.0,0.0,0.0,0.0,0.0,0.0,0.0,0.0,0.0,0.0073179,0.0563754,0.0,0.0,0.0,0.0,0.0,0.0,0.0,0.0,0.0,0.0,0.0,0.0],"occurrence":[0.0,0.0,0.0,0.0,0.0,0.0,0.0,0.0,0.0,0.0,0.0,0.0,0.0,0.0,0.0230581,0.0271207,0.0322536,0.011328,0.0120567,0.0080849,0.0011478,0.0008146,0.0,0.0008265,0.0005703,0.0012419,0.0004083,0.0,0.0,0.0,0.0,0.0,0.0,0.0,0.0,0.0,0.0,0.0,0.0028371,0.0210973,0.0,0.0,0.0,0.0,0.0,0.0,0.0,0.0,0.0,0.0,0.0,0.0],"regions":["south"]},"geometry":{"type":"Polygon","coordinates":[[[-83.15517,43.37305],[-82.83035,43.37305],[-82.68973,43.12409],[-83.014,43.12409],[-83.15517,43.37305]]]}},{"type":"Feature","properties":{"cell_id":479.0,"area_km2":728.1075599,"elevation_m":209.6773224,"longitude":-82.5978497,"latitude":43.2486466,"abundance":[0.0,0.0,0.0,0.0,0.0,0.0,0.0,0.0,0.0,0.0,0.0,0.0,0.0,0.0352798,0.1273443,0.0585253,0.058887,0.0163605,0.0191028,0.0187615,0.0076943,0.0066102,0.0061832,0.0063103,0.0067833,0.0104661,0.0086068,0.0050567,0.0014048,0.0,0.0,0.0,0.0,0.0,0.0,0.0,0.0,0.0126707,0.0633844,0.1470263,0.0334456,0.0,0.0,0.0,0.0,0.0,0.0,0.0,0.0,0.0,0.0,0.0],"lower":[0.0,0.0,0.0,0.0,0.0,0.0,0.0,0.0,0.0,0.0,0.0,0.0,0.0,0.0129977,0.0624566,0.0292463,0.0299496,0.0057229,0.0055442,0.0062176,0.0020249,0.0007125,0.0005637,0.0003494,0.0005714,0.0004867,0.0,0.0,0.0,0.0,0.0,0.0,0.0,0.0,0.0,0.0,0.0,0.0062519,0.0329544,0.0784491,0.0164138,0.0,0.0,0.0,0.0,0.0,0.0,0.0,0.0,0.0,0.0,0.0],"upper":[0.0,0.0,0.0,0.0,0.0,0.0,0.0,0.0,0.0,0.0,0.0,0.0,0.0,0.064922,0.237799,0.1097085,0.1092824,0.032124,0.0372232,0.0365393,0.0167832,0.0173643,0.0154084,0.0174799,0.0140921,0.0246742,0.0202936,0.0122696,0.0048749,0.0,0.0,0.0,0.0,0.0,0.0,0.0,0.0,0.0237783,0.1070553,0.2588426,0.0556107,0.0,0.0,0.0,0.0,0.0,0.0,0.0,0.0,0.0,0.0,0.0],"occurrence":[0.0,0.0,0.0,0.0,0.0,0.0,0.0,0.0,0.0,0.0,0.0,0.0,0.0,0.0185894,0.0825974,0.0406958,0.0418788,0.0117135,0.0150425,0.0147233,0.0058812,0.005282,0.0047496,0.004595,0.004654,0.0072506,0.0062073,0.0036559,0.000997,0.0,0.0,0.0,0.0,0.0,0.0,0.0,0.0,0.0088942,0.0434565,0.0974003,0.0231305,0.0,0.0,0.0,0.0,0.0,0.0,0.0,0.0,0.0,0.0,0.0],"regions":["south"]},"geometry":{"type":"Polygon","coordinates":[[[-82.83035,43.37305],[-82.50552,43.37305],[-82.37295,43.13747],[-82.38022,43.12409],[-82.68973,43.12409],[-82.83035,43.37305]]]}},{"type":"Feature","properties":{"cell_id":490.0,"area_km2":729.0,"elevation_m":179.6544952,"longitude":-86.3459883,"latitude":42.9998305,"abundance":[0.0,0.0,0.0,0.0,0.0,0.0,0.0,0.0,0.0,0.0,0.0,0.0,0.0,0.2077636,0.2822238,0.2367401,0.0871398,0.0,0.0050464,0.0,0.0,0.0,0.0,0.0,0.0,0.0,0.0,0.0,0.0,0.0,0.0,0.0,0.0,0.0,0.0,0.0,0.0,0.0,0.1138557,0.1724758,0.0990562,0.0,0.0,0.0,0.0,0.0,0.0,0.0,0.0,0.0,0.0,0.0],"lower":[0.0,0.0,0.0,0.0,0.0,0.0,0.0,0.0,0.0,0.0,0.0,0.0,0.0,0.1355515,0.2006452,0.1532011,0.0445719,0.0,0.00218,0.0,0.0,0.0,0.0,0.0,0.0,0.0,0.0,0.0,0.0,0.0,0.0,0.0,0.0,0.0,0.0,0.0,0.0,0.0,0.069941,0.1060255,0.0587997,0.0,0.0,0.0,0.0,0.0,0.0,0.0,0.0,0.0,0.0,0.0],"upper":[0.0,0.0,0.0,0.0,0.0,0.0,0.0,0.0,0.0,0.0,0.0,0.0,0.0,0.2979029,0.3813269,0.3268124,0.1327079,0.0,0.0096301,0.0,0.0,0.0,0.0,0.0,0.0,0.0,0.0,0.0,0.0,0.0,0.0,0.0,0.0,0.0,0.0,0.0,0.0,0.0,0.174593,0.2535082,0.1636201,0.0,0.0,0.0,0.0,0.0,0.0,0.0,0.0,0.0,0.0,0.0],"occurrence":[0.0,0.0,0.0,0.0,0.0,0.0,0.0,0.0,0.0,0.0,0.0,0.0,0.0,0.160185,0.2095669,0.1874936,0.0724447,0.0,0.0046897,0.0,0.0,0.0,0.0,0.0,0.0,0.0,0.0,0.0,0.0,0.0,0.0,0.0,0.0,0.0,0.0,0.0,0.0,0.0,0.0871789,0.1322183,0.0789637,0.0,0.0,0.0,0.0,0.0,0.0,0.0,0.0,0.0,0.0,0.0],"regions":["south"]},"geometry":{"type":"Polygon","coordinates":[[[-86.58101,43.12409],[-86.25674,43.12409],[-86.11163,42.87571],[-86.43536,42.87571],[-86.58101,43.12409]]]}},{"type":"Feature","properties":{"cell_id":491.0,"area_km2":729.0,"elevation_m":198.0089722,"longitude":-86.0219883,"latitude":42.9998305,"abundance":[0.0,0.0,0.0,0.0001313,0.0002773,0.0,0.0004881,0.0,0.0,0.0,0.0,0.0,0.0,0.1824412,0.270969,0.2161616,0.0483225,0.0,0.0006439,0.0,0.0,0.0,0.0,0.0,0.0,0.0,0.0,0.0,0.0,0.0,0.0,0.0,0.0,0.0,0.0,0.0,0.0,0.0,0.090556,0.133586,0.0586658,0.0,0.0,0.0,0.0004566,0.0009087,0.0001555,0.0,0.0,0.0,0.0,0.0],"lower":[0.0,0.0,0.0,0.0,0.0,0.0,0.0,0.0,0.0,0.0,0.0,0.0,0.0,0.1018812,0.1663882,0.1277701,0.0232422,0.0,0.0003244,0.0,0.0,0.0,0.0,0.0,0.0,0.0,0.0,0.0,0.0,0.0,0.0,0.0,0.0,0.0,0.0,0.0,0.0,0.0,0.0568282,0.0829698,0.0332478,0.0,0.0,0.0,5.48e-05,0.0,0.0,0.0,0.0,0.0,0.0,0.0],"upper":[0.0,0.0,0.0,0.0010339,0.001617,0.0,0.00141,0.0,0.0,0.0,0.0,0.0,0.0,0.2646651,0.3746634,0.3050396,0.0702553,0.0,0.0013313,0.0,0.0,0.0,0.0,0.0,0.0,0.0,0.0,0.0,0.0,0.0,0.0,0.0,0.0,0.0,0.0,0.0,0.0,0.0,0.1344195,0.202159,0.0942105,0.0,0.0,0.0,0.0010399,0.0022396,0.0004679,0.0,0.0,0.0,0.0,0.0],"occurrence":[0.0,0.0,0.0,0.0001313,0.0002708,0.0,0.0004838,0.0,0.0,0.0,0.0,0.0,0.0,0.1482646,0.2122264,0.1747689,0.0391041,0.0,0.000593,0.0,0.0,0.0,0.0,0.0,0.0,0.0,0.0,0.0,0.0,0.0,0.0,0.0,0.0,0.0,0.0,0.0,0.0,0.0,0.0746123,0.1113603,0.0494631,0.0,0.0,0.0,0.0004399,0.0008728,0.0001534,0.0,0.0,0.0,0.0,0.0],"regions":["south"]},"geometry":{"type":"Polygon","coordinates":[[[-86.25674,43.12409],[-85.93246,43.12409],[-85.7879,42.87571],[-86.11163,42.87571],[-86.25674,43.12409]]]}},{"type":"Feature","properties":{"cell_id":492.0,"area_km2":729.0,"elevation_m":223.9647675,"longitude":-85.6979884,"latitude":42.9998305,"abundance":[0.0,0.0,0.0,0.000584,0.0009192,0.0010169,0.0023247,0.0008468,0.0002579,0.0,0.0,0.0,0.0,0.1958909,0.2859529,0.2410244,0.0999546,0.0034591,0.0,0.0,0.0,0.0,0.0,0.0,0.0,0.0,0.0,0.0,0.0,0.0,0.0,0.0,0.0,0.0,0.0,0.0,0.0,0.0123571,0.1504643,0.2025364,0.1244772,0.0010415,0.0,0.0012689,0.0058506,0.006312,0.0012848,0.0,0.0,0.0,0.0,0.0],"lower":[0.0,0.0,0.0,0.0,0.0,0.0,0.0,0.0,0.0,0.0,0.0,0.0,0.0,0.1125711,0.1816061,0.1419758,0.0548199,0.0013226,0.0,0.0,0.0,0.0,0.0,0.0,0.0,0.0,0.0,0.0,0.0,0.0,0.0,0.0,0.0,0.0,0.0,0.0,0.0,0.0048744,0.0970714,0.1329159,0.0739748,0.0004318,0.0,0.0004096,0.0014358,0.0005479,0.0,0.0,0.0,0.0,0.0,0.0],"upper":[0.0,0.0,0.0,0.0032233,0.0046278,0.0042086,0.0069559,0.0024102,0.0008696,0.0,0.0,0.0,0.0,0.2915981,0.4018954,0.3463174,0.156808,0.0070211,0.0,0.0,0.0,0.0,0.0,0.0,0.0,0.0,0.0,0.0,0.0,0.0,0.0,0.0,0.0,0.0,0.0,0.0,0.0,0.0284731,0.219621,0.291308,0.1898002,0.0023252,0.0,0.003107,0.0158288,0.0155649,0.0036966,0.0,0.0,0.0,0.0,0.0],"occurrence":[0.0,0.0,0.0,0.000575,0.0009047,0.0009963,0.0023003,0.000842,0.0002579,0.0,0.0,0.0,0.0,0.1577867,0.2266719,0.198147,0.0819246,0.0029389,0.0,0.0,0.0,0.0,0.0,0.0,0.0,0.0,0.0,0.0,0.0,0.0,0.0,0.0,0.0,0.0,0.0,0.0,0.0,0.0099756,0.1281153,0.1720025,0.1088237,0.0009362,0.0,0.0012005,0.0055965,0.0060516,0.0012597,0.0,0.0,0.0,0.0,0.0],"regions":["south"]},"geometry":{"type":"Polygon","coordinates":[[[-85.93246,43.12409],[-85.60819,43.12409],[-85.46417,42.87571],[-85.7879,42.87571],[-85.93246,43.12409]]]}},{"type":"Feature","properties":{"cell_id":493.0,"area_km2":729.0,"elevation_m":246.1150208,"longitude":-85.3739884,"latitude":42.9998305,"abundance":[0.0014066,0.0005752,0.0008692,0.0019446,0.0016016,0.0007318,0.0020033,0.0006624,0.0,0.0,0.0,0.0,0.0,0.1134122,0.2081971,0.1672835,0.0427293,0.0,0.0,0.0,0.0,0.0,0.0,0.0,0.0,0.0,0.0,0.0,0.0,0.0,0.0,0.0,0.0,0.0,0.0,0.0,0.0,0.0012406,0.0923663,0.1647043,0.1098737,0.0,0.0,0.0038896,0.0128258,0.0123023,0.005704,0.0004529,0.0,0.0001667,0.0001964,0.0009031],"lower":[0.0,0.0,0.0,0.0,0.0,0.0,0.0,0.0,0.0,0.0,0.0,0.0,0.0,0.0654332,0.1356068,0.1043163,0.0231339,0.0,0.0,0.0,0.0,0.0,0.0,0.0,0.0,0.0,0.0,0.0,0.0,0.0,0.0,0.0,0.0,0.0,0.0,0.0,0.0,0.0005703,0.0550304,0.1052238,0.0602815,0.0,0.0,0.0007608,0.0022046,0.0015992,0.0,0.0,0.0,0.0,0.0,0.0],"upper":[0.0063095,0.0029847,0.0051841,0.01158,0.0088466,0.003297,0.0057351,0.0015508,0.0,0.0,0.0,0.0,0.0,0.1829742,0.3170306,0.2574411,0.0718982,0.0,0.0,0.0,0.0,0.0,0.0,0.0,0.0,0.0,0.0,0.0,0.0,0.0,0.0,0.0,0.0,0.0,0.0,0.0,0.0,0.0022604,0.1500496,0.252844,0.1709457,0.0,0.0,0.0129267,0.0388737,0.033611,0.0179916,0.0015859,0.0,0.0010141,0.0008302,0.0040487],"occurrence":[0.0012462,0.0005279,0.0008101,0.0019209,0.0015234,0.0007079,0.001981,0.0006594,0.0,0.0,0.0,0.0,0.0,0.0885273,0.1662842,0.1380199,0.0360112,0.0,0.0,0.0,0.0,0.0,0.0,0.0,0.0,0.0,0.0,0.0,0.0,0.0,0.0,0.0,0.0,0.0,0.0,0.0,0.0,0.0010919,0.0778184,0.1379509,0.0913538,0.0,0.0,0.0036028,0.0123831,0.0119057,0.0055589,0.0004421,0.0,0.0001457,0.0001936,0.0008193],"regions":["south"]},"geometry":{"type":"Polygon","coordinates":[[[-85.60819,43.12409],[-85.28392,43.12409],[-85.14045,42.87571],[-85.46417,42.87571],[-85.60819,43.12409]]]}},{"type":"Feature","properties":{"cell_id":494.0,"area_km2":729.0,"elevation_m":241.5094299,"longitude":-85.0499884,"latitude":42.9998305,"abundance":[9.75e-05,0.0,0.0,0.0001735,0.0,0.0,0.0,0.0,0.0,0.0,0.0,0.0,0.0,0.0473156,0.0927291,0.0701958,0.0439943,0.0149796,0.0045551,0.0039008,0.0008716,0.0007659,0.0,0.0008072,0.0022043,0.0023928,0.0012247,0.0,0.0,0.0,0.0,0.0,0.0,0.0,0.0,0.0,0.0,0.0036887,0.0590704,0.1259595,0.0367916,0.0,0.0,0.000702,0.0024132,0.0020383,0.0004985,0.0001585,0.0,0.0,0.0001228,0.0001216],"lower":[0.0,0.0,0.0,0.0,0.0,0.0,0.0,0.0,0.0,0.0,0.0,0.0,0.0,0.0241901,0.0598003,0.042925,0.022869,0.0030689,0.0009888,0.000851,8.79e-05,0.0001003,0.0,0.0,0.0,0.0,0.0,0.0,0.0,0.0,0.0,0.0,0.0,0.0,0.0,0.0,0.0,0.001089,0.0333609,0.0746946,0.0191752,0.0,0.0,0.0002037,0.0001731,0.0001538,0.0,0.0,0.0,0.0,0.0,0.0],"upper":[0.000906,0.0,0.0,0.0024644,0.0,0.0,0.0,0.0,0.0,0.0,0.0,0.0,0.0,0.0872373,0.1528451,0.1171909,0.0866191,0.0406863,0.0158683,0.0151611,0.0036761,0.0027175,0.0,0.0027624,0.0081181,0.0093218,0.0051025,0.0,0.0,0.0,0.0,0.0,0.0,0.0,0.0,0.0,0.0,0.0088705,0.095206,0.2024283,0.0613988,0.0,0.0,0.001884,0.0065088,0.0052517,0.0014241,0.0006076,0.0,0.0,0.0008551,0.0008049],"occurrence":[8.23e-05,0.0,0.0,0.0001691,0.0,0.0,0.0,0.0,0.0,0.0,0.0,0.0,0.0,0.0386438,0.0767544,0.0594523,0.03741,0.0126338,0.0040374,0.0036054,0.0007614,0.0007057,0.0,0.0005885,0.0015118,0.0016094,0.0007122,0.0,0.0,0.0,0.0,0.0,0.0,0.0,0.0,0.0,0.0,0.0031594,0.0500618,0.1064882,0.0313506,0.0,0.0,0.000643,0.002322,0.0019821,0.0004836,0.0001504,0.0,0.0,0.0001111,0.0001105],"regions":["south"]},"geometry":{"type":"Polygon","coordinates":[[[-85.28392,43.12409],[-84.95964,43.12409],[-84.81672,42.87571],[-85.14045,42.87571],[-85.28392,43.12409]]]}},{"type":"Feature","properties":{"cell_id":495.0,"area_km2":729.0,"elevation_m":229.1249847,"longitude":-84.7259885,"latitude":42.9998305,"abundance":[0.0,0.0,0.0,0.0,0.0,0.0,0.0,0.0,0.0,0.0,0.0,0.0,0.0,0.0139957,0.0215227,0.0224574,0.0138978,0.010227,0.0,0.0,0.0,0.0,0.0,0.0,0.0020425,0.00114,0.0013061,0.0,0.0,0.0,0.0,0.0,0.0,0.0,0.0,0.0,0.0,0.0,0.0154544,0.074717,0.0016884,0.0,0.0,0.0,0.0,0.0,0.0,0.0,0.0,0.0,0.0,0.0],"lower":[0.0,0.0,0.0,0.0,0.0,0.0,0.0,0.0,0.0,0.0,0.0,0.0,0.0,0.0067742,0.0123982,0.0129333,0.006419,0.0027194,0.0,0.0,0.0,0.0,0.0,0.0,0.0,0.0,0.0,0.0,0.0,0.0,0.0,0.0,0.0,0.0,0.0,0.0,0.0,0.0,0.0089019,0.0430379,0.0009375,0.0,0.0,0.0,0.0,0.0,0.0,0.0,0.0,0.0,0.0,0.0],"upper":[0.0,0.0,0.0,0.0,0.0,0.0,0.0,0.0,0.0,0.0,0.0,0.0,0.0,0.0276961,0.0429544,0.043204,0.0304628,0.02497,0.0,0.0,0.0,0.0,0.0,0.0,0.0088363,0.0046546,0.0045545,0.0,0.0,0.0,0.0,0.0,0.0,0.0,0.0,0.0,0.0,0.0,0.0264753,0.1200358,0.0027921,0.0,0.0,0.0,0.0,0.0,0.0,0.0,0.0,0.0,0.0,0.0],"occurrence":[0.0,0.0,0.0,0.0,0.0,0.0,0.0,0.0,0.0,0.0,0.0,0.0,0.0,0.0102268,0.0157391,0.0168241,0.0104237,0.0075972,0.0,0.0,0.0,0.0,0.0,0.0,0.0012879,0.0006755,0.0006664,0.0,0.0,0.0,0.0,0.0,0.0,0.0,0.0,0.0,0.0,0.0,0.0126824,0.0610613,0.0013589,0.0,0.0,0.0,0.0,0.0,0.0,0.0,0.0,0.0,0.0,0.0],"regions":["south"]},"geometry":{"type":"Polygon","coordinates":[[[-84.95964,43.12409],[-84.63537,43.12409],[-84.49299,42.87571],[-84.81672,42.87571],[-84.95964,43.12409]]]}},{"type":"Feature","properties":{"cell_id":496.0,"area_km2":729.0,"elevation_m":231.4824066,"longitude":-84.4019885,"latitude":42.9998305,"abundance":[0.0,0.0,0.0,0.0,0.0,0.0,0.0,0.0,0.0,0.0,0.0,0.0,0.0,0.0194736,0.0291624,0.0292284,0.0162223,0.012509,0.0,0.0,0.0,0.0,0.0,0.0,0.0,0.0,0.0,0.0,0.0,0.0,0.0,0.0,0.0,0.0,0.0,0.0,0.0,0.0,0.0451604,0.1343382,0.0173641,0.0,0.0,0.0,0.0,0.0,0.0,0.0,0.0,0.0,0.0,0.0],"lower":[0.0,0.0,0.0,0.0,0.0,0.0,0.0,0.0,0.0,0.0,0.0,0.0,0.0,0.0090801,0.016441,0.0172759,0.0089777,0.0051467,0.0,0.0,0.0,0.0,0.0,0.0,0.0,0.0,0.0,0.0,0.0,0.0,0.0,0.0,0.0,0.0,0.0,0.0,0.0,0.0,0.0250951,0.081037,0.0100597,0.0,0.0,0.0,0.0,0.0,0.0,0.0,0.0,0.0,0.0,0.0],"upper":[0.0,0.0,0.0,0.0,0.0,0.0,0.0,0.0,0.0,0.0,0.0,0.0,0.0,0.0339869,0.0514537,0.0498571,0.0282723,0.0226224,0.0,0.0,0.0,0.0,0.0,0.0,0.0,0.0,0.0,0.0,0.0,0.0,0.0,0.0,0.0,0.0,0.0,0.0,0.0,0.0,0.0695581,0.2073641,0.0269847,0.0,0.0,0.0,0.0,0.0,0.0,0.0,0.0,0.0,0.0,0.0],"occurrence":[0.0,0.0,0.0,0.0,0.0,0.0,0.0,0.0,0.0,0.0,0.0,0.0,0.0,0.014793,0.022628,0.0238615,0.0137817,0.0104994,0.0,0.0,0.0,0.0,0.0,0.0,0.0,0.0,0.0,0.0,0.0,0.0,0.0,0.0,0.0,0.0,0.0,0.0,0.0,0.0,0.0376419,0.1104299,0.0141662,0.0,0.0,0.0,0.0,0.0,0.0,0.0,0.0,0.0,0.0,0.0],"regions":["south"]},"geometry":{"type":"Polygon","coordinates":[[[-84.63537,43.12409],[-84.3111,43.12409],[-84.16926,42.87571],[-84.49299,42.87571],[-84.63537,43.12409]]]}},{"type":"Feature","properties":{"cell_id":497.0,"area_km2":729.0,"elevation_m":233.6810913,"longitude":-84.0779886,"latitude":42.9998305,"abundance":[0.0,0.0,0.0,0.0,0.0,0.0,0.0,0.0,0.0,0.0,0.0,0.0,0.0,0.0104987,0.016362,0.0162278,0.0040297,0.0,0.0,0.0,0.0,0.0,0.0,0.0,0.0,0.0,0.0,0.0,0.0,0.0,0.0,0.0,0.0,0.0,0.0,0.0,0.0,0.0,0.0311204,0.109027,0.0039006,0.0,0.0,0.0,0.0,0.0,0.0,0.0,0.0,0.0,0.0,0.0],"lower":[0.0,0.0,0.0,0.0,0.0,0.0,0.0,0.0,0.0,0.0,0.0,0.0,0.0,0.0039204,0.007488,0.007406,0.0019402,0.0,0.0,0.0,0.0,0.0,0.0,0.0,0.0,0.0,0.0,0.0,0.0,0.0,0.0,0.0,0.0,0.0,0.0,0.0,0.0,0.0,0.0170929,0.0608119,0.0021761,0.0,0.0,0.0,0.0,0.0,0.0,0.0,0.0,0.0,0.0,0.0],"upper":[0.0,0.0,0.0,0.0,0.0,0.0,0.0,0.0,0.0,0.0,0.0,0.0,0.0,0.0192308,0.027248,0.0273097,0.0068623,0.0,0.0,0.0,0.0,0.0,0.0,0.0,0.0,0.0,0.0,0.0,0.0,0.0,0.0,0.0,0.0,0.0,0.0,0.0,0.0,0.0,0.0490379,0.1730324,0.0066017,0.0,0.0,0.0,0.0,0.0,0.0,0.0,0.0,0.0,0.0,0.0],"occurrence":[0.0,0.0,0.0,0.0,0.0,0.0,0.0,0.0,0.0,0.0,0.0,0.0,0.0,0.007827,0.0123143,0.0125576,0.0032735,0.0,0.0,0.0,0.0,0.0,0.0,0.0,0.0,0.0,0.0,0.0,0.0,0.0,0.0,0.0,0.0,0.0,0.0,0.0,0.0,0.0,0.0256093,0.0861056,0.0031508,0.0,0.0,0.0,0.0,0.0,0.0,0.0,0.0,0.0,0.0,0.0],"regions":["south"]},"geometry":{"type":"Polygon","coordinates":[[[-84.3111,43.12409],[-83.98682,43.12409],[-83.84553,42.87571],[-84.16926,42.87571],[-84.3111,43.12409]]]}},{"type":"Feature","properties":{"cell_id":498.0,"area_km2":729.0,"elevation_m":240.9524078,"longitude":-83.7539886,"latitude":42.9998305,"abundance":[0.0,0.0,0.0,0.0,0.0,0.0,0.0,0.0,0.0,0.0,0.0,0.0,0.0,0.0630348,0.1368204,0.112008,0.0094043,0.0,0.0,0.0,0.0,0.0,0.0,0.0,0.0,0.0,0.0,0.0,0.0,0.0,0.0,0.0,0.0,0.0,0.0,0.0,0.0,0.0,0.1725736,0.2172918,0.1076492,0.0,0.0,0.0,0.0,0.0,0.0,0.0,0.0,0.0,0.0,0.0],"lower":[0.0,0.0,0.0,0.0,0.0,0.0,0.0,0.0,0.0,0.0,0.0,0.0,0.0,0.0196587,0.0671974,0.0447033,0.0040574,0.0,0.0,0.0,0.0,0.0,0.0,0.0,0.0,0.0,0.0,0.0,0.0,0.0,0.0,0.0,0.0,0.0,0.0,0.0,0.0,0.0,0.0944156,0.1275755,0.0594864,0.0,0.0,0.0,0.0,0.0,0.0,0.0,0.0,0.0,0.0,0.0],"upper":[0.0,0.0,0.0,0.0,0.0,0.0,0.0,0.0,0.0,0.0,0.0,0.0,0.0,0.1514264,0.2587551,0.2212308,0.0195305,0.0,0.0,0.0,0.0,0.0,0.0,0.0,0.0,0.0,0.0,0.0,0.0,0.0,0.0,0.0,0.0,0.0,0.0,0.0,0.0,0.0,0.2664797,0.335824,0.1765517,0.0,0.0,0.0,0.0,0.0,0.0,0.0,0.0,0.0,0.0,0.0],"occurrence":[0.0,0.0,0.0,0.0,0.0,0.0,0.0,0.0,0.0,0.0,0.0,0.0,0.0,0.0523786,0.1127937,0.0909312,0.0080047,0.0,0.0,0.0,0.0,0.0,0.0,0.0,0.0,0.0,0.0,0.0,0.0,0.0,0.0,0.0,0.0,0.0,0.0,0.0,0.0,0.0,0.1417857,0.1751521,0.0897088,0.0,0.0,0.0,0.0,0.0,0.0,0.0,0.0,0.0,0.0,0.0],"regions":["south"]},"geometry":{"type":"Polygon","coordinates":[[[-83.98682,43.12409],[-83.66255,43.12409],[-83.52181,42.87571],[-83.84553,42.87571],[-83.98682,43.12409]]]}},{"type":"Feature","properties":{"cell_id":499.0,"area_km2":729.0,"elevation_m":270.5097351,"longitude":-83.4299887,"latitude":42.9998305,"abundance":[0.0,0.0,0.0,0.0,0.0,0.0,0.0,0.0,0.0,0.0,0.0,0.0,0.0,0.0101209,0.1187158,0.0811256,0.0224472,0.0035194,0.0026809,0.0,0.0,0.0,0.0,0.0,0.0,0.0,0.0,0.0,0.0,0.0,0.0,0.0,0.0,0.0,0.0,0.0,0.0,0.0030279,0.1486493,0.200704,0.1300629,0.0,0.0,0.0,0.0,0.0,0.0,0.0,0.0,0.0,0.0,0.0],"lower":[0.0,0.0,0.0,0.0,0.0,0.0,0.0,0.0,0.0,0.0,0.0,0.0,0.0,0.0033335,0.0632731,0.0375565,0.0119114,0.0012185,0.0006744,0.0,0.0,0.0,0.0,0.0,0.0,0.0,0.0,0.0,0.0,0.0,0.0,0.0,0.0,0.0,0.0,0.0,0.0,0.0010901,0.073145,0.1068853,0.0762996,0.0,0.0,0.0,0.0,0.0,0.0,0.0,0.0,0.0,0.0,0.0],"upper":[0.0,0.0,0.0,0.0,0.0,0.0,0.0,0.0,0.0,0.0,0.0,0.0,0.0,0.0240805,0.2067372,0.1418996,0.0389512,0.0074969,0.0067594,0.0,0.0,0.0,0.0,0.0,0.0,0.0,0.0,0.0,0.0,0.0,0.0,0.0,0.0,0.0,0.0,0.0,0.0,0.0055204,0.2298449,0.30957,0.2085421,0.0,0.0,0.0,0.0,0.0,0.0,0.0,0.0,0.0,0.0,0.0],"occurrence":[0.0,0.0,0.0,0.0,0.0,0.0,0.0,0.0,0.0,0.0,0.0,0.0,0.0,0.00904,0.0987955,0.0679543,0.018956,0.0030778,0.0023662,0.0,0.0,0.0,0.0,0.0,0.0,0.0,0.0,0.0,0.0,0.0,0.0,0.0,0.0,0.0,0.0,0.0,0.0,0.0025484,0.1230242,0.1611718,0.1073403,0.0,0.0,0.0,0.0,0.0,0.0,0.0,0.0,0.0,0.0,0.0],"regions":["south"]},"geometry":{"type":"Polygon","coordinates":[[[-83.66255,43.12409],[-83.33828,43.12409],[-83.19808,42.87571],[-83.52181,42.87571],[-83.66255,43.12409]]]}},{"type":"Feature","properties":{"cell_id":500.0,"area_km2":729.0,"elevation_m":268.351593,"longitude":-83.1059887,"latitude":42.9998305,"abundance":[0.0,0.0,0.0,0.0,0.0,0.0,0.0,0.0,0.0,0.0,0.0,0.0,0.0,0.0,0.0432179,0.0430187,0.0194387,0.0,0.0019611,0.0007426,0.0,0.0,0.0,0.0,0.0,0.0,0.0,0.0,0.0,0.0,0.0,0.0,0.0,0.0,0.0,0.0,0.0,0.0,0.0550382,0.1033558,0.0359565,0.0,0.0,0.0,0.0,0.0,0.0,0.0008414,0.0019754,0.0017286,0.0,0.0],"lower":[0.0,0.0,0.0,0.0,0.0,0.0,0.0,0.0,0.0,0.0,0.0,0.0,0.0,0.0,0.0244856,0.021077,0.0096699,0.0,0.0005722,0.0001523,0.0,0.0,0.0,0.0,0.0,0.0,0.0,0.0,0.0,0.0,0.0,0.0,0.0,0.0,0.0,0.0,0.0,0.0,0.0266374,0.0509318,0.020202,0.0,0.0,0.0,0.0,0.0,0.0,0.0,0.0,0.0,0.0,0.0],"upper":[0.0,0.0,0.0,0.0,0.0,0.0,0.0,0.0,0.0,0.0,0.0,0.0,0.0,0.0,0.074801,0.0755723,0.0333403,0.0,0.0048624,0.0020379,0.0,0.0,0.0,0.0,0.0,0.0,0.0,0.0,0.0,0.0,0.0,0.0,0.0,0.0,0.0,0.0,0.0,0.0,0.0905315,0.1726834,0.0576933,0.0,0.0,0.0,0.0,0.0,0.0,0.0040398,0.0071893,0.0064836,0.0,0.0],"occurrence":[0.0,0.0,0.0,0.0,0.0,0.0,0.0,0.0,0.0,0.0,0.0,0.0,0.0,0.0,0.0331763,0.0335342,0.0147728,0.0,0.0015655,0.0005912,0.0,0.0,0.0,0.0,0.0,0.0,0.0,0.0,0.0,0.0,0.0,0.0,0.0,0.0,0.0,0.0,0.0,0.0,0.0426018,0.0793623,0.0290236,0.0,0.0,0.0,0.0,0.0,0.0,0.0007814,0.0017784,0.0013967,0.0,0.0],"regions":["south"]},"geometry":{"type":"Polygon","coordinates":[[[-83.33828,43.12409],[-83.014,43.12409],[-82.87435,42.87571],[-83.19808,42.87571],[-83.33828,43.12409]]]}},{"type":"Feature","properties":{"cell_id":501.0,"area_km2":729.0,"elevation_m":230.2654266,"longitude":-82.7819887,"latitude":42.9998305,"abundance":[0.0,0.0,0.0,0.0,0.0,0.0,0.0,0.0,0.0,0.0,0.0,0.0,0.0,0.0,0.0436465,0.0720895,0.0584784,0.0071566,0.0133934,0.0099613,0.0,0.0,0.0,0.0,0.0,0.0007572,0.0006342,0.0,0.0,0.0,0.0,0.0,0.0,0.0,0.0,0.0,0.0,0.0,0.0377641,0.1257367,0.0333444,0.0,0.0,0.0,0.0,0.0,0.0,0.0001797,0.0032091,0.0025136,0.0,0.0],"lower":[0.0,0.0,0.0,0.0,0.0,0.0,0.0,0.0,0.0,0.0,0.0,0.0,0.0,0.0,0.022182,0.0380375,0.0312477,0.0030873,0.0044294,0.0023526,0.0,0.0,0.0,0.0,0.0,0.0,0.0,0.0,0.0,0.0,0.0,0.0,0.0,0.0,0.0,0.0,0.0,0.0,0.0199933,0.06754,0.0185787,0.0,0.0,0.0,0.0,0.0,0.0,0.0,0.0,0.0,0.0,0.0],"upper":[0.0,0.0,0.0,0.0,0.0,0.0,0.0,0.0,0.0,0.0,0.0,0.0,0.0,0.0,0.0789758,0.1258406,0.099335,0.0149397,0.0304866,0.0249643,0.0,0.0,0.0,0.0,0.0,0.0027669,0.0024326,0.0,0.0,0.0,0.0,0.0,0.0,0.0,0.0,0.0,0.0,0.0,0.0644056,0.2160127,0.059933,0.0,0.0,0.0,0.0,0.0,0.0,0.0007944,0.0129317,0.0106272,0.0,0.0],"occurrence":[0.0,0.0,0.0,0.0,0.0,0.0,0.0,0.0,0.0,0.0,0.0,0.0,0.0,0.0,0.0315513,0.0524719,0.041891,0.0052864,0.0101705,0.0077368,0.0,0.0,0.0,0.0,0.0,0.0005816,0.0004869,0.0,0.0,0.0,0.0,0.0,0.0,0.0,0.0,0.0,0.0,0.0,0.0256997,0.0847462,0.023049,0.0,0.0,0.0,0.0,0.0,0.0,0.0001529,0.0027745,0.0020398,0.0,0.0],"regions":["south"]},"geometry":{"type":"Polygon","coordinates":[[[-83.014,43.12409],[-82.68973,43.12409],[-82.55062,42.87571],[-82.87435,42.87571],[-83.014,43.12409]]]}},{"type":"Feature","properties":{"cell_id":502.0,"area_km2":446.1150001,"elevation_m":194.9801941,"longitude":-82.5240185,"latitude":43.0210827,"abundance":[0.0,0.0,0.0,0.0,0.0,0.0,0.0,0.0,0.0,0.0,0.0,0.0,0.0,0.074228,0.2145807,0.1913972,0.114931,0.0094123,0.0026355,0.0027077,0.0013685,0.0,0.0012948,0.0028582,0.0054091,0.006879,0.0072085,0.0009825,0.0,0.0,0.0,0.0,0.0,0.0,0.0,0.0,0.0,0.0337524,0.216258,0.3555664,0.2375955,0.0,0.0,0.0,0.0,0.0,0.0,0.0,0.0002468,0.0002817,0.0,0.0],"lower":[0.0,0.0,0.0,0.0,0.0,0.0,0.0,0.0,0.0,0.0,0.0,0.0,0.0,0.0409173,0.1292953,0.1113639,0.0647456,0.0041291,0.0007924,0.0008638,0.0003558,0.0,0.0,0.0,0.0,0.0,0.0,0.0,0.0,0.0,0.0,0.0,0.0,0.0,0.0,0.0,0.0,0.016422,0.1295685,0.2328051,0.1447512,0.0,0.0,0.0,0.0,0.0,0.0,0.0,0.0,0.0,0.0,0.0],"upper":[0.0,0.0,0.0,0.0,0.0,0.0,0.0,0.0,0.0,0.0,0.0,0.0,0.0,0.115249,0.3408773,0.3059299,0.1919622,0.017331,0.0068215,0.0069395,0.003918,0.0,0.0038445,0.0109174,0.0142732,0.0183293,0.0188948,0.0027573,0.0,0.0,0.0,0.0,0.0,0.0,0.0,0.0,0.0,0.058813,0.3341927,0.5320822,0.3679891,0.0,0.0,0.0,0.0,0.0,0.0,0.0,0.0009876,0.0009804,0.0,0.0],"occurrence":[0.0,0.0,0.0,0.0,0.0,0.0,0.0,0.0,0.0,0.0,0.0,0.0,0.0,0.0500435,0.1515524,0.138281,0.0864666,0.0073099,0.0022418,0.0020832,0.0010093,0.0,0.0009863,0.0022915,0.0040935,0.0050338,0.0050818,0.0007082,0.0,0.0,0.0,0.0,0.0,0.0,0.0,0.0,0.0,0.0258972,0.1578361,0.2442733,0.1724981,0.0,0.0,0.0,0.0,0.0,0.0,0.0,0.0002194,0.0002371,0.0,0.0],"regions":["south"]},"geometry":{"type":"Polygon","coordinates":[[[-82.68973,43.12409],[-82.38022,43.12409],[-82.40819,43.07264],[-82.41723,43.01738],[-82.45334,42.87571],[-82.55062,42.87571],[-82.68973,43.12409]]]}},{"type":"Feature","properties":{"cell_id":513.0,"area_km2":729.0,"elevation_m":189.1694336,"longitude":-86.201389,"latitude":42.751733,"abundance":[0.0004184,0.0004203,0.000519,0.0011247,0.001367,0.0007929,0.0002508,0.0,0.0,0.0,0.0,0.0,0.0,0.178425,0.2925377,0.2729957,0.1306088,0.0087988,0.0077817,0.0,0.0,0.0,0.0,0.0,0.0,0.0,0.0,0.0,0.0,0.0,0.0,0.0,0.0,0.0,0.0,0.0,0.0,0.0,0.0912196,0.1199766,0.0736029,0.0,0.0,0.0006356,0.0020667,0.0027019,0.0012762,0.000442,0.0004233,0.0005199,0.000432,0.0004663],"lower":[0.0,0.0,0.0,0.0,0.0,0.0,0.0,0.0,0.0,0.0,0.0,0.0,0.0,0.1061457,0.1977413,0.177552,0.061994,0.0040353,0.0037624,0.0,0.0,0.0,0.0,0.0,0.0,0.0,0.0,0.0,0.0,0.0,0.0,0.0,0.0,0.0,0.0,0.0,0.0,0.0,0.0480064,0.0723232,0.0396488,0.0,0.0,3.96e-05,0.0,0.0,0.0,0.0,0.0,0.0,0.0,0.0],"upper":[0.0010563,0.0012433,0.0014075,0.0043147,0.006273,0.0039817,0.0007755,0.0,0.0,0.0,0.0,0.0,0.0,0.2596353,0.4039651,0.3735664,0.1972238,0.0162089,0.0141087,0.0,0.0,0.0,0.0,0.0,0.0,0.0,0.0,0.0,0.0,0.0,0.0,0.0,0.0,0.0,0.0,0.0,0.0,0.0,0.14202,0.1851615,0.1200803,0.0,0.0,0.0013459,0.0051871,0.0070005,0.0039763,0.0015615,0.0021135,0.0022863,0.0019732,0.0017921],"occurrence":[0.0003757,0.0003965,0.0004918,0.0010594,0.0013425,0.0007555,0.0002508,0.0,0.0,0.0,0.0,0.0,0.0,0.1407702,0.224077,0.2133568,0.1062121,0.0076761,0.0071441,0.0,0.0,0.0,0.0,0.0,0.0,0.0,0.0,0.0,0.0,0.0,0.0,0.0,0.0,0.0,0.0,0.0,0.0,0.0,0.0688383,0.0916051,0.0560377,0.0,0.0,0.0005689,0.0019479,0.002555,0.0012064,0.0004134,0.0004111,0.0004995,0.0003961,0.0004447],"regions":["south"]},"geometry":{"type":"Polygon","coordinates":[[[-86.43536,42.87571],[-86.11163,42.87571],[-85.96808,42.6279],[-86.29126,42.6279],[-86.43536,42.87571]]]}},{"type":"Feature","properties":{"cell_id":514.0,"area_km2":729.0,"elevation_m":213.3902893,"longitude":-85.8779316,"latitude":42.751733,"abundance":[0.0005676,0.0002972,0.0008863,0.0014167,0.0020327,0.0018811,0.0017993,0.0001387,0.0001023,0.0,0.0,0.0,0.0,0.1468679,0.2567166,0.2165967,0.1023306,0.001239,0.0,0.0,0.0,0.0,0.0,0.0,0.0,0.0,0.0,0.0,0.0,0.0,0.0,0.0,0.0,0.0,0.0,0.0,0.0,0.0,0.063738,0.1114281,0.0470643,0.0,0.0006147,0.0023846,0.0049246,0.0051074,0.002133,0.0005062,0.000259,0.0005302,0.0005423,0.0005731],"lower":[1.34e-05,0.0,0.0,4.61e-05,0.0002337,0.0002809,0.0001416,0.0,0.0,0.0,0.0,0.0,0.0,0.0806852,0.1528538,0.1246659,0.0495931,0.000487,0.0,0.0,0.0,0.0,0.0,0.0,0.0,0.0,0.0,0.0,0.0,0.0,0.0,0.0,0.0,0.0,0.0,0.0,0.0,0.0,0.0380458,0.0697295,0.0258124,0.0,0.0001487,0.0006271,0.0015293,0.0012829,0.0,0.0,0.0,0.0,0.0,5.44e-05],"upper":[0.0016629,0.0012851,0.0026004,0.0053773,0.0087672,0.0081341,0.0062304,0.0005247,0.0004063,0.0,0.0,0.0,0.0,0.2167841,0.3658887,0.3134037,0.1613445,0.0026579,0.0,0.0,0.0,0.0,0.0,0.0,0.0,0.0,0.0,0.0,0.0,0.0,0.0,0.0,0.0,0.0,0.0,0.0,0.0,0.0,0.1036806,0.1714206,0.0750747,0.0,0.0020502,0.0067501,0.012198,0.0128666,0.0066901,0.0022849,0.0015863,0.0026236,0.0022043,0.0017983],"occurrence":[0.0005391,0.0002873,0.0008493,0.001338,0.0019968,0.0018028,0.0017764,0.0001355,0.0001022,0.0,0.0,0.0,0.0,0.1199533,0.2008867,0.175064,0.0837055,0.0010645,0.0,0.0,0.0,0.0,0.0,0.0,0.0,0.0,0.0,0.0,0.0,0.0,0.0,0.0,0.0,0.0,0.0,0.0,0.0,0.0,0.053675,0.0941488,0.0407371,0.0,0.0005412,0.0022243,0.0047249,0.0049085,0.0020397,0.0004851,0.000238,0.0005126,0.0005086,0.0005561],"regions":["south"]},"geometry":{"type":"Polygon","coordinates":[[[-86.11163,42.87571],[-85.7879,42.87571],[-85.64489,42.6279],[-85.96808,42.6279],[-86.11163,42.87571]]]}},{"type":"Feature","properties":{"cell_id":515.0,"area_km2":729.0,"elevation_m":239.9992218,"longitude":-85.5544742,"latitude":42.751733,"abundance":[0.0028892,0.0029491,0.0045833,0.0063806,0.0057986,0.0036667,0.00348,0.0014875,0.000707,0.0,0.0,0.0,0.0,0.1342858,0.2219224,0.1759098,0.0751423,0.0009884,0.0005013,0.000296,0.0,0.0,0.0,0.0,0.0,0.0,0.0,0.0,0.0,0.0,0.0,0.0,0.0,0.0,0.0,0.0,0.0,0.0,0.0964808,0.1510509,0.0916483,0.0,0.0063748,0.0124992,0.0145754,0.0128215,0.0084729,0.004846,0.0022859,0.0031126,0.0024948,0.0030564],"lower":[0.0002139,0.0002619,0.0005132,0.000882,0.0009257,0.0007303,0.0007424,0.0003379,0.0001152,0.0,0.0,0.0,0.0,0.0726641,0.1369589,0.1034157,0.0410788,0.0004151,0.0001805,0.0001007,0.0,0.0,0.0,0.0,0.0,0.0,0.0,0.0,0.0,0.0,0.0,0.0,0.0,0.0,0.0,0.0,0.0,0.0,0.0585474,0.0962919,0.0529163,0.0,0.0016984,0.0032853,0.0043139,0.0045231,0.001612,0.0004334,0.0,0.0,0.0,0.000137],"upper":[0.0079175,0.0089867,0.0141129,0.0194188,0.0199106,0.013072,0.0101981,0.0042786,0.0024544,0.0,0.0,0.0,0.0,0.2049491,0.3147141,0.2555598,0.120957,0.0020905,0.0011506,0.0005646,0.0,0.0,0.0,0.0,0.0,0.0,0.0,0.0,0.0,0.0,0.0,0.0,0.0,0.0,0.0,0.0,0.0,0.0,0.1488049,0.2294746,0.1452838,0.0,0.0136287,0.0301299,0.0293441,0.0282905,0.0219141,0.0150769,0.0088067,0.0111048,0.0084279,0.0096098],"occurrence":[0.0026813,0.0027302,0.004239,0.0060551,0.0054786,0.0034815,0.0033776,0.0014723,0.0007031,0.0,0.0,0.0,0.0,0.1110699,0.182699,0.1465368,0.061995,0.0008427,0.0004568,0.0002719,0.0,0.0,0.0,0.0,0.0,0.0,0.0,0.0,0.0,0.0,0.0,0.0,0.0,0.0,0.0,0.0,0.0,0.0,0.0828915,0.1282831,0.0786119,0.0,0.0055915,0.0116468,0.0138305,0.0124233,0.008244,0.0046772,0.0021514,0.0029778,0.00237,0.0027858],"regions":["south"]},"geometry":{"type":"Polygon","coordinates":[[[-85.7879,42.87571],[-85.46417,42.87571],[-85.3217,42.6279],[-85.64489,42.6279],[-85.7879,42.87571]]]}},{"type":"Feature","properties":{"cell_id":516.0,"area_km2":729.0,"elevation_m":256.6975403,"longitude":-85.2310169,"latitude":42.751733,"abundance":[0.0016163,0.0014356,0.0023599,0.0028113,0.0022204,0.0012727,0.001311,0.0005008,0.0001349,0.0,0.0,0.0,0.0,0.029802,0.0634168,0.0438022,0.0098839,0.0018003,0.0,0.0,0.0,0.0,0.0,0.0,0.0,0.0,0.0,0.0,0.0,0.0,0.0,0.0,0.0,0.0,0.0,0.0,0.0,0.0,0.0312494,0.083973,0.0361011,0.0,0.0044049,0.0071358,0.0080014,0.006348,0.0036442,0.0017911,0.0009848,0.0014821,0.0008275,0.0015985],"lower":[0.0,8.12e-05,0.0001929,0.0004311,0.0003239,0.0001462,0.0001051,0.0,4.03e-05,0.0,0.0,0.0,0.0,0.0169161,0.0400238,0.025829,0.0056258,0.0006991,0.0,0.0,0.0,0.0,0.0,0.0,0.0,0.0,0.0,0.0,0.0,0.0,0.0,0.0,0.0,0.0,0.0,0.0,0.0,0.0,0.0201554,0.0542631,0.0230402,0.0,0.0011039,0.0019135,0.0026652,0.0023375,0.0007629,0.0001688,0.0,0.0,0.0,0.0],"upper":[0.0050786,0.0046395,0.0074007,0.0083856,0.0068735,0.004,0.0039253,0.0012916,0.000396,0.0,0.0,0.0,0.0,0.0485317,0.0975999,0.0656067,0.0157279,0.0036206,0.0,0.0,0.0,0.0,0.0,0.0,0.0,0.0,0.0,0.0,0.0,0.0,0.0,0.0,0.0,0.0,0.0,0.0,0.0,0.0,0.0478891,0.1280462,0.0545426,0.0,0.009381,0.0161558,0.017248,0.0140227,0.0095246,0.0049186,0.0031757,0.0050809,0.0029062,0.0057086],"occurrence":[0.0014906,0.0013461,0.0021972,0.0026703,0.0021025,0.0011768,0.0012707,0.0004929,0.0001306,0.0,0.0,0.0,0.0,0.0239338,0.051225,0.0363103,0.0082645,0.0015414,0.0,0.0,0.0,0.0,0.0,0.0,0.0,0.0,0.0,0.0,0.0,0.0,0.0,0.0,0.0,0.0,0.0,0.0,0.0,0.0,0.0267314,0.0714734,0.0303171,0.0,0.0039031,0.0067651,0.0077241,0.0061548,0.0035693,0.0017558,0.0009675,0.0014615,0.0008045,0.0015143],"regions":["south"]},"geometry":{"type":"Polygon","coordinates":[[[-85.46417,42.87571],[-85.14045,42.87571],[-84.99851,42.6279],[-85.3217,42.6279],[-85.46417,42.87571]]]}},{"type":"Feature","properties":{"cell_id":517.0,"area_km2":729.0,"elevation_m":258.6867676,"longitude":-84.9075595,"latitude":42.751733,"abundance":[0.0,0.0,0.0,0.0,0.0,0.0,0.0,0.0,0.0,0.0,0.0,0.0,0.0,0.0127021,0.0220131,0.0125737,0.0019179,0.0,0.0,0.0,0.0,0.0,0.0,0.0,0.0,0.0,0.0,0.0,0.0,0.0,0.0,0.0,0.0,0.0,0.0,0.0,0.0,0.0,0.0178617,0.0598771,0.005813,0.0,0.0,0.0,0.0,0.0,0.0,0.0,0.0,0.0,0.0,0.0],"lower":[0.0,0.0,0.0,0.0,0.0,0.0,0.0,0.0,0.0,0.0,0.0,0.0,0.0,0.0066934,0.0131309,0.0071127,0.0010269,0.0,0.0,0.0,0.0,0.0,0.0,0.0,0.0,0.0,0.0,0.0,0.0,0.0,0.0,0.0,0.0,0.0,0.0,0.0,0.0,0.0,0.0105433,0.0344147,0.003665,0.0,0.0,0.0,0.0,0.0,0.0,0.0,0.0,0.0,0.0,0.0],"upper":[0.0,0.0,0.0,0.0,0.0,0.0,0.0,0.0,0.0,0.0,0.0,0.0,0.0,0.0210894,0.0347631,0.019531,0.002841,0.0,0.0,0.0,0.0,0.0,0.0,0.0,0.0,0.0,0.0,0.0,0.0,0.0,0.0,0.0,0.0,0.0,0.0,0.0,0.0,0.0,0.0288058,0.0940405,0.0097387,0.0,0.0,0.0,0.0,0.0,0.0,0.0,0.0,0.0,0.0,0.0],"occurrence":[0.0,0.0,0.0,0.0,0.0,0.0,0.0,0.0,0.0,0.0,0.0,0.0,0.0,0.0100864,0.0174758,0.0103578,0.0016097,0.0,0.0,0.0,0.0,0.0,0.0,0.0,0.0,0.0,0.0,0.0,0.0,0.0,0.0,0.0,0.0,0.0,0.0,0.0,0.0,0.0,0.0152793,0.0503328,0.0050658,0.0,0.0,0.0,0.0,0.0,0.0,0.0,0.0,0.0,0.0,0.0],"regions":["south"]},"geometry":{"type":"Polygon","coordinates":[[[-85.14045,42.87571],[-84.81672,42.87571],[-84.67532,42.6279],[-84.99851,42.6279],[-85.14045,42.87571]]]}},{"type":"Feature","properties":{"cell_id":518.0,"area_km2":729.0,"elevation_m":260.3773499,"longitude":-84.5841021,"latitude":42.751733,"abundance":[0.0,0.0,0.0002078,0.0,0.0,0.0,0.0,0.0,0.0,0.0,0.0,0.0,0.0,0.1585872,0.1774379,0.1631427,0.083323,0.0436427,0.0,0.0,0.0,0.0,0.0,0.0,0.0,0.0,0.0,0.0,0.0,0.0,0.0,0.0,0.0,0.0,0.0,0.0,0.0,0.0064206,0.1260458,0.2164289,0.0905587,0.0,0.0008788,0.0014726,0.0016467,0.0023551,0.00125,0.0003685,0.0,0.0,0.0,0.0],"lower":[0.0,0.0,0.0,0.0,0.0,0.0,0.0,0.0,0.0,0.0,0.0,0.0,0.0,0.0980173,0.1185004,0.1077783,0.0512136,0.0214297,0.0,0.0,0.0,0.0,0.0,0.0,0.0,0.0,0.0,0.0,0.0,0.0,0.0,0.0,0.0,0.0,0.0,0.0,0.0,0.001761,0.0783554,0.1371822,0.0497892,0.0,0.0003465,0.0006449,0.0007041,0.0010224,0.0003428,0.0,0.0,0.0,0.0,0.0],"upper":[0.0,0.0,0.0007084,0.0,0.0,0.0,0.0,0.0,0.0,0.0,0.0,0.0,0.0,0.2468522,0.2691762,0.2375772,0.123952,0.0709492,0.0,0.0,0.0,0.0,0.0,0.0,0.0,0.0,0.0,0.0,0.0,0.0,0.0,0.0,0.0,0.0,0.0,0.0,0.0,0.0138657,0.1794316,0.3156537,0.1411875,0.0,0.0022269,0.0033242,0.0037663,0.0051926,0.0027237,0.0011449,0.0,0.0,0.0,0.0],"occurrence":[0.0,0.0,0.0001996,0.0,0.0,0.0,0.0,0.0,0.0,0.0,0.0,0.0,0.0,0.1290743,0.1440378,0.1368867,0.0719218,0.037533,0.0,0.0,0.0,0.0,0.0,0.0,0.0,0.0,0.0,0.0,0.0,0.0,0.0,0.0,0.0,0.0,0.0,0.0,0.0,0.0051382,0.1033226,0.1778645,0.0754703,0.0,0.000785,0.0013392,0.0015314,0.0022601,0.0012156,0.0003685,0.0,0.0,0.0,0.0],"regions":["south"]},"geometry":{"type":"Polygon","coordinates":[[[-84.81672,42.87571],[-84.49299,42.87571],[-84.35214,42.6279],[-84.67532,42.6279],[-84.81672,42.87571]]]}},{"type":"Feature","properties":{"cell_id":519.0,"area_km2":729.0,"elevation_m":267.756012,"longitude":-84.2606447,"latitude":42.751733,"abundance":[0.0006265,0.0012651,0.0013312,0.0001364,0.0,0.0,0.0,0.0,0.0,0.0,0.0,0.0,0.0,0.1156971,0.1647008,0.1726224,0.0727334,0.0358266,0.0,0.0,0.0,0.0,0.0,0.0,0.0,0.0,0.0,0.0,0.0,0.0,0.0,0.0,0.0,0.0,0.0,0.0,0.0,0.0,0.0878909,0.1962515,0.0923098,0.0,0.0,0.0032668,0.0042685,0.0046836,0.0035756,0.0033096,0.0004151,0.0,0.0,0.0006441],"lower":[0.0,0.0,0.0,0.0,0.0,0.0,0.0,0.0,0.0,0.0,0.0,0.0,0.0,0.0579213,0.095801,0.100739,0.0398051,0.014084,0.0,0.0,0.0,0.0,0.0,0.0,0.0,0.0,0.0,0.0,0.0,0.0,0.0,0.0,0.0,0.0,0.0,0.0,0.0,0.0,0.053896,0.1241611,0.0524308,0.0,0.0,0.0009991,0.0010897,0.0007922,9.5e-05,0.0,0.0,0.0,0.0,0.0],"upper":[0.0029534,0.0042361,0.0056433,0.000705,0.0,0.0,0.0,0.0,0.0,0.0,0.0,0.0,0.0,0.1891074,0.261291,0.2704432,0.1205876,0.0680514,0.0,0.0,0.0,0.0,0.0,0.0,0.0,0.0,0.0,0.0,0.0,0.0,0.0,0.0,0.0,0.0,0.0,0.0,0.0,0.0,0.1269347,0.2853412,0.1445063,0.0,0.0,0.0075542,0.0099001,0.0111612,0.0094606,0.011003,0.0015374,0.0,0.0,0.0024339],"occurrence":[0.0006207,0.0012325,0.0013296,0.0001315,0.0,0.0,0.0,0.0,0.0,0.0,0.0,0.0,0.0,0.0907797,0.1306541,0.139772,0.0619122,0.0306511,0.0,0.0,0.0,0.0,0.0,0.0,0.0,0.0,0.0,0.0,0.0,0.0,0.0,0.0,0.0,0.0,0.0,0.0,0.0,0.0,0.0769347,0.16656,0.0805666,0.0,0.0,0.003124,0.0041784,0.0046186,0.0034911,0.0032835,0.0004025,0.0,0.0,0.0006305],"regions":["south"]},"geometry":{"type":"Polygon","coordinates":[[[-84.49299,42.87571],[-84.16926,42.87571],[-84.02895,42.6279],[-84.35214,42.6279],[-84.49299,42.87571]]]}},{"type":"Feature","properties":{"cell_id":520.0,"area_km2":729.0,"elevation_m":274.5649109,"longitude":-83.9371874,"latitude":42.751733,"abundance":[0.0032971,0.0029778,0.0023079,0.0014359,0.0009245,0.0002898,0.0001194,0.0,0.0,0.0,0.0,0.0,0.0,0.1097231,0.1700391,0.1701199,0.0656612,0.0097585,0.0,0.0,0.0,0.0,0.0,0.0,0.0,0.0,0.0,0.0,0.0,0.0,0.0,0.0,0.0,0.0,0.0,0.0,0.0,0.0,0.1411514,0.2369731,0.1199333,0.0,0.0,0.0,0.0,0.0,0.0005442,0.0050747,0.001554,0.0015674,0.0001539,0.0020349],"lower":[0.0001369,0.0001298,4.12e-05,0.0,0.0,0.0,0.0,0.0,0.0,0.0,0.0,0.0,0.0,0.0430062,0.0883264,0.0855378,0.0351533,0.0032132,0.0,0.0,0.0,0.0,0.0,0.0,0.0,0.0,0.0,0.0,0.0,0.0,0.0,0.0,0.0,0.0,0.0,0.0,0.0,0.0,0.0821845,0.1505053,0.0710873,0.0,0.0,0.0,0.0,0.0,0.0,0.0,0.0,0.0,0.0,2.19e-05],"upper":[0.0123504,0.0121373,0.0116411,0.0084808,0.0055443,0.0010441,0.0004997,0.0,0.0,0.0,0.0,0.0,0.0,0.193403,0.2733519,0.262141,0.1013468,0.0204074,0.0,0.0,0.0,0.0,0.0,0.0,0.0,0.0,0.0,0.0,0.0,0.0,0.0,0.0,0.0,0.0,0.0,0.0,0.0,0.0,0.2061648,0.3393367,0.1858548,0.0,0.0,0.0,0.0,0.0,0.0020386,0.0176142,0.0060659,0.0064872,0.0008987,0.0098492],"occurrence":[0.00321,0.0029378,0.0022973,0.0014302,0.0009172,0.0002898,0.000116,0.0,0.0,0.0,0.0,0.0,0.0,0.0907262,0.1385116,0.1407355,0.0576673,0.0088828,0.0,0.0,0.0,0.0,0.0,0.0,0.0,0.0,0.0,0.0,0.0,0.0,0.0,0.0,0.0,0.0,0.0,0.0,0.0,0.0,0.1223648,0.2001832,0.1055997,0.0,0.0,0.0,0.0,0.0,0.0005343,0.0050232,0.0015378,0.0015373,0.0001415,0.0019896],"regions":["south"]},"geometry":{"type":"Polygon","coordinates":[[[-84.16926,42.87571],[-83.84553,42.87571],[-83.70576,42.6279],[-84.02895,42.6279],[-84.16926,42.87571]]]}},{"type":"Feature","properties":{"cell_id":521.0,"area_km2":729.0,"elevation_m":296.9051514,"longitude":-83.61373,"latitude":42.751733,"abundance":[0.0051994,0.0048571,0.001267,0.0012624,0.0013795,0.0009318,0.0005123,0.0001455,0.0,0.0,0.0,0.0,0.0,0.0982669,0.1704924,0.1556015,0.0403063,0.0,0.0,0.0,0.0,0.0,0.0,0.0,0.0,0.0,0.0,0.0,0.0,0.0,0.0,0.0,0.0,0.0,0.0,0.0,0.0,0.0,0.1102726,0.202212,0.1243612,0.0,0.0,0.0,0.0008766,0.0003796,0.0004525,0.0014305,0.0015724,0.0015835,0.0,0.001433],"lower":[0.000256,0.0001404,2.93e-05,0.0,0.0,0.0,0.0,0.0,0.0,0.0,0.0,0.0,0.0,0.0361008,0.0838135,0.06776,0.0194289,0.0,0.0,0.0,0.0,0.0,0.0,0.0,0.0,0.0,0.0,0.0,0.0,0.0,0.0,0.0,0.0,0.0,0.0,0.0,0.0,0.0,0.0610112,0.1234301,0.0744939,0.0,0.0,0.0,7.02e-05,0.0,0.0,0.0,0.0,0.0,0.0,0.0001027],"upper":[0.0225344,0.0206796,0.0085353,0.008614,0.0079196,0.0041716,0.0025496,0.0011208,0.0,0.0,0.0,0.0,0.0,0.1964105,0.2835244,0.2588601,0.0699391,0.0,0.0,0.0,0.0,0.0,0.0,0.0,0.0,0.0,0.0,0.0,0.0,0.0,0.0,0.0,0.0,0.0,0.0,0.0,0.0,0.0,0.1681573,0.3026175,0.1935877,0.0,0.0,0.0,0.0037041,0.0017659,0.0017917,0.0062174,0.007883,0.0070072,0.0,0.009287],"occurrence":[0.0050873,0.0047893,0.0012578,0.0012624,0.0013795,0.0009318,0.0005086,0.0001447,0.0,0.0,0.0,0.0,0.0,0.0832805,0.1433282,0.130982,0.0355999,0.0,0.0,0.0,0.0,0.0,0.0,0.0,0.0,0.0,0.0,0.0,0.0,0.0,0.0,0.0,0.0,0.0,0.0,0.0,0.0,0.0,0.0931688,0.1613491,0.1030821,0.0,0.0,0.0,0.0008164,0.0003752,0.0004468,0.0014218,0.0015412,0.0015163,0.0,0.0014056],"regions":["south"]},"geometry":{"type":"Polygon","coordinates":[[[-83.84553,42.87571],[-83.52181,42.87571],[-83.38257,42.6279],[-83.70576,42.6279],[-83.84553,42.87571]]]}},{"type":"Feature","properties":{"cell_id":522.0,"area_km2":729.0,"elevation_m":291.7924805,"longitude":-83.2902726,"latitude":42.751733,"abundance":[0.001311,0.0026237,0.0,0.0,0.0,0.0002523,0.0002831,0.0,0.0,0.0,0.0,0.0,0.0,0.0367019,0.1603138,0.1428792,0.0659388,0.0,0.0,0.0,0.0,0.0,0.0,0.0,0.0,0.0,0.0,0.0,0.0,0.0,0.0,0.0,0.0,0.0,0.0,0.0,0.0,0.0,0.096334,0.1859743,0.0910802,0.0014354,0.0,0.0,0.0,0.0,0.0,0.0001702,0.001317,0.0018157,0.0,0.0],"lower":[8.92e-05,9.44e-05,0.0,0.0,0.0,0.0,0.0,0.0,0.0,0.0,0.0,0.0,0.0,0.0153379,0.0853975,0.0714725,0.0300954,0.0,0.0,0.0,0.0,0.0,0.0,0.0,0.0,0.0,0.0,0.0,0.0,0.0,0.0,0.0,0.0,0.0,0.0,0.0,0.0,0.0,0.0485616,0.1050588,0.0511884,0.000635,0.0,0.0,0.0,0.0,0.0,8e-07,7e-05,0.0001299,0.0,0.0],"upper":[0.0056481,0.0097391,0.0,0.0,0.0,0.0016476,0.0019679,0.0,0.0,0.0,0.0,0.0,0.0,0.0876475,0.2689636,0.236297,0.1140285,0.0,0.0,0.0,0.0,0.0,0.0,0.0,0.0,0.0,0.0,0.0,0.0,0.0,0.0,0.0,0.0,0.0,0.0,0.0,0.0,0.0,0.1512789,0.2934767,0.1486679,0.0028469,0.0,0.0,0.0,0.0,0.0,0.000807,0.0043884,0.0066065,0.0,0.0],"occurrence":[0.0012501,0.0025848,0.0,0.0,0.0,0.0002523,0.0002818,0.0,0.0,0.0,0.0,0.0,0.0,0.0306601,0.1373982,0.12353,0.0586181,0.0,0.0,0.0,0.0,0.0,0.0,0.0,0.0,0.0,0.0,0.0,0.0,0.0,0.0,0.0,0.0,0.0,0.0,0.0,0.0,0.0,0.0783008,0.1489734,0.0764048,0.0013313,0.0,0.0,0.0,0.0,0.0,0.0001589,0.0012378,0.0016646,0.0,0.0],"regions":["south"]},"geometry":{"type":"Polygon","coordinates":[[[-83.52181,42.87571],[-83.19808,42.87571],[-83.05938,42.6279],[-83.38257,42.6279],[-83.52181,42.87571]]]}},{"type":"Feature","properties":{"cell_id":523.0,"area_km2":729.0,"elevation_m":226.997879,"longitude":-82.9668153,"latitude":42.751733,"abundance":[0.0004407,0.0011481,0.0,0.0,0.0,0.0002227,0.0,0.0,0.0,0.0,0.0,0.0,0.0,0.0582081,0.1756361,0.2146778,0.0705046,0.0,0.0,0.0,0.0,0.0,0.0,0.0,0.0,0.0,0.0,0.0,0.0,0.0,0.0,0.0,0.0,0.0,0.0,0.0,0.0,0.0014773,0.1731921,0.255578,0.1066774,0.0018508,0.0,0.0,0.0,0.0,0.0,0.0037853,0.0111249,0.0122127,0.0,0.0],"lower":[7.59e-05,6.69e-05,0.0,0.0,0.0,0.0,0.0,0.0,0.0,0.0,0.0,0.0,0.0,0.0252087,0.083681,0.1052404,0.0315441,0.0,0.0,0.0,0.0,0.0,0.0,0.0,0.0,0.0,0.0,0.0,0.0,0.0,0.0,0.0,0.0,0.0,0.0,0.0,0.0,0.0004715,0.0886406,0.1485077,0.0597926,0.0009234,0.0,0.0,0.0,0.0,0.0,0.0001843,0.0005891,0.0005002,0.0,0.0],"upper":[0.0011339,0.0037316,0.0,0.0,0.0,0.0009074,0.0,0.0,0.0,0.0,0.0,0.0,0.0,0.1004009,0.2785778,0.3383583,0.1164125,0.0,0.0,0.0,0.0,0.0,0.0,0.0,0.0,0.0,0.0,0.0,0.0,0.0,0.0,0.0,0.0,0.0,0.0,0.0,0.0,0.0045756,0.2584603,0.384297,0.1670756,0.0028839,0.0,0.0,0.0,0.0,0.0,0.0146467,0.0357977,0.0394139,0.0,0.0],"occurrence":[0.0004339,0.0011312,0.0,0.0,0.0,0.0002227,0.0,0.0,0.0,0.0,0.0,0.0,0.0,0.0480612,0.1463711,0.1787859,0.058843,0.0,0.0,0.0,0.0,0.0,0.0,0.0,0.0,0.0,0.0,0.0,0.0,0.0,0.0,0.0,0.0,0.0,0.0,0.0,0.0,0.0011896,0.1380246,0.2021272,0.0901718,0.0015532,0.0,0.0,0.0,0.0,0.0,0.0034754,0.0098996,0.0104518,0.0,0.0],"regions":["south"]},"geometry":{"type":"Polygon","coordinates":[[[-83.19808,42.87571],[-82.87435,42.87571],[-82.73619,42.6279],[-83.05938,42.6279],[-83.19808,42.87571]]]}},{"type":"Feature","properties":{"cell_id":524.0,"area_km2":654.6789658,"elevation_m":192.7974701,"longitude":-82.6619716,"latitude":42.7610588,"abundance":[0.0001304,0.0001374,0.0,0.0,0.0,0.0,0.0,0.0,0.0,0.0,0.0,0.0,0.0,0.0773382,0.2096149,0.2686947,0.1043193,0.0,0.0,0.0,0.0,0.0,0.0,0.0,0.0,0.0005503,0.0005258,0.0,0.0,0.0,0.0,0.0,0.0,0.0,0.0,0.0,0.0,0.0131218,0.2422818,0.3328193,0.2017813,0.0,0.0,0.0,0.0,0.0,0.0,0.005016,0.0123367,0.0126745,0.0002235,0.0001682],"lower":[0.0,0.0,0.0,0.0,0.0,0.0,0.0,0.0,0.0,0.0,0.0,0.0,0.0,0.0441384,0.1207625,0.1548292,0.0579795,0.0,0.0,0.0,0.0,0.0,0.0,0.0,0.0,0.0,0.0,0.0,0.0,0.0,0.0,0.0,0.0,0.0,0.0,0.0,0.0,0.0043364,0.1369175,0.217176,0.1231194,0.0,0.0,0.0,0.0,0.0,0.0,0.0003859,0.0004072,0.0002917,0.0,0.0],"upper":[0.0004866,0.0006122,0.0,0.0,0.0,0.0,0.0,0.0,0.0,0.0,0.0,0.0,0.0,0.1226616,0.3177852,0.4035884,0.1648779,0.0,0.0,0.0,0.0,0.0,0.0,0.0,0.0,0.0033937,0.0033236,0.0,0.0,0.0,0.0,0.0,0.0,0.0,0.0,0.0,0.0,0.0259908,0.3670743,0.4883026,0.30855,0.0,0.0,0.0,0.0,0.0,0.0,0.0170758,0.0379486,0.0385626,0.0007681,0.0005826],"occurrence":[0.0001207,0.0001368,0.0,0.0,0.0,0.0,0.0,0.0,0.0,0.0,0.0,0.0,0.0,0.0538827,0.1548413,0.2010323,0.0793079,0.0,0.0,0.0,0.0,0.0,0.0,0.0,0.0,0.0004357,0.0004079,0.0,0.0,0.0,0.0,0.0,0.0,0.0,0.0,0.0,0.0,0.0098244,0.1671666,0.2311679,0.1452252,0.0,0.0,0.0,0.0,0.0,0.0,0.0042684,0.0103721,0.0104202,0.0001863,0.0001515],"regions":["south"]},"geometry":{"type":"Polygon","coordinates":[[[-82.87435,42.87571],[-82.55062,42.87571],[-82.48406,42.75612],[-82.48835,42.73951],[-82.54372,42.6279],[-82.73619,42.6279],[-82.87435,42.87571]]]}},{"type":"Feature","properties":{"cell_id":525.0,"area_km2":52.8304338,"elevation_m":189.4774475,"longitude":-82.4959789,"latitude":42.8358314,"abundance":[0.0,0.0,0.0,0.0,0.0,0.0,0.0,0.0,0.0,0.0,0.0,0.0,0.0,0.2234595,0.4012205,0.3608537,0.1861828,0.0,0.0,0.0,0.0,0.0,0.0,0.0,0.0,0.0,0.0,0.0,0.0,0.0,0.0,0.0,0.0,0.0,0.0,0.0,0.0,0.0041292,0.2382951,0.3950622,0.252826,0.0,0.0,0.0,0.0,0.0,0.0,0.0,0.0002042,0.0,0.0,0.0],"lower":[0.0,0.0,0.0,0.0,0.0,0.0,0.0,0.0,0.0,0.0,0.0,0.0,0.0,0.1199644,0.2598591,0.2246553,0.1048455,0.0,0.0,0.0,0.0,0.0,0.0,0.0,0.0,0.0,0.0,0.0,0.0,0.0,0.0,0.0,0.0,0.0,0.0,0.0,0.0,0.0016452,0.145774,0.2592372,0.1483566,0.0,0.0,0.0,0.0,0.0,0.0,0.0,0.0,0.0,0.0,0.0],"upper":[0.0,0.0,0.0,0.0,0.0,0.0,0.0,0.0,0.0,0.0,0.0,0.0,0.0,0.3477811,0.5469488,0.501323,0.2873162,0.0,0.0,0.0,0.0,0.0,0.0,0.0,0.0,0.0,0.0,0.0,0.0,0.0,0.0,0.0,0.0,0.0,0.0,0.0,0.0,0.0068256,0.3454782,0.5727683,0.3780277,0.0,0.0,0.0,0.0,0.0,0.0,0.0,0.0009585,0.0,0.0,0.0],"occurrence":[0.0,0.0,0.0,0.0,0.0,0.0,0.0,0.0,0.0,0.0,0.0,0.0,0.0,0.1539042,0.2914559,0.2587027,0.1394617,0.0,0.0,0.0,0.0,0.0,0.0,0.0,0.0,0.0,0.0,0.0,0.0,0.0,0.0,0.0,0.0,0.0,0.0,0.0,0.0,0.0035527,0.1756839,0.2776258,0.1856717,0.0,0.0,0.0,0.0,0.0,0.0,0.0,0.0001888,0.0,0.0,0.0],"regions":["south"]},"geometry":{"type":"Polygon","coordinates":[[[-82.55062,42.87571],[-82.45334,42.87571],[-82.48406,42.75612],[-82.55062,42.87571]]]}},{"type":"Feature","properties":{"cell_id":535.0,"area_km2":729.0,"elevation_m":180.4158936,"longitude":-86.3812567,"latitude":42.5041985,"abundance":[0.0,0.0,0.0,0.0,0.0,0.0022921,0.0,0.0,0.0,0.0,0.0,0.0,0.0,0.1152969,0.1787014,0.1383301,0.0535084,0.0062064,0.0,0.0,0.0,0.0,0.0,0.0,0.0,0.0,0.0,0.0,0.0,0.0,0.0,0.0,0.0,0.0,0.0,0.0,0.0,0.0,0.0245053,0.0755702,0.0434379,0.0,0.0,0.0,0.0,0.0025451,0.0028844,0.0032633,0.0033193,0.0,0.0,0.0],"lower":[0.0,0.0,0.0,0.0,0.0,0.0,0.0,0.0,0.0,0.0,0.0,0.0,0.0,0.0614522,0.1052634,0.0834418,0.0252716,0.0024995,0.0,0.0,0.0,0.0,0.0,0.0,0.0,0.0,0.0,0.0,0.0,0.0,0.0,0.0,0.0,0.0,0.0,0.0,0.0,0.0,0.0091579,0.0415033,0.0231618,0.0,0.0,0.0,0.0,0.0,9.2e-05,0.0,0.0,0.0,0.0,0.0],"upper":[0.0,0.0,0.0,0.0,0.0,0.0109903,0.0,0.0,0.0,0.0,0.0,0.0,0.0,0.1709762,0.2566413,0.1966205,0.0896408,0.0117526,0.0,0.0,0.0,0.0,0.0,0.0,0.0,0.0,0.0,0.0,0.0,0.0,0.0,0.0,0.0,0.0,0.0,0.0,0.0,0.0,0.0446641,0.1256346,0.0757448,0.0,0.0,0.0,0.0,0.0078479,0.0107665,0.0116248,0.0111178,0.0,0.0,0.0],"occurrence":[0.0,0.0,0.0,0.0,0.0,0.0022449,0.0,0.0,0.0,0.0,0.0,0.0,0.0,0.0899149,0.1372576,0.1072353,0.0430938,0.005285,0.0,0.0,0.0,0.0,0.0,0.0,0.0,0.0,0.0,0.0,0.0,0.0,0.0,0.0,0.0,0.0,0.0,0.0,0.0,0.0,0.0194271,0.0573963,0.034233,0.0,0.0,0.0,0.0,0.0024731,0.0026735,0.0032545,0.0032928,0.0,0.0,0.0],"regions":["south"]},"geometry":{"type":"Polygon","coordinates":[[[-86.61445,42.6279],[-86.29126,42.6279],[-86.14871,42.38064],[-86.47136,42.38064],[-86.61445,42.6279]]]}},{"type":"Feature","properties":{"cell_id":536.0,"area_km2":729.0,"elevation_m":207.8782349,"longitude":-86.0583361,"latitude":42.5041985,"abundance":[0.0005839,0.0006788,0.0011631,0.0046887,0.0076975,0.0074558,0.0035505,0.0005126,0.0004035,0.0,0.0,0.0,0.0,0.1217777,0.2148237,0.2024507,0.087951,0.00877,0.0023527,0.0,0.0,0.0,0.0,0.0,0.0,0.0,0.0,0.0,0.0,0.0,0.0,0.0,0.0,0.0,0.0,0.0,0.0,0.0,0.0453751,0.0849052,0.0442362,0.0,0.0039811,0.0073439,0.0075713,0.0108729,0.0076144,0.0062723,0.0028445,0.0010351,0.000891,0.000716],"lower":[6.3e-05,0.0001082,0.0001554,0.000585,0.0013885,0.001283,0.0003713,4.32e-05,0.0,0.0,0.0,0.0,0.0,0.0655195,0.1294013,0.1187515,0.0426301,0.0037632,0.0011076,0.0,0.0,0.0,0.0,0.0,0.0,0.0,0.0,0.0,0.0,0.0,0.0,0.0,0.0,0.0,0.0,0.0,0.0,0.0,0.025011,0.0499117,0.0234593,0.0,0.0009209,0.0011927,0.0018267,0.0027983,0.0019539,0.0009779,0.0002446,0.0001335,7.28e-05,0.0001067],"upper":[0.0014774,0.0021558,0.0037864,0.0143117,0.026454,0.034199,0.0177085,0.0028648,0.0025439,0.0,0.0,0.0,0.0,0.1863548,0.3220666,0.2962902,0.1304309,0.0187832,0.0048619,0.0,0.0,0.0,0.0,0.0,0.0,0.0,0.0,0.0,0.0,0.0,0.0,0.0,0.0,0.0,0.0,0.0,0.0,0.0,0.074965,0.1389505,0.0770487,0.0,0.0086445,0.0150047,0.0161305,0.0246085,0.0193519,0.0171375,0.0080757,0.0035374,0.0028434,0.0018213],"occurrence":[0.0005686,0.0006487,0.0011454,0.0045338,0.0075252,0.0071171,0.0034701,0.0005123,0.0004015,0.0,0.0,0.0,0.0,0.1013327,0.1789041,0.1626599,0.0741906,0.0076332,0.002126,0.0,0.0,0.0,0.0,0.0,0.0,0.0,0.0,0.0,0.0,0.0,0.0,0.0,0.0,0.0,0.0,0.0,0.0,0.0,0.0355099,0.0663895,0.0353616,0.0,0.0032236,0.0063846,0.0068086,0.0100399,0.0073441,0.0060136,0.0027302,0.0010246,0.0008666,0.0007046],"regions":["south"]},"geometry":{"type":"Polygon","coordinates":[[[-86.29126,42.6279],[-85.96808,42.6279],[-85.82606,42.38064],[-86.14871,42.38064],[-86.29126,42.6279]]]}},{"type":"Feature","properties":{"cell_id":537.0,"area_km2":729.0,"elevation_m":237.6329498,"longitude":-85.7354155,"latitude":42.5041985,"abundance":[0.0106125,0.0106005,0.0124456,0.0155992,0.01493,0.0107985,0.008258,0.0051816,0.0056579,0.0006937,0.0008531,0.0,0.0,0.0954888,0.1850599,0.1452152,0.0347882,0.0,0.0,0.0,0.0,0.0,0.0,0.0,0.0,0.0,0.0,0.0,0.0,0.0,0.0,0.0,0.0,0.0,0.0,0.0,0.0,0.0,0.0777123,0.1264842,0.0883735,0.0052604,0.024452,0.031621,0.0295768,0.0263217,0.0217378,0.0175878,0.014773,0.0166552,0.0131513,0.0133046],"lower":[0.0027665,0.0025017,0.0033955,0.0040274,0.0041997,0.0031798,0.0022016,0.0013898,0.0012854,0.0001807,0.0002309,0.0,0.0,0.0554674,0.1137128,0.0824377,0.0176902,0.0,0.0,0.0,0.0,0.0,0.0,0.0,0.0,0.0,0.0,0.0,0.0,0.0,0.0,0.0,0.0,0.0,0.0,0.0,0.0,0.0,0.0468057,0.0817685,0.0520712,0.0023017,0.0088536,0.0100424,0.0110312,0.0100925,0.0063728,0.0035352,0.0025761,0.0029802,0.0031424,0.0034516],"upper":[0.0246966,0.024172,0.0304498,0.0411903,0.0424605,0.0355554,0.0271856,0.0183748,0.0185024,0.0025287,0.0023219,0.0,0.0,0.1522737,0.273069,0.2149503,0.0542142,0.0,0.0,0.0,0.0,0.0,0.0,0.0,0.0,0.0,0.0,0.0,0.0,0.0,0.0,0.0,0.0,0.0,0.0,0.0,0.0,0.0,0.1260623,0.2034356,0.14286,0.0107062,0.0526201,0.0654554,0.0571734,0.0576532,0.0527968,0.0490506,0.04272,0.0534938,0.0415539,0.0349569],"occurrence":[0.0098428,0.0095308,0.0114952,0.0148866,0.0142841,0.0101548,0.0079686,0.0050555,0.0055395,0.0006831,0.0007583,0.0,0.0,0.0754718,0.1479091,0.1161948,0.0290108,0.0,0.0,0.0,0.0,0.0,0.0,0.0,0.0,0.0,0.0,0.0,0.0,0.0,0.0,0.0,0.0,0.0,0.0,0.0,0.0,0.0,0.0630674,0.0997855,0.0696346,0.0038659,0.0199991,0.0275287,0.0262343,0.0242669,0.0204902,0.0166339,0.0138663,0.0155482,0.0122075,0.0122384],"regions":["south"]},"geometry":{"type":"Polygon","coordinates":[[[-85.96808,42.6279],[-85.64489,42.6279],[-85.5034,42.38064],[-85.82606,42.38064],[-85.96808,42.6279]]]}},{"type":"Feature","properties":{"cell_id":538.0,"area_km2":729.0,"elevation_m":270.5805664,"longitude":-85.4124949,"latitude":42.5041985,"abundance":[0.0276189,0.0287297,0.0339561,0.0338707,0.0261932,0.0151649,0.0086681,0.0060968,0.0079186,0.0032136,0.0029378,0.0007148,0.001317,0.136108,0.1976191,0.1591113,0.0347173,0.0008714,0.0,0.0,0.0,0.0,0.0,0.0,0.0,0.0,0.0,0.0,0.0,0.0,0.0,0.0,0.0,0.0,0.0,0.0,0.0,0.0,0.0793553,0.1263891,0.1089941,0.0111891,0.054195,0.0590072,0.0529364,0.0442511,0.0384733,0.0373148,0.0357084,0.0360512,0.0283301,0.0311519],"lower":[0.0088084,0.0085232,0.0105628,0.0099271,0.0075893,0.0041787,0.0023718,0.0016803,0.002023,0.0008401,0.0007139,0.0002478,0.0004935,0.0737183,0.1309825,0.0907093,0.0176825,0.0004452,0.0,0.0,0.0,0.0,0.0,0.0,0.0,0.0,0.0,0.0,0.0,0.0,0.0,0.0,0.0,0.0,0.0,0.0,0.0,0.0,0.0486313,0.081506,0.0654601,0.0051163,0.0196998,0.0215373,0.0204144,0.0177854,0.0147962,0.0114554,0.0091808,0.0106924,0.0084258,0.0088367],"upper":[0.0634001,0.0675397,0.078084,0.0816308,0.0697489,0.0475699,0.0288503,0.0234418,0.028252,0.0124194,0.0088455,0.0020041,0.0025002,0.2264004,0.293521,0.2394748,0.0589649,0.0020633,0.0,0.0,0.0,0.0,0.0,0.0,0.0,0.0,0.0,0.0,0.0,0.0,0.0,0.0,0.0,0.0,0.0,0.0,0.0,0.0,0.1225035,0.197292,0.1749755,0.0204868,0.0984287,0.1016298,0.088771,0.0825488,0.0786615,0.0843588,0.078462,0.0775134,0.0610615,0.0669965],"occurrence":[0.0252658,0.0260942,0.0317059,0.0319153,0.0248036,0.0142526,0.008319,0.0059279,0.0076898,0.0030877,0.0025928,0.0005688,0.0009738,0.1009435,0.1507207,0.1223666,0.0283603,0.000719,0.0,0.0,0.0,0.0,0.0,0.0,0.0,0.0,0.0,0.0,0.0,0.0,0.0,0.0,0.0,0.0,0.0,0.0,0.0,0.0,0.0648442,0.0995865,0.0864782,0.0084051,0.0462999,0.0529855,0.0482833,0.0415933,0.0367548,0.0352549,0.0338016,0.0339302,0.0264337,0.0286593],"regions":["south"]},"geometry":{"type":"Polygon","coordinates":[[[-85.64489,42.6279],[-85.3217,42.6279],[-85.18075,42.38064],[-85.5034,42.38064],[-85.64489,42.6279]]]}},{"type":"Feature","properties":{"cell_id":539.0,"area_km2":729.0,"elevation_m":277.7365723,"longitude":-85.0895743,"latitude":42.5041985,"abundance":[0.0118185,0.0136498,0.0159693,0.014011,0.0114269,0.0019072,0.0014982,0.0009099,0.0023917,0.0003612,0.0,0.0,0.0,0.0728764,0.1294916,0.0931429,0.0357477,0.0087177,0.0004288,0.0003209,0.0,0.0,0.0,0.0,0.0,0.0,0.0,0.0,0.0,0.0,0.0,0.0,0.0,0.0,0.0,0.0,0.0,0.0,0.0649772,0.1066755,0.0808799,0.0,0.0285173,0.0297873,0.0261979,0.0212656,0.0153394,0.0168875,0.0155177,0.0140496,0.0091996,0.0111239],"lower":[0.0032683,0.0039119,0.0046325,0.0036755,0.0026564,0.0004445,0.0003268,0.0001726,0.0005747,8.96e-05,0.0,0.0,0.0,0.0387783,0.0798302,0.0556722,0.0200146,0.0037916,0.000211,0.0001072,0.0,0.0,0.0,0.0,0.0,0.0,0.0,0.0,0.0,0.0,0.0,0.0,0.0,0.0,0.0,0.0,0.0,0.0,0.0397342,0.0680019,0.0497798,0.0,0.0081853,0.0089061,0.009199,0.0082135,0.0057673,0.0049461,0.0034092,0.0029237,0.0018788,0.0024731],"upper":[0.0281753,0.0335653,0.0384606,0.0354094,0.0300605,0.0055904,0.0050856,0.0033421,0.007684,0.0014361,0.0,0.0,0.0,0.1243364,0.2031766,0.1421091,0.0580676,0.01781,0.0009452,0.0006571,0.0,0.0,0.0,0.0,0.0,0.0,0.0,0.0,0.0,0.0,0.0,0.0,0.0,0.0,0.0,0.0,0.0,0.0,0.1008631,0.1654649,0.1277496,0.0,0.0527733,0.0532372,0.0446251,0.0374574,0.0301211,0.0399381,0.0369706,0.0338191,0.0216517,0.0243396],"occurrence":[0.010732,0.0123885,0.0145359,0.0129889,0.010531,0.0017658,0.0014306,0.0008792,0.0023415,0.0003552,0.0,0.0,0.0,0.0569751,0.1049677,0.0762363,0.0308163,0.0073059,0.0003845,0.0002859,0.0,0.0,0.0,0.0,0.0,0.0,0.0,0.0,0.0,0.0,0.0,0.0,0.0,0.0,0.0,0.0,0.0,0.0,0.0552828,0.0887002,0.0682076,0.0,0.0257442,0.0277488,0.0245531,0.0203282,0.0147485,0.0162172,0.0148783,0.0134835,0.0087195,0.0102023],"regions":["south"]},"geometry":{"type":"Polygon","coordinates":[[[-85.3217,42.6279],[-84.99851,42.6279],[-84.85809,42.38064],[-85.18075,42.38064],[-85.3217,42.6279]]]}},{"type":"Feature","properties":{"cell_id":540.0,"area_km2":729.0,"elevation_m":280.1947327,"longitude":-84.7666538,"latitude":42.5041985,"abundance":[0.0015225,0.0014143,0.0012701,0.0012027,0.001069,0.0002309,0.0,0.0,0.0001971,0.0002343,0.0,0.0,0.0,0.0362376,0.0542163,0.0439139,0.0079015,0.0021884,0.0,0.0,0.0,0.0,0.0,0.0,0.0,0.0,0.0,0.0,0.0,0.0,0.0,0.0,0.0,0.0,0.0,0.0,0.0,0.0,0.0145251,0.0542644,0.0187888,0.0,0.0015357,0.002435,0.002223,0.0021003,0.0015444,0.0024869,0.0016667,0.0012793,0.0009707,0.0009349],"lower":[0.0003382,0.000302,0.0003666,0.00036,0.0002652,8.33e-05,0.0,0.0,0.0,1.21e-05,0.0,0.0,0.0,0.0190044,0.0299447,0.0233124,0.0041293,0.0011343,0.0,0.0,0.0,0.0,0.0,0.0,0.0,0.0,0.0,0.0,0.0,0.0,0.0,0.0,0.0,0.0,0.0,0.0,0.0,0.0,0.0081122,0.0302855,0.01049,0.0,0.0005956,0.0008965,0.0008204,0.0007427,0.0005592,0.0008495,0.0003976,0.0002392,0.000115,0.0001175],"upper":[0.0029566,0.0030078,0.0029455,0.003384,0.0033033,0.0006515,0.0,0.0,0.0009178,0.0009845,0.0,0.0,0.0,0.0635299,0.0862834,0.067553,0.0120321,0.0042317,0.0,0.0,0.0,0.0,0.0,0.0,0.0,0.0,0.0,0.0,0.0,0.0,0.0,0.0,0.0,0.0,0.0,0.0,0.0,0.0,0.0229423,0.0887399,0.0320726,0.0,0.0028677,0.0046254,0.0045674,0.0043205,0.0035406,0.0058646,0.0033266,0.0024604,0.0017649,0.0019012],"occurrence":[0.001346,0.0012272,0.0011637,0.0011219,0.0010006,0.0002228,0.0,0.0,0.0001971,0.0002124,0.0,0.0,0.0,0.029499,0.0451268,0.0371914,0.0068353,0.0017781,0.0,0.0,0.0,0.0,0.0,0.0,0.0,0.0,0.0,0.0,0.0,0.0,0.0,0.0,0.0,0.0,0.0,0.0,0.0,0.0,0.0123923,0.0461677,0.0161174,0.0,0.0014026,0.0022931,0.0021385,0.0020604,0.0014977,0.002442,0.001619,0.0012501,0.000909,0.000881],"regions":["south"]},"geometry":{"type":"Polygon","coordinates":[[[-84.99851,42.6279],[-84.67532,42.6279],[-84.53544,42.38064],[-84.85809,42.38064],[-84.99851,42.6279]]]}},{"type":"Feature","properties":{"cell_id":541.0,"area_km2":729.0,"elevation_m":284.0905151,"longitude":-84.4437332,"latitude":42.5041985,"abundance":[0.0048538,0.0048016,0.0063943,0.0038102,0.0033166,0.0010082,0.000425,0.0,0.0004074,0.00066,0.0,0.0,0.0,0.0997571,0.1402023,0.1304518,0.0314458,0.0030847,0.0,0.0,0.0,0.0,0.0,0.0,0.0,0.0,0.0,0.0,0.0,0.0,0.0,0.0,0.0,0.0,0.0,0.0,0.0,0.0,0.0317143,0.1093482,0.0530674,0.0,0.0026309,0.0059253,0.0066734,0.0075515,0.0080981,0.0104361,0.006657,0.0044378,0.0033607,0.0038389],"lower":[0.0011628,0.0010741,0.0013152,0.0006864,0.0004672,8.65e-05,0.0,0.0,0.0,4.62e-05,0.0,0.0,0.0,0.050582,0.0846618,0.0780834,0.018104,0.0012087,0.0,0.0,0.0,0.0,0.0,0.0,0.0,0.0,0.0,0.0,0.0,0.0,0.0,0.0,0.0,0.0,0.0,0.0,0.0,0.0,0.0179145,0.0619024,0.030354,0.0,0.0010257,0.0020867,0.002517,0.0027636,0.0026695,0.0033033,0.0014821,0.000733,0.0004674,0.0006383],"upper":[0.0096967,0.0094749,0.0138832,0.0104806,0.0102833,0.0036534,0.0013702,0.0,0.0014353,0.002081,0.0,0.0,0.0,0.1706323,0.224724,0.1984912,0.0481581,0.0057051,0.0,0.0,0.0,0.0,0.0,0.0,0.0,0.0,0.0,0.0,0.0,0.0,0.0,0.0,0.0,0.0,0.0,0.0,0.0,0.0,0.0483565,0.1712002,0.0828399,0.0,0.0059319,0.0129548,0.0156518,0.0165461,0.0185792,0.0252071,0.0139679,0.0095645,0.0072271,0.0081016],"occurrence":[0.0047268,0.0045224,0.0059097,0.0036394,0.003075,0.0009329,0.0003944,0.0,0.0003592,0.0006249,0.0,0.0,0.0,0.0786151,0.1134819,0.108754,0.0274854,0.0027311,0.0,0.0,0.0,0.0,0.0,0.0,0.0,0.0,0.0,0.0,0.0,0.0,0.0,0.0,0.0,0.0,0.0,0.0,0.0,0.0,0.0269981,0.0915384,0.0462651,0.0,0.0025085,0.0055917,0.0063938,0.0072927,0.0078665,0.0101541,0.0064692,0.0043135,0.0032614,0.003711],"regions":["south"]},"geometry":{"type":"Polygon","coordinates":[[[-84.67532,42.6279],[-84.35214,42.6279],[-84.21278,42.38064],[-84.53544,42.38064],[-84.67532,42.6279]]]}},{"type":"Feature","properties":{"cell_id":542.0,"area_km2":729.0,"elevation_m":284.7513733,"longitude":-84.1208126,"latitude":42.5041985,"abundance":[0.0075988,0.0057659,0.005462,0.003988,0.0024568,0.0004632,0.0005533,0.0003931,0.0004476,0.001198,0.0007356,0.000803,0.0,0.1392425,0.1949427,0.1924372,0.0675184,0.000975,0.0,0.0,0.0,0.0,0.0,0.0,0.0,0.0,0.0,0.0,0.0,0.0,0.0,0.0,0.0,0.0,0.0,0.0,0.0,0.0041831,0.095512,0.200414,0.1125993,0.0,0.0027596,0.0070109,0.0060128,0.0052092,0.009351,0.0118082,0.0069043,0.0075884,0.0070395,0.0070001],"lower":[0.001815,0.0015496,0.0012722,0.0006628,0.0003143,6.44e-05,7.16e-05,2.81e-05,2.63e-05,6.22e-05,0.0001341,0.0001776,0.0,0.0713371,0.1189767,0.1222986,0.0391808,0.000401,0.0,0.0,0.0,0.0,0.0,0.0,0.0,0.0,0.0,0.0,0.0,0.0,0.0,0.0,0.0,0.0,0.0,0.0,0.0,0.0018389,0.0594332,0.1234052,0.0629555,0.0,0.0011852,0.0020866,0.0020802,0.001694,0.0026482,0.0036243,0.0018288,0.0016827,0.0014529,0.0014678],"upper":[0.0195327,0.0158148,0.0165527,0.0134929,0.0094679,0.0010957,0.0022284,0.0012759,0.0013294,0.0035143,0.0015508,0.0014401,0.0,0.2234024,0.2867485,0.274763,0.1002904,0.0019582,0.0,0.0,0.0,0.0,0.0,0.0,0.0,0.0,0.0,0.0,0.0,0.0,0.0,0.0,0.0,0.0,0.0,0.0,0.0,0.0077966,0.1424166,0.2899182,0.1733248,0.0,0.0059116,0.01609,0.0148971,0.0139703,0.0241826,0.030684,0.0170687,0.0177348,0.0164689,0.0173929],"occurrence":[0.0072968,0.0055465,0.0052839,0.0038405,0.0023457,0.0004406,0.0005424,0.0003586,0.000398,0.0011281,0.0006286,0.000646,0.0,0.1154195,0.1634493,0.1657978,0.060291,0.0008688,0.0,0.0,0.0,0.0,0.0,0.0,0.0,0.0,0.0,0.0,0.0,0.0,0.0,0.0,0.0,0.0,0.0,0.0,0.0,0.0035282,0.0844279,0.172288,0.1015472,0.0,0.0025488,0.0065822,0.0058094,0.0050909,0.0091528,0.0114692,0.0067691,0.0073433,0.0066585,0.0066515],"regions":["south"]},"geometry":{"type":"Polygon","coordinates":[[[-84.35214,42.6279],[-84.02895,42.6279],[-83.89013,42.38064],[-84.21278,42.38064],[-84.35214,42.6279]]]}},{"type":"Feature","properties":{"cell_id":543.0,"area_km2":729.0,"elevation_m":287.7592773,"longitude":-83.797892,"latitude":42.5041985,"abundance":[0.0141209,0.0118824,0.0075925,0.0078636,0.0049275,0.0019389,0.0014311,0.0007687,0.0006234,0.0015555,0.0,0.0,0.0,0.2365952,0.2862248,0.2616605,0.1516756,0.002673,0.0,0.0,0.0,0.0,0.0,0.0,0.0,0.0,0.0,0.0,0.0,0.0,0.0,0.0,0.0,0.0,0.0,0.0,0.0,0.0140788,0.2043288,0.2850439,0.1936452,0.0,0.0029948,0.0065213,0.0088457,0.0075547,0.007909,0.0096327,0.0085131,0.0109998,0.0072647,0.0102004],"lower":[0.0037763,0.00315,0.0015425,0.0013068,0.0008354,0.000347,0.0001012,6.1e-06,0.0,1.48e-05,0.0,0.0,0.0,0.1091329,0.1725216,0.1615068,0.0826508,0.0007373,0.0,0.0,0.0,0.0,0.0,0.0,0.0,0.0,0.0,0.0,0.0,0.0,0.0,0.0,0.0,0.0,0.0,0.0,0.0,0.005617,0.1316724,0.1924702,0.1150831,0.0,0.001063,0.0017762,0.0023994,0.0017662,0.0016808,0.0025927,0.0019094,0.0023872,0.001296,0.0022517],"upper":[0.039708,0.0373933,0.0322807,0.033234,0.0232446,0.0068256,0.0042733,0.0022918,0.0019734,0.0049528,0.0,0.0,0.0,0.3690457,0.4087687,0.3702115,0.2269244,0.0054119,0.0,0.0,0.0,0.0,0.0,0.0,0.0,0.0,0.0,0.0,0.0,0.0,0.0,0.0,0.0,0.0,0.0,0.0,0.0,0.0267259,0.2973628,0.391212,0.2877558,0.0,0.0071856,0.0148522,0.0209386,0.0200569,0.0228684,0.0283479,0.022083,0.0272712,0.0208158,0.0300625],"occurrence":[0.0137639,0.0115904,0.0074245,0.00772,0.0048767,0.0018367,0.0013051,0.0007204,0.0005506,0.0014035,0.0,0.0,0.0,0.2065638,0.2525976,0.2338946,0.1358101,0.0023699,0.0,0.0,0.0,0.0,0.0,0.0,0.0,0.0,0.0,0.0,0.0,0.0,0.0,0.0,0.0,0.0,0.0,0.0,0.0,0.0125582,0.1831403,0.2534603,0.1747112,0.0,0.0028042,0.0060542,0.0085656,0.0074022,0.0077527,0.0094287,0.008278,0.0105932,0.0068278,0.009665],"regions":["south"]},"geometry":{"type":"Polygon","coordinates":[[[-84.02895,42.6279],[-83.70576,42.6279],[-83.56748,42.38064],[-83.89013,42.38064],[-84.02895,42.6279]]]}},{"type":"Feature","properties":{"cell_id":544.0,"area_km2":729.0,"elevation_m":268.1814575,"longitude":-83.4749714,"latitude":42.5041985,"abundance":[0.0076221,0.0067894,0.0020879,0.00343,0.0026616,0.00242,0.001832,0.0006243,0.0001507,0.0006726,0.0,0.0,0.0,0.2150226,0.2916277,0.2821997,0.1198801,0.0,0.0,0.0,0.0,0.0,0.0,0.0,0.0,0.0,0.0,0.0,0.0,0.0,0.0,0.0,0.0,0.0,0.0,0.0,0.0,0.0027253,0.1966967,0.2981286,0.1638211,0.0,0.0,0.001526,0.0040352,0.0033709,0.0025723,0.0033388,0.0062769,0.0098408,0.0008722,0.0020836],"lower":[0.0020634,0.0016538,0.0004436,0.0007104,0.0005938,0.0006574,0.0003266,0.0,0.0,2.37e-05,0.0,0.0,0.0,0.0865578,0.1562544,0.1569542,0.0549833,0.0,0.0,0.0,0.0,0.0,0.0,0.0,0.0,0.0,0.0,0.0,0.0,0.0,0.0,0.0,0.0,0.0,0.0,0.0,0.0,0.0009418,0.1148333,0.1880067,0.0869218,0.0,0.0,0.0003435,0.0008874,0.0005843,0.0003817,0.0007077,0.0018995,0.0028851,0.0001579,0.0004506],"upper":[0.0228697,0.02116,0.0081571,0.013056,0.0103137,0.007773,0.005536,0.0020483,0.0006104,0.0022419,0.0,0.0,0.0,0.3449742,0.4271389,0.4110453,0.1952766,0.0,0.0,0.0,0.0,0.0,0.0,0.0,0.0,0.0,0.0,0.0,0.0,0.0,0.0,0.0,0.0,0.0,0.0,0.0,0.0,0.0056078,0.279434,0.4166474,0.2503534,0.0,0.0,0.0047187,0.0097149,0.0088875,0.0081523,0.0110302,0.0186791,0.0288257,0.0035856,0.0079551],"occurrence":[0.007424,0.0066798,0.0020744,0.0033915,0.0026509,0.0023935,0.0017684,0.0005836,0.0001454,0.0006196,0.0,0.0,0.0,0.1841388,0.2523423,0.2453033,0.1072452,0.0,0.0,0.0,0.0,0.0,0.0,0.0,0.0,0.0,0.0,0.0,0.0,0.0,0.0,0.0,0.0,0.0,0.0,0.0,0.0,0.002339,0.1707139,0.2567233,0.1444512,0.0,0.0,0.0013401,0.0039204,0.0032977,0.0025206,0.0033003,0.0061026,0.0093437,0.0008421,0.002015],"regions":["south"]},"geometry":{"type":"Polygon","coordinates":[[[-83.70576,42.6279],[-83.38257,42.6279],[-83.24482,42.38064],[-83.56748,42.38064],[-83.70576,42.6279]]]}},{"type":"Feature","properties":{"cell_id":545.0,"area_km2":729.0,"elevation_m":214.2530365,"longitude":-83.1520508,"latitude":42.5041985,"abundance":[0.0015026,0.0031025,0.0003938,0.0013607,0.0021839,0.0039618,0.001943,0.0,0.0,0.0,0.0,0.0,0.0,0.219026,0.343725,0.3477499,0.1677108,0.0193431,0.0019614,0.0,0.0,0.0,0.0,0.0,0.0,0.0,0.0,0.0,0.0,0.0,0.0,0.0,0.0,0.0,0.0,0.0,0.0,0.0,0.2754572,0.3650045,0.2094073,0.0509196,0.0051774,0.0,0.0015111,0.0,0.0,0.0006574,0.0054653,0.0105878,0.0,0.000176],"lower":[0.0003873,0.0005679,6.89e-05,0.000145,0.0002869,0.0003687,9.41e-05,0.0,0.0,0.0,0.0,0.0,0.0,0.1226894,0.220797,0.2257542,0.0924707,0.0087745,0.0007863,0.0,0.0,0.0,0.0,0.0,0.0,0.0,0.0,0.0,0.0,0.0,0.0,0.0,0.0,0.0,0.0,0.0,0.0,0.0,0.1614869,0.2533513,0.1298769,0.0299123,0.0021813,0.0,0.0005306,0.0,0.0,0.0002511,0.0015537,0.0027862,0.0,4.5e-05],"upper":[0.0038308,0.0093897,0.0015502,0.0051055,0.0075337,0.0137065,0.0070543,0.0,0.0,0.0,0.0,0.0,0.0,0.3503478,0.5074902,0.498626,0.25841,0.0328296,0.0037737,0.0,0.0,0.0,0.0,0.0,0.0,0.0,0.0,0.0,0.0,0.0,0.0,0.0,0.0,0.0,0.0,0.0,0.0,0.0,0.3782986,0.4997055,0.3008549,0.0763345,0.0107265,0.0,0.0041254,0.0,0.0,0.0024915,0.0182205,0.0350273,0.0,0.0004353],"occurrence":[0.0014677,0.0030772,0.0003938,0.0013598,0.0021801,0.0039519,0.0018857,0.0,0.0,0.0,0.0,0.0,0.0,0.1620232,0.2602876,0.2676384,0.1330873,0.0153057,0.0016501,0.0,0.0,0.0,0.0,0.0,0.0,0.0,0.0,0.0,0.0,0.0,0.0,0.0,0.0,0.0,0.0,0.0,0.0,0.0,0.2099078,0.2781472,0.1629001,0.0392133,0.0042213,0.0,0.0013282,0.0,0.0,0.0006243,0.0049436,0.0089855,0.0,0.0001692],"regions":["south"]},"geometry":{"type":"Polygon","coordinates":[[[-83.38257,42.6279],[-83.05938,42.6279],[-82.92217,42.38064],[-83.24482,42.38064],[-83.38257,42.6279]]]}},{"type":"Feature","properties":{"cell_id":546.0,"area_km2":530.4237444,"elevation_m":180.0805054,"longitude":-82.869767,"latitude":42.5309087,"abundance":[0.0014095,0.0026985,0.000322,0.0009183,0.0015479,0.004201,0.0015525,0.0,0.0,0.0,0.0,0.0,0.0,0.2981007,0.400739,0.4033385,0.2301317,0.0085527,0.0,0.0,0.0,0.0,0.0,0.0,0.0,0.0,0.0,0.0,0.0,0.0,0.0,0.0,0.0,0.0,0.0,0.0,0.0,0.0250315,0.3260059,0.4154471,0.3087115,0.056814,0.0052873,0.0,0.0019019,0.0,0.0,0.0024267,0.0084305,0.0131678,0.0015316,0.0015325],"lower":[0.0002787,0.0004394,0.0,0.0,0.0,0.0,0.0,0.0,0.0,0.0,0.0,0.0,0.0,0.1663848,0.2452936,0.2570919,0.1206536,0.0040279,0.0,0.0,0.0,0.0,0.0,0.0,0.0,0.0,0.0,0.0,0.0,0.0,0.0,0.0,0.0,0.0,0.0,0.0,0.0,0.0089366,0.1899408,0.2974967,0.197292,0.0315566,0.0024172,0.0,0.0008338,0.0,0.0,0.0005534,0.0017542,0.002792,0.0002931,0.0003319],"upper":[0.0047664,0.0110345,0.001214,0.0033264,0.0054617,0.0143641,0.0065373,0.0,0.0,0.0,0.0,0.0,0.0,0.4334647,0.5537368,0.5446511,0.3513365,0.0151104,0.0,0.0,0.0,0.0,0.0,0.0,0.0,0.0,0.0,0.0,0.0,0.0,0.0,0.0,0.0,0.0,0.0,0.0,0.0,0.0527567,0.4538164,0.5530323,0.4210576,0.0894355,0.0093548,0.0,0.0046421,0.0,0.0,0.0089058,0.0281276,0.0449802,0.0045615,0.0045418],"occurrence":[0.0013793,0.0026612,0.000322,0.0009183,0.0015479,0.0041985,0.0015035,0.0,0.0,0.0,0.0,0.0,0.0,0.225584,0.3006878,0.3064854,0.1781775,0.0072095,0.0,0.0,0.0,0.0,0.0,0.0,0.0,0.0,0.0,0.0,0.0,0.0,0.0,0.0,0.0,0.0,0.0,0.0,0.0,0.0211468,0.2483239,0.3145274,0.2416065,0.0440341,0.0037078,0.0,0.0017296,0.0,0.0,0.0023246,0.0075323,0.011346,0.0013459,0.0013789],"regions":["south"]},"geometry":{"type":"Polygon","coordinates":[[[-83.05938,42.6279],[-82.73619,42.6279],[-82.68359,42.53298],[-82.7442,42.49348],[-82.86775,42.38521],[-82.87937,42.38064],[-82.92217,42.38064],[-83.05938,42.6279]]]}},{"type":"Feature","properties":{"cell_id":547.0,"area_km2":84.8990223,"elevation_m":175.1215057,"longitude":-82.6533795,"latitude":42.5961535,"abundance":[0.0,0.0,0.0,0.0,0.0,0.0,0.0,0.0,0.0,0.0,0.0,0.0,0.0,0.1065596,0.1395338,0.1620091,0.0805372,0.0028144,0.0015497,0.0010952,0.0,0.0,0.0,0.0,0.0,0.0,0.0,0.0,0.0,0.0,0.0,0.0,0.0,0.0,0.0,0.0,0.0,0.0304997,0.3363605,0.4142525,0.2924224,0.0,0.0,0.0,0.0,0.0,0.0,0.0,0.0,0.0007843,0.0,0.0],"lower":[0.0,0.0,0.0,0.0,0.0,0.0,0.0,0.0,0.0,0.0,0.0,0.0,0.0,0.0635034,0.0878148,0.1033073,0.0482354,0.0011686,0.0004977,0.0002937,0.0,0.0,0.0,0.0,0.0,0.0,0.0,0.0,0.0,0.0,0.0,0.0,0.0,0.0,0.0,0.0,0.0,0.012261,0.2049393,0.280522,0.1825314,0.0,0.0,0.0,0.0,0.0,0.0,0.0,0.0,0.0001408,0.0,0.0],"upper":[0.0,0.0,0.0,0.0,0.0,0.0,0.0,0.0,0.0,0.0,0.0,0.0,0.0,0.1651345,0.1983827,0.2297653,0.1202972,0.0055595,0.003856,0.003584,0.0,0.0,0.0,0.0,0.0,0.0,0.0,0.0,0.0,0.0,0.0,0.0,0.0,0.0,0.0,0.0,0.0,0.0641049,0.5020574,0.5947608,0.454168,0.0,0.0,0.0,0.0,0.0,0.0,0.0,0.0,0.0020557,0.0,0.0],"occurrence":[0.0,0.0,0.0,0.0,0.0,0.0,0.0,0.0,0.0,0.0,0.0,0.0,0.0,0.0694901,0.0944906,0.1093164,0.0592001,0.0017658,0.0011647,0.0009543,0.0,0.0,0.0,0.0,0.0,0.0,0.0,0.0,0.0,0.0,0.0,0.0,0.0,0.0,0.0,0.0,0.0,0.0195741,0.2124615,0.2801596,0.2003356,0.0,0.0,0.0,0.0,0.0,0.0,0.0,0.0,0.000669,0.0,0.0],"regions":["south"]},"geometry":{"type":"Polygon","coordinates":[[[-82.73619,42.6279],[-82.54372,42.6279],[-82.54532,42.62468],[-82.64513,42.55805],[-82.68359,42.53298],[-82.73619,42.6279]]]}},{"type":"Feature","properties":{"cell_id":557.0,"area_km2":729.0,"elevation_m":177.5744171,"longitude":-86.5615882,"latitude":42.2572188,"abundance":[0.0050244,0.0040807,0.0049998,0.0093761,0.0094603,0.0154402,0.0030924,0.0,0.0,0.0,0.0,0.0,0.0,0.193643,0.2717939,0.2655635,0.0106595,0.0,0.0036401,0.0,0.0,0.0,0.0,0.0,0.0,0.0,0.0,0.0,0.0,0.0,0.0,0.0,0.0,0.0,0.0,0.0,0.0,0.0,0.1065928,0.1620169,0.1055063,0.0142671,0.0072789,0.013445,0.0055916,0.0185174,0.0214464,0.0311162,0.0527259,0.0534197,0.0466978,0.013924],"lower":[0.0,0.0,0.0,0.0,0.0,0.0,0.0,0.0,0.0,0.0,0.0,0.0,0.0,0.1070397,0.1697758,0.1691935,0.0050198,0.0,0.00156,0.0,0.0,0.0,0.0,0.0,0.0,0.0,0.0,0.0,0.0,0.0,0.0,0.0,0.0,0.0,0.0,0.0,0.0,0.0,0.0557145,0.0905496,0.0564255,0.0047203,0.0014918,0.0023257,0.0019168,0.0054898,0.0076606,0.0125108,0.0186272,0.0153574,0.0044581,0.0026474],"upper":[0.0110019,0.0114103,0.014563,0.0275672,0.0276225,0.0450457,0.0114846,0.0,0.0,0.0,0.0,0.0,0.0,0.3172659,0.3963113,0.3990612,0.0244308,0.0,0.0071054,0.0,0.0,0.0,0.0,0.0,0.0,0.0,0.0,0.0,0.0,0.0,0.0,0.0,0.0,0.0,0.0,0.0,0.0,0.0,0.1884277,0.2662085,0.1811187,0.0237266,0.0130557,0.0222084,0.0103795,0.0396894,0.0515512,0.0620095,0.0929862,0.095081,0.0859124,0.0280885],"occurrence":[0.0047456,0.0039796,0.0048652,0.0093008,0.0094479,0.0154353,0.0030924,0.0,0.0,0.0,0.0,0.0,0.0,0.1456561,0.2004314,0.1926442,0.0096998,0.0,0.0031227,0.0,0.0,0.0,0.0,0.0,0.0,0.0,0.0,0.0,0.0,0.0,0.0,0.0,0.0,0.0,0.0,0.0,0.0,0.0,0.0805883,0.1220839,0.0803028,0.0101432,0.0055924,0.0106307,0.0048887,0.015773,0.0202944,0.0296885,0.0513243,0.0512395,0.0447047,0.013269],"regions":["south"]},"geometry":{"type":"Polygon","coordinates":[[[-86.79402,42.38064],[-86.47136,42.38064],[-86.3298,42.13393],[-86.65193,42.13393],[-86.79402,42.38064]]]}},{"type":"Feature","properties":{"cell_id":558.0,"area_km2":729.0,"elevation_m":202.4911346,"longitude":-86.2391986,"latitude":42.2572188,"abundance":[0.0059894,0.0090437,0.0066845,0.0106278,0.0129744,0.0207596,0.0080679,0.0011955,0.0004875,0.0003655,0.0,0.0,0.0,0.1253204,0.1944732,0.150429,0.0234814,0.0,0.0,0.0,0.0,0.0,0.0,0.0,0.0,0.0,0.0,0.0,0.0,0.0,0.0,0.0,0.0,0.0,0.0,0.0,0.0,0.0,0.0415585,0.1244159,0.0464624,0.0069114,0.0096887,0.0217796,0.0177577,0.0247628,0.023956,0.0258883,0.0269993,0.030811,0.0237607,0.0121869],"lower":[0.0011097,0.0009544,0.0007094,0.0011576,0.0018469,0.0023899,0.0010263,0.0001519,0.0,0.0,0.0,0.0,0.0,0.0623423,0.1111361,0.086071,0.0114188,0.0,0.0,0.0,0.0,0.0,0.0,0.0,0.0,0.0,0.0,0.0,0.0,0.0,0.0,0.0,0.0,0.0,0.0,0.0,0.0,0.0,0.0188147,0.0679467,0.0250111,0.002187,0.0031439,0.0063176,0.006956,0.0094141,0.0103551,0.01052,0.0083512,0.0073162,0.0030735,0.0026623],"upper":[0.012774,0.0220304,0.0181301,0.0276619,0.0399148,0.0672828,0.0278802,0.0032715,0.0010638,0.0010157,0.0,0.0,0.0,0.2046097,0.2924019,0.225792,0.041007,0.0,0.0,0.0,0.0,0.0,0.0,0.0,0.0,0.0,0.0,0.0,0.0,0.0,0.0,0.0,0.0,0.0,0.0,0.0,0.0,0.0,0.0739394,0.2097365,0.0784941,0.013307,0.0174687,0.0380364,0.0328187,0.0465666,0.046924,0.0496642,0.0498918,0.0567237,0.0474412,0.0256913],"occurrence":[0.0057414,0.0086165,0.0064689,0.0103861,0.0127492,0.0203239,0.0079811,0.001169,0.0004828,0.0003383,0.0,0.0,0.0,0.0977239,0.1514521,0.1142982,0.0191072,0.0,0.0,0.0,0.0,0.0,0.0,0.0,0.0,0.0,0.0,0.0,0.0,0.0,0.0,0.0,0.0,0.0,0.0,0.0,0.0,0.0,0.0316123,0.0958633,0.0360814,0.0057302,0.0079137,0.0178026,0.0144506,0.0214747,0.0217959,0.0243968,0.0260146,0.0295936,0.0223881,0.0116455],"regions":["south"]},"geometry":{"type":"Polygon","coordinates":[[[-86.47136,42.38064],[-86.14871,42.38064],[-86.00767,42.13393],[-86.3298,42.13393],[-86.47136,42.38064]]]}},{"type":"Feature","properties":{"cell_id":559.0,"area_km2":729.0,"elevation_m":238.6326599,"longitude":-85.9168091,"latitude":42.2572188,"abundance":[0.0149922,0.0172006,0.0160174,0.0219242,0.0217854,0.0210361,0.0145286,0.0035977,0.0032767,0.000297,0.0,0.0,0.0,0.132956,0.2057606,0.1775182,0.0189875,0.0019843,0.0,0.0,0.0,0.0,0.0,0.0,0.0,0.0,0.0,0.0,0.0,0.0,0.0,0.0,0.0,0.0,0.0,0.0,0.0,0.0,0.0886915,0.1530905,0.1055274,0.0297095,0.0407646,0.0551503,0.0415533,0.039464,0.0327989,0.0327373,0.0333317,0.0350111,0.0229952,0.0180497],"lower":[0.0051873,0.0054181,0.0047922,0.0062379,0.0063299,0.0057594,0.0040869,0.0011858,0.0010775,0.0001068,0.0,0.0,0.0,0.0751136,0.1300759,0.1064545,0.0087319,0.0007741,0.0,0.0,0.0,0.0,0.0,0.0,0.0,0.0,0.0,0.0,0.0,0.0,0.0,0.0,0.0,0.0,0.0,0.0,0.0,0.0,0.0489543,0.0901591,0.0565564,0.0144802,0.0185906,0.0207304,0.0176507,0.0169631,0.0145064,0.0122569,0.0105185,0.0099501,0.0062734,0.0064398],"upper":[0.0334926,0.0387975,0.0386314,0.0556142,0.0620638,0.0681805,0.0455491,0.0099182,0.0092971,0.0006985,0.0,0.0,0.0,0.2126702,0.3074334,0.2577913,0.0317198,0.0042238,0.0,0.0,0.0,0.0,0.0,0.0,0.0,0.0,0.0,0.0,0.0,0.0,0.0,0.0,0.0,0.0,0.0,0.0,0.0,0.0,0.1450075,0.2471815,0.1712709,0.0535048,0.0709284,0.0921802,0.0717835,0.0728569,0.0669023,0.0654855,0.0679254,0.0718598,0.0513352,0.0397994],"occurrence":[0.0142883,0.0161574,0.0152357,0.0210941,0.0209035,0.0202944,0.0140795,0.0034938,0.0032102,0.0002757,0.0,0.0,0.0,0.1063395,0.1658291,0.1389184,0.0165474,0.0018067,0.0,0.0,0.0,0.0,0.0,0.0,0.0,0.0,0.0,0.0,0.0,0.0,0.0,0.0,0.0,0.0,0.0,0.0,0.0,0.0,0.0726549,0.1206863,0.0842718,0.0232714,0.0337636,0.0465652,0.035998,0.0349848,0.0304938,0.0305655,0.0317228,0.0334287,0.0217333,0.016984],"regions":["south"]},"geometry":{"type":"Polygon","coordinates":[[[-86.14871,42.38064],[-85.82606,42.38064],[-85.68555,42.13393],[-86.00767,42.13393],[-86.14871,42.38064]]]}},{"type":"Feature","properties":{"cell_id":560.0,"area_km2":729.0,"elevation_m":267.7603455,"longitude":-85.5944196,"latitude":42.2572188,"abundance":[0.0139056,0.017294,0.0202439,0.0185479,0.0163003,0.0125593,0.0099855,0.0068978,0.0090977,0.0036377,0.0028995,0.0,0.0,0.2792034,0.3223768,0.2669455,0.0984916,0.0237501,0.0,0.0,0.0,0.0,0.0,0.0,0.0,0.0,0.0,0.0,0.0,0.0,0.0,0.0,0.0,0.0,0.0,0.0,0.0004702,0.0008277,0.1224657,0.1767982,0.1462477,0.0406273,0.0508634,0.0591604,0.0469466,0.0378269,0.0266642,0.0226688,0.0203669,0.0214727,0.0144914,0.0168601],"lower":[0.0059201,0.0071955,0.0073832,0.0064194,0.0056066,0.0044223,0.0035983,0.0025798,0.0033583,0.001115,0.0010866,0.0,0.0,0.169797,0.212824,0.1689338,0.0527102,0.0109036,0.0,0.0,0.0,0.0,0.0,0.0,0.0,0.0,0.0,0.0,0.0,0.0,0.0,0.0,0.0,0.0,0.0,0.0,0.0,0.0003816,0.073654,0.1112111,0.0867665,0.0198757,0.0264463,0.0309048,0.0242367,0.0187301,0.0122261,0.0085323,0.0068682,0.0069604,0.005036,0.0069173],"upper":[0.0301375,0.0367298,0.0440793,0.0437805,0.0403632,0.0338297,0.0291759,0.0206445,0.0248905,0.0094993,0.0067028,0.0,0.0,0.4309303,0.4641728,0.3814501,0.1566195,0.0440375,0.0,0.0,0.0,0.0,0.0,0.0,0.0,0.0,0.0,0.0,0.0,0.0,0.0,0.0,0.0,0.0,0.0,0.0,0.0011579,0.0016352,0.1917439,0.2874661,0.2395643,0.073682,0.0890964,0.0957566,0.0776633,0.0688307,0.0526007,0.0477221,0.0421117,0.0440498,0.0333725,0.036565],"occurrence":[0.012973,0.0160123,0.0187676,0.0175019,0.015477,0.0120092,0.0097081,0.0067707,0.0088649,0.0034234,0.0024136,0.0,0.0,0.2133088,0.251649,0.2066034,0.0831507,0.0207295,0.0,0.0,0.0,0.0,0.0,0.0,0.0,0.0,0.0,0.0,0.0,0.0,0.0,0.0,0.0,0.0,0.0,0.0,0.0004472,0.0007729,0.1036003,0.1434429,0.119829,0.0313305,0.0421609,0.0506238,0.0408868,0.0341932,0.0251181,0.0214085,0.0192767,0.0203494,0.0135084,0.0156748],"regions":["south"]},"geometry":{"type":"Polygon","coordinates":[[[-85.82606,42.38064],[-85.5034,42.38064],[-85.36342,42.13393],[-85.68555,42.13393],[-85.82606,42.38064]]]}},{"type":"Feature","properties":{"cell_id":561.0,"area_km2":729.0,"elevation_m":280.1523132,"longitude":-85.2720301,"latitude":42.2572188,"abundance":[0.0135964,0.0157765,0.0183693,0.0172563,0.0147479,0.0075703,0.005444,0.003026,0.0048227,0.0033919,0.0014603,0.0,0.0,0.2129668,0.2655902,0.1984589,0.0681519,0.016736,0.0024891,0.0002947,0.0,0.0,0.0,0.0,0.0,0.0,0.0,0.0,0.0,0.0,0.0,0.0,0.0,0.0,0.0,0.0,0.0,0.0,0.092773,0.1501902,0.1324412,0.0414656,0.0618234,0.0637502,0.0549949,0.0436813,0.0285144,0.0300687,0.0229787,0.0200331,0.0137777,0.0145599],"lower":[0.0060446,0.0068271,0.0067078,0.0053738,0.0044315,0.0021478,0.0018473,0.001074,0.0015374,0.0009902,0.0004212,0.0,0.0,0.1171247,0.1585123,0.1186514,0.036781,0.0071898,0.0012319,8.91e-05,0.0,0.0,0.0,0.0,0.0,0.0,0.0,0.0,0.0,0.0,0.0,0.0,0.0,0.0,0.0,0.0,0.0,0.0,0.0526935,0.091903,0.079576,0.0191899,0.0288643,0.0335531,0.0288362,0.0216828,0.0133451,0.0126999,0.0085887,0.0073661,0.0054873,0.0061411],"upper":[0.0287121,0.0322907,0.0394907,0.0405716,0.03739,0.0222722,0.0162779,0.0092429,0.012763,0.0097456,0.0040087,0.0,0.0,0.3481552,0.4062244,0.2980424,0.1097798,0.0328956,0.0052356,0.0007611,0.0,0.0,0.0,0.0,0.0,0.0,0.0,0.0,0.0,0.0,0.0,0.0,0.0,0.0,0.0,0.0,0.0,0.0,0.1483782,0.2454961,0.2145429,0.0748182,0.1118355,0.1076122,0.0926114,0.0815344,0.0582597,0.0653596,0.0485456,0.0413877,0.0295069,0.0301702],"occurrence":[0.0123077,0.0140215,0.016557,0.0160329,0.0135351,0.0070297,0.0051053,0.0029284,0.0046609,0.003233,0.0012517,0.0,0.0,0.1614827,0.2087536,0.1553911,0.0583521,0.0145987,0.0022951,0.0002738,0.0,0.0,0.0,0.0,0.0,0.0,0.0,0.0,0.0,0.0,0.0,0.0,0.0,0.0,0.0,0.0,0.0,0.0,0.0768949,0.1203902,0.1077294,0.0326757,0.0542432,0.0570744,0.0495824,0.0408682,0.0271444,0.0286776,0.0218831,0.0194662,0.0129809,0.0135088],"regions":["south"]},"geometry":{"type":"Polygon","coordinates":[[[-85.5034,42.38064],[-85.18075,42.38064],[-85.0413,42.13393],[-85.36342,42.13393],[-85.5034,42.38064]]]}},{"type":"Feature","properties":{"cell_id":562.0,"area_km2":729.0,"elevation_m":289.5267029,"longitude":-84.9496405,"latitude":42.2572188,"abundance":[0.0051017,0.0058845,0.0058959,0.005633,0.0044858,0.0015719,0.0010957,0.0002041,0.0014498,0.0005488,0.0,0.0,0.0,0.1023864,0.1901392,0.1217273,0.031446,0.0054592,0.0008332,0.0002484,0.0,0.0,0.0,0.0,0.0,0.0,0.0,0.0,0.0,0.0,0.0,0.0,0.0,0.0,0.0,0.0,0.0,0.0,0.0448637,0.0961295,0.0683494,0.0068622,0.028466,0.0304993,0.029583,0.0265132,0.0152828,0.0183517,0.0090807,0.0066103,0.0049185,0.0055426],"lower":[0.0020859,0.0023886,0.0022235,0.0017275,0.0011155,0.0003802,0.0002774,6.31e-05,0.0003691,0.0001581,0.0,0.0,0.0,0.0538766,0.1026278,0.068371,0.0168571,0.0024209,0.0003738,6.92e-05,0.0,0.0,0.0,0.0,0.0,0.0,0.0,0.0,0.0,0.0,0.0,0.0,0.0,0.0,0.0,0.0,0.0,0.0,0.0258253,0.0576676,0.0394595,0.0029514,0.0101258,0.0122544,0.0122367,0.0113126,0.0065939,0.007165,0.00249,0.0019471,0.0016226,0.0021277],"upper":[0.0106292,0.0124013,0.0132825,0.0127227,0.0107088,0.0044724,0.0034559,0.0006371,0.0040982,0.0018122,0.0,0.0,0.0,0.176763,0.3395108,0.1909778,0.050902,0.0101845,0.0018667,0.0006274,0.0,0.0,0.0,0.0,0.0,0.0,0.0,0.0,0.0,0.0,0.0,0.0,0.0,0.0,0.0,0.0,0.0,0.0,0.0716381,0.1618912,0.1155732,0.0132744,0.0542274,0.0538648,0.0523066,0.054032,0.0320392,0.0441755,0.0201622,0.0138108,0.0103325,0.0113441],"occurrence":[0.004714,0.0052675,0.0053309,0.0051353,0.0040389,0.0014851,0.0010736,0.000195,0.0014185,0.0005302,0.0,0.0,0.0,0.0799908,0.1529676,0.0985639,0.0269179,0.0048056,0.0007597,0.000223,0.0,0.0,0.0,0.0,0.0,0.0,0.0,0.0,0.0,0.0,0.0,0.0,0.0,0.0,0.0,0.0,0.0,0.0,0.0379214,0.0791719,0.0579319,0.005471,0.0256614,0.028061,0.027044,0.0251461,0.0146624,0.0177469,0.0087512,0.0063725,0.0046818,0.0050783],"regions":["south"]},"geometry":{"type":"Polygon","coordinates":[[[-85.18075,42.38064],[-84.85809,42.38064],[-84.71917,42.13393],[-85.0413,42.13393],[-85.18075,42.38064]]]}},{"type":"Feature","properties":{"cell_id":563.0,"area_km2":729.0,"elevation_m":300.7535706,"longitude":-84.627251,"latitude":42.2572188,"abundance":[0.020905,0.0214867,0.0288916,0.0240084,0.0230062,0.0144817,0.0071548,0.00418,0.0059748,0.0088462,0.0027658,0.0,0.0,0.1408649,0.191651,0.1516316,0.0366332,0.0024212,0.0,0.0,0.0,0.0,0.0,0.0,0.0,0.0,0.0,0.0,0.0,0.0,0.0,0.0,0.0,0.0,0.0,0.0,0.0,0.0,0.0451293,0.1283206,0.0953532,0.0012486,0.0366171,0.0377021,0.0366384,0.0397247,0.0329754,0.038702,0.0260662,0.0228257,0.0194003,0.0205143],"lower":[0.0082364,0.0081358,0.0111483,0.0076447,0.0061022,0.0038044,0.001956,0.0010121,0.0015337,0.0022893,0.0006893,0.0,0.0,0.0773449,0.1171365,0.0890202,0.0189065,0.0010661,0.0,0.0,0.0,0.0,0.0,0.0,0.0,0.0,0.0,0.0,0.0,0.0,0.0,0.0,0.0,0.0,0.0,0.0,0.0,0.0,0.0256143,0.0745058,0.0538874,0.00045,0.0149605,0.0168537,0.0159758,0.0191677,0.0160767,0.017606,0.010393,0.0072248,0.0060727,0.0075227],"upper":[0.0386757,0.040565,0.054216,0.0492793,0.0513946,0.0354823,0.0168859,0.0100891,0.0148285,0.0209672,0.0067239,0.0,0.0,0.2336511,0.3109176,0.2331318,0.0583848,0.0049614,0.0,0.0,0.0,0.0,0.0,0.0,0.0,0.0,0.0,0.0,0.0,0.0,0.0,0.0,0.0,0.0,0.0,0.0,0.0,0.0,0.0692599,0.1983647,0.1519274,0.0023815,0.0711845,0.0685196,0.0697863,0.0809177,0.0724738,0.0856468,0.0540173,0.0462402,0.0392652,0.0393697],"occurrence":[0.0197791,0.0201871,0.0266577,0.0220973,0.0213612,0.0132496,0.0064581,0.003758,0.0053664,0.0075968,0.0022402,0.0,0.0,0.1044739,0.1531164,0.1241126,0.0309398,0.0021387,0.0,0.0,0.0,0.0,0.0,0.0,0.0,0.0,0.0,0.0,0.0,0.0,0.0,0.0,0.0,0.0,0.0,0.0,0.0,0.0,0.0380016,0.1061114,0.0815248,0.001109,0.0336136,0.0345173,0.0337886,0.0373734,0.0309568,0.0369747,0.0250611,0.0219948,0.0185735,0.0195013],"regions":["south"]},"geometry":{"type":"Polygon","coordinates":[[[-84.85809,42.38064],[-84.53544,42.38064],[-84.39704,42.13393],[-84.71917,42.13393],[-84.85809,42.38064]]]}},{"type":"Feature","properties":{"cell_id":564.0,"area_km2":729.0,"elevation_m":297.6263428,"longitude":-84.3048615,"latitude":42.2572188,"abundance":[0.0192261,0.0182727,0.020402,0.0173321,0.0147162,0.0078686,0.0037743,0.0011835,0.0037228,0.0065364,0.0012753,0.0,0.0,0.2138883,0.2629354,0.2314702,0.0891441,0.0094815,0.0,0.0,0.0,0.0,0.0,0.0,0.0,0.0,0.0,0.0,0.0,0.0,0.0,0.0,0.0,0.0,0.0,0.0,0.0,0.0,0.1166459,0.232594,0.1670783,0.001346,0.024748,0.0309188,0.0274622,0.0322673,0.0244378,0.0240686,0.0134688,0.0134303,0.0149561,0.017416],"lower":[0.0078466,0.0063875,0.0063213,0.0049026,0.0037137,0.0019319,0.0009627,0.0002643,0.00056,0.001199,0.0002399,0.0,0.0,0.1316899,0.1729838,0.1522616,0.0482142,0.0035511,0.0,0.0,0.0,0.0,0.0,0.0,0.0,0.0,0.0,0.0,0.0,0.0,0.0,0.0,0.0,0.0,0.0,0.0,0.0,0.0,0.0615031,0.1314138,0.0966394,0.0007266,0.0095201,0.0109344,0.0093194,0.011123,0.0093571,0.0094282,0.0050275,0.004761,0.0051525,0.0063229],"upper":[0.0384148,0.0373863,0.0415283,0.0392551,0.037027,0.0231673,0.0094673,0.002976,0.009756,0.0163199,0.0030087,0.0,0.0,0.3266686,0.3811654,0.3293923,0.1409843,0.0192097,0.0,0.0,0.0,0.0,0.0,0.0,0.0,0.0,0.0,0.0,0.0,0.0,0.0,0.0,0.0,0.0,0.0,0.0,0.0,0.0,0.1761703,0.3368796,0.2545757,0.002298,0.0523363,0.0650248,0.0594265,0.0735208,0.0570758,0.0585254,0.0275934,0.0269387,0.030605,0.0348645],"occurrence":[0.018421,0.0172933,0.0189494,0.0159634,0.0135403,0.0071733,0.0033445,0.0010505,0.003326,0.0056971,0.0010042,0.0,0.0,0.1727457,0.2235398,0.1997496,0.0796857,0.0085783,0.0,0.0,0.0,0.0,0.0,0.0,0.0,0.0,0.0,0.0,0.0,0.0,0.0,0.0,0.0,0.0,0.0,0.0,0.0,0.0,0.1001609,0.200308,0.1467889,0.0011122,0.0230641,0.0285813,0.0256796,0.0307302,0.0234151,0.0229951,0.0129619,0.0129174,0.0140972,0.0164298],"regions":["south"]},"geometry":{"type":"Polygon","coordinates":[[[-84.53544,42.38064],[-84.21278,42.38064],[-84.07492,42.13393],[-84.39704,42.13393],[-84.53544,42.38064]]]}},{"type":"Feature","properties":{"cell_id":565.0,"area_km2":729.0,"elevation_m":283.4717407,"longitude":-83.9824719,"latitude":42.2572188,"abundance":[0.0152187,0.0118844,0.0131942,0.012695,0.0104916,0.0039321,0.0020648,0.0005724,0.0006579,0.0028122,0.0011656,0.0,0.0,0.2239613,0.281838,0.2426746,0.0865524,0.00239,0.0,0.0,0.0,0.0,0.0,0.0,0.0,0.0,0.0,0.0,0.0,0.0,0.0,0.0,0.0,0.0,0.0,0.0,0.0,0.0029597,0.0904639,0.2249589,0.136178,0.0,0.0083436,0.012635,0.0109443,0.0117933,0.0131053,0.0166619,0.0166194,0.0217167,0.0166733,0.0154553],"lower":[0.0048357,0.0034804,0.0034492,0.0035938,0.0026456,0.0012657,0.0006812,0.0001541,0.0001362,0.0006497,0.000342,0.0,0.0,0.1381785,0.1869774,0.1612714,0.0496534,0.0008338,0.0,0.0,0.0,0.0,0.0,0.0,0.0,0.0,0.0,0.0,0.0,0.0,0.0,0.0,0.0,0.0,0.0,0.0,0.0,0.0012529,0.0563853,0.1424385,0.0788294,0.0,0.0036919,0.0040976,0.0040889,0.0041385,0.0046432,0.0060972,0.0062174,0.0075728,0.0049393,0.0046282],"upper":[0.0319824,0.0280305,0.0336486,0.0360667,0.0330211,0.0114116,0.0056024,0.0021027,0.0022472,0.008962,0.0032024,0.0,0.0,0.3407153,0.4106601,0.3530439,0.1292637,0.0052362,0.0,0.0,0.0,0.0,0.0,0.0,0.0,0.0,0.0,0.0,0.0,0.0,0.0,0.0,0.0,0.0,0.0,0.0,0.0,0.0060734,0.1300877,0.3157424,0.1983492,0.0,0.0170142,0.0284899,0.0242826,0.0274474,0.0301704,0.0387897,0.0355846,0.0439251,0.0349478,0.0330945],"occurrence":[0.0146384,0.0113481,0.0123027,0.0119039,0.0099105,0.0036852,0.0018977,0.000519,0.0006353,0.0024949,0.0009992,0.0,0.0,0.1820277,0.2369377,0.2097344,0.0765755,0.0022539,0.0,0.0,0.0,0.0,0.0,0.0,0.0,0.0,0.0,0.0,0.0,0.0,0.0,0.0,0.0,0.0,0.0,0.0,0.0,0.0026186,0.077746,0.1905289,0.1190656,0.0,0.007307,0.0116826,0.0102447,0.0111213,0.0125305,0.0156977,0.0158443,0.0206154,0.0156005,0.0145098],"regions":["south"]},"geometry":{"type":"Polygon","coordinates":[[[-84.21278,42.38064],[-83.89013,42.38064],[-83.75279,42.13393],[-84.07492,42.13393],[-84.21278,42.38064]]]}},{"type":"Feature","properties":{"cell_id":566.0,"area_km2":729.0,"elevation_m":246.9820709,"longitude":-83.6600824,"latitude":42.2572188,"abundance":[0.0089219,0.0089062,0.0085287,0.0109795,0.0097005,0.0053615,0.0038099,0.0028969,0.0033936,0.0050475,0.0053563,0.0039792,0.004241,0.3018304,0.3722428,0.3202414,0.1399908,0.0166536,0.0038869,0.0,0.0,0.0,0.0,0.0,0.0,0.0,0.0,0.0,0.0,0.0,0.0,0.0,0.0,0.0,0.0,0.0,0.0,0.0161616,0.2228275,0.3398202,0.2154647,0.0084628,0.0081213,0.0073749,0.0068987,0.0064906,0.0064378,0.0093613,0.0117688,0.0205252,0.0101388,0.0087958],"lower":[0.0034509,0.003331,0.0029564,0.0036623,0.002885,0.0017723,0.0012994,0.0008521,0.0008318,0.0016242,0.0022871,0.001444,0.001705,0.1755909,0.2457784,0.2079122,0.0796153,0.0075431,0.0014015,0.0,0.0,0.0,0.0,0.0,0.0,0.0,0.0,0.0,0.0,0.0,0.0,0.0,0.0,0.0,0.0,0.0,0.0,0.007196,0.1413071,0.2269701,0.1309489,0.0047997,0.0042118,0.0033867,0.00322,0.002913,0.0023938,0.003323,0.0050332,0.0080322,0.0033728,0.0032439],"upper":[0.0202237,0.0200084,0.0212365,0.0291849,0.0276374,0.0146076,0.0103019,0.007437,0.0081768,0.0113229,0.0108116,0.0068135,0.0076824,0.4633502,0.5499944,0.4800757,0.2169001,0.0301834,0.0088512,0.0,0.0,0.0,0.0,0.0,0.0,0.0,0.0,0.0,0.0,0.0,0.0,0.0,0.0,0.0,0.0,0.0,0.0,0.0303653,0.3124036,0.457343,0.3144433,0.0131727,0.0136213,0.013117,0.0127201,0.0123196,0.013944,0.0209389,0.0261726,0.0468097,0.0225429,0.0209534],"occurrence":[0.0086333,0.0087404,0.0084129,0.0108136,0.0095348,0.0051591,0.0035324,0.0026932,0.003019,0.0045538,0.0046607,0.0031919,0.0031664,0.2375272,0.3012144,0.2696638,0.122706,0.014977,0.0035327,0.0,0.0,0.0,0.0,0.0,0.0,0.0,0.0,0.0,0.0,0.0,0.0,0.0,0.0,0.0,0.0,0.0,0.0,0.0138314,0.1910044,0.2908237,0.1879123,0.0068908,0.0068465,0.0065553,0.0063873,0.0061862,0.0062114,0.0088781,0.0112482,0.0195033,0.0094256,0.0082736],"regions":["south"]},"geometry":{"type":"Polygon","coordinates":[[[-83.89013,42.38064],[-83.56748,42.38064],[-83.43067,42.13393],[-83.75279,42.13393],[-83.89013,42.38064]]]}},{"type":"Feature","properties":{"cell_id":567.0,"area_km2":719.4264244,"elevation_m":201.3271179,"longitude":-83.3404362,"latitude":42.2586454,"abundance":[0.0002064,0.0,0.0,0.0002816,0.0006399,0.0016349,9.36e-05,0.0,0.0,0.0,0.0,0.0,0.0,0.3394619,0.4497396,0.4173745,0.180883,0.0111167,0.0,0.0,0.0,0.0,0.0,0.0,0.0,0.0,0.0,0.0,0.0,0.0,0.0,0.0,0.0,0.0,0.0,0.0,0.0,0.0,0.2942018,0.4050561,0.2689312,0.0256383,0.0015861,0.0,0.0,0.0,0.0004086,0.0008615,0.0041439,0.0123242,0.0010116,0.0016402],"lower":[6.64e-05,0.0,0.0,8.42e-05,0.0001855,0.0005044,2.4e-05,0.0,0.0,0.0,0.0,0.0,0.0,0.2014127,0.3017946,0.2650534,0.0867931,0.0046085,0.0,0.0,0.0,0.0,0.0,0.0,0.0,0.0,0.0,0.0,0.0,0.0,0.0,0.0,0.0,0.0,0.0,0.0,0.0,0.0,0.1721771,0.2615304,0.1490609,0.0118388,0.0006596,0.0,0.0,0.0,0.0001459,0.0002476,0.0013119,0.0040847,0.0002399,0.0003886],"upper":[0.0006351,0.0,0.0,0.0009349,0.0023489,0.0058344,0.0003221,0.0,0.0,0.0,0.0,0.0,0.0,0.4863471,0.6329063,0.5837071,0.3012777,0.0238669,0.0,0.0,0.0,0.0,0.0,0.0,0.0,0.0,0.0,0.0,0.0,0.0,0.0,0.0,0.0,0.0,0.0,0.0,0.0,0.0,0.4126278,0.5484139,0.3943855,0.0412807,0.0030227,0.0,0.0,0.0,0.0011809,0.0021032,0.0109529,0.0357805,0.0029186,0.0059714],"occurrence":[0.000206,0.0,0.0,0.000281,0.0006397,0.0016216,9.25e-05,0.0,0.0,0.0,0.0,0.0,0.0,0.2714635,0.363925,0.3479286,0.1563962,0.0095965,0.0,0.0,0.0,0.0,0.0,0.0,0.0,0.0,0.0,0.0,0.0,0.0,0.0,0.0,0.0,0.0,0.0,0.0,0.0,0.0,0.2422175,0.3344059,0.2234751,0.0198906,0.0012933,0.0,0.0,0.0,0.0003827,0.0007812,0.0038257,0.0113874,0.0009347,0.0015602],"regions":["south"]},"geometry":{"type":"Polygon","coordinates":[[[-83.56748,42.38064],[-83.24482,42.38064],[-83.13492,42.18185],[-83.14967,42.14192],[-83.14929,42.13393],[-83.43067,42.13393],[-83.56748,42.38064]]]}},{"type":"Feature","properties":{"cell_id":568.0,"area_km2":239.3720215,"elevation_m":183.9612122,"longitude":-83.1085855,"latitude":42.3243105,"abundance":[0.0,0.0,0.0,0.0002637,0.0002422,0.0012426,0.000151,0.0,0.0,0.0,0.0,0.0,0.0,0.3251657,0.4498324,0.4190665,0.2149292,0.0564846,0.0051548,0.0,0.0,0.0,0.0,0.0,0.0,0.0,0.0,0.0,0.0,0.0,0.0,0.0,0.0,0.0,0.0,0.0,0.0,0.001864,0.2497227,0.3643109,0.2645996,0.1012709,0.019716,0.0063939,0.0063633,0.002429,0.0012626,0.0018844,0.0040753,0.0081074,0.0,0.0],"lower":[0.0,0.0,0.0,2.24e-05,2.35e-05,7.16e-05,0.0,0.0,0.0,0.0,0.0,0.0,0.0,0.2050528,0.3143213,0.2890116,0.1287143,0.0293944,0.0017019,0.0,0.0,0.0,0.0,0.0,0.0,0.0,0.0,0.0,0.0,0.0,0.0,0.0,0.0,0.0,0.0,0.0,0.0,0.0007199,0.1431764,0.2548687,0.1728429,0.0569938,0.0080373,0.0025459,0.0021677,0.0008476,0.0004386,0.0007138,0.0013062,0.0024461,0.0,0.0],"upper":[0.0,0.0,0.0,0.0007592,0.0007451,0.0042773,0.0005522,0.0,0.0,0.0,0.0,0.0,0.0,0.4699444,0.6152246,0.5614821,0.3065295,0.0984523,0.0107421,0.0,0.0,0.0,0.0,0.0,0.0,0.0,0.0,0.0,0.0,0.0,0.0,0.0,0.0,0.0,0.0,0.0,0.0,0.0032772,0.3458135,0.4828187,0.3548777,0.1487688,0.0349426,0.0132252,0.0147648,0.0059931,0.0031667,0.0055068,0.0117929,0.0236734,0.0,0.0],"occurrence":[0.0,0.0,0.0,0.0002637,0.0002422,0.0012387,0.0001502,0.0,0.0,0.0,0.0,0.0,0.0,0.2321457,0.3196443,0.3091694,0.1680209,0.045662,0.0040157,0.0,0.0,0.0,0.0,0.0,0.0,0.0,0.0,0.0,0.0,0.0,0.0,0.0,0.0,0.0,0.0,0.0,0.0,0.001543,0.1880208,0.2698425,0.2022088,0.0807198,0.0157119,0.005234,0.0055237,0.0022235,0.00119,0.0017774,0.0038198,0.0073286,0.0,0.0],"regions":["south"]},"geometry":{"type":"Polygon","coordinates":[[[-83.24482,42.38064],[-82.92217,42.38064],[-82.91453,42.36681],[-83.00368,42.33173],[-83.07314,42.30031],[-83.10952,42.25071],[-83.13492,42.18185],[-83.24482,42.38064]]]}},{"type":"Feature","properties":{"cell_id":569.0,"area_km2":2.7075947,"elevation_m":181.177063,"longitude":-82.9053547,"latitude":42.3760292,"abundance":[0.0,0.0,0.0,0.0,0.0,9.34e-05,0.0,0.0,0.0,0.0,0.0,0.0,0.0,0.109249,0.1808007,0.1724437,0.0445689,0.0,0.0,0.0,0.0,0.0,0.0,0.0,0.0,0.0,0.0,0.0,0.0,0.0,0.0,0.0,0.0,0.0,0.0,0.0,0.0,0.0017632,0.1037739,0.1492602,0.0447683,0.0,0.0,0.0,0.0,0.0,0.0,0.0,0.0,0.0,0.0,0.0],"lower":[0.0,0.0,0.0,0.0,0.0,0.0,0.0,0.0,0.0,0.0,0.0,0.0,0.0,0.0650275,0.1190859,0.111745,0.0253246,0.0,0.0,0.0,0.0,0.0,0.0,0.0,0.0,0.0,0.0,0.0,0.0,0.0,0.0,0.0,0.0,0.0,0.0,0.0,0.0,0.0004627,0.0615238,0.0967425,0.0276494,0.0,0.0,0.0,0.0,0.0,0.0,0.0,0.0,0.0,0.0,0.0],"upper":[0.0,0.0,0.0,0.0,0.0,0.0003415,0.0,0.0,0.0,0.0,0.0,0.0,0.0,0.1541255,0.2433086,0.2375964,0.0659731,0.0,0.0,0.0,0.0,0.0,0.0,0.0,0.0,0.0,0.0,0.0,0.0,0.0,0.0,0.0,0.0,0.0,0.0,0.0,0.0,0.0049356,0.1511062,0.2102929,0.062218,0.0,0.0,0.0,0.0,0.0,0.0,0.0,0.0,0.0,0.0,0.0],"occurrence":[0.0,0.0,0.0,0.0,0.0,9.19e-05,0.0,0.0,0.0,0.0,0.0,0.0,0.0,0.0773468,0.1268036,0.1236171,0.0343744,0.0,0.0,0.0,0.0,0.0,0.0,0.0,0.0,0.0,0.0,0.0,0.0,0.0,0.0,0.0,0.0,0.0,0.0,0.0,0.0,0.0015474,0.0733002,0.1091975,0.0341056,0.0,0.0,0.0,0.0,0.0,0.0,0.0,0.0,0.0,0.0,0.0],"regions":["south"]},"geometry":{"type":"Polygon","coordinates":[[[-82.92217,42.38064],[-82.87937,42.38064],[-82.91453,42.36681],[-82.92217,42.38064]]]}},{"type":"Feature","properties":{"cell_id":579.0,"area_km2":729.0,"elevation_m":177.8139191,"longitude":-86.7423802,"latitude":42.0107859,"abundance":[0.0,0.0047606,0.0,0.0,0.0040515,0.0111838,0.0,0.0,0.0,0.0,0.0,0.0,0.0,0.213158,0.218215,0.1735846,0.0434357,0.0,0.012512,0.0,0.0,0.0,0.0,0.0,0.0,0.0,0.0,0.0,0.0,0.0,0.0,0.0,0.0,0.0,0.0,0.0,0.0,0.019917,0.0752573,0.1184846,0.1199362,0.0564884,0.0,0.0,0.0,0.0,0.0,0.0066653,0.0072248,0.0089993,0.02254,0.0],"lower":[0.0,0.0013421,0.0,0.0,0.0010996,0.0032778,0.0,0.0,0.0,0.0,0.0,0.0,0.0,0.1194503,0.1398694,0.1175801,0.029989,0.0,0.006852,0.0,0.0,0.0,0.0,0.0,0.0,0.0,0.0,0.0,0.0,0.0,0.0,0.0,0.0,0.0,0.0,0.0,0.0,0.0082709,0.0388808,0.0712294,0.0609896,0.0246867,0.0,0.0,0.0,0.0,0.0,0.0026812,0.002677,0.0035378,0.0083358,0.0],"upper":[0.0,0.0090124,0.0,0.0,0.0089516,0.0258048,0.0,0.0,0.0,0.0,0.0,0.0,0.0,0.329937,0.3224435,0.2571239,0.0702504,0.0,0.0230323,0.0,0.0,0.0,0.0,0.0,0.0,0.0,0.0,0.0,0.0,0.0,0.0,0.0,0.0,0.0,0.0,0.0,0.0,0.0425511,0.1196699,0.1766521,0.1865975,0.1005357,0.0,0.0,0.0,0.0,0.0,0.0157345,0.0120762,0.0149131,0.041503,0.0],"occurrence":[0.0,0.0040354,0.0,0.0,0.0040238,0.0110677,0.0,0.0,0.0,0.0,0.0,0.0,0.0,0.1405221,0.1482041,0.1135177,0.0338915,0.0,0.0110317,0.0,0.0,0.0,0.0,0.0,0.0,0.0,0.0,0.0,0.0,0.0,0.0,0.0,0.0,0.0,0.0,0.0,0.0,0.0155085,0.0506012,0.0789982,0.0818973,0.0402375,0.0,0.0,0.0,0.0,0.0,0.0059399,0.0069067,0.0085304,0.0208464,0.0],"regions":["south"]},"geometry":{"type":"Polygon","coordinates":[[[-86.97405,42.13393],[-86.65193,42.13393],[-86.51134,41.88777],[-86.83295,41.88777],[-86.97405,42.13393]]]}},{"type":"Feature","properties":{"cell_id":580.0,"area_km2":729.0,"elevation_m":205.2878723,"longitude":-86.4205161,"latitude":42.0107859,"abundance":[0.0166824,0.0213809,0.0197626,0.0213201,0.0232109,0.0360986,0.0190076,0.0037365,0.003452,0.002668,0.001616,0.0016947,0.0,0.1113823,0.1899756,0.116918,0.0091261,0.0,0.0011464,0.0,0.0,0.0,0.0,0.0,0.0,0.0,0.0,0.0,0.0,0.0,0.0,0.0,0.0,0.0,0.0,0.0,0.0,0.0016619,0.0361228,0.104201,0.0395697,0.0114179,0.0108959,0.0230621,0.0288405,0.0299485,0.0273425,0.0323798,0.0469183,0.0574833,0.0512213,0.020853],"lower":[0.0070229,0.0074249,0.0063359,0.0065813,0.0064734,0.0094966,0.0046062,0.0016736,0.0014937,0.001199,0.0006749,0.0007505,0.0,0.0492804,0.1059588,0.0686369,0.005276,0.0,0.0005579,0.0,0.0,0.0,0.0,0.0,0.0,0.0,0.0,0.0,0.0,0.0,0.0,0.0,0.0,0.0,0.0,0.0,0.0,0.00028,0.0180621,0.0569431,0.0199549,0.0061217,0.0054632,0.0109519,0.0132054,0.0139671,0.0130198,0.0153871,0.0223438,0.0258438,0.0205672,0.0091566],"upper":[0.0309409,0.0449535,0.0468941,0.0495625,0.0533706,0.0885068,0.0537177,0.0082563,0.0065084,0.0051304,0.0031611,0.003247,0.0,0.1937876,0.2931594,0.1729387,0.0174242,0.0,0.0021947,0.0,0.0,0.0,0.0,0.0,0.0,0.0,0.0,0.0,0.0,0.0,0.0,0.0,0.0,0.0,0.0,0.0,0.0,0.0036371,0.0601093,0.1787794,0.0662819,0.0182428,0.0175945,0.0369692,0.0514072,0.0531131,0.0497771,0.0562815,0.0835743,0.1009016,0.0900091,0.0402192],"occurrence":[0.0153813,0.0200902,0.0194365,0.0210708,0.0229878,0.0357221,0.0185864,0.003689,0.0032803,0.0025099,0.0011339,0.0012171,0.0,0.081749,0.1405546,0.0850631,0.0079391,0.0,0.001051,0.0,0.0,0.0,0.0,0.0,0.0,0.0,0.0,0.0,0.0,0.0,0.0,0.0,0.0,0.0,0.0,0.0,0.0,0.0013514,0.0282173,0.0818615,0.0314581,0.0088542,0.0087914,0.0183754,0.0230767,0.0254891,0.0245302,0.0302271,0.0449035,0.0544526,0.0476944,0.0193397],"regions":["south"]},"geometry":{"type":"Polygon","coordinates":[[[-86.65193,42.13393],[-86.3298,42.13393],[-86.18974,41.88777],[-86.51134,41.88777],[-86.65193,42.13393]]]}},{"type":"Feature","properties":{"cell_id":581.0,"area_km2":729.0,"elevation_m":245.8260651,"longitude":-86.098652,"latitude":42.0107859,"abundance":[0.0140674,0.0202989,0.02028,0.0237733,0.026335,0.0350455,0.0229075,0.0044566,0.0034605,0.001771,0.0006418,0.0,0.0,0.0939205,0.1314636,0.0545203,0.0,0.0,0.0,0.0,0.0,0.0,0.0,0.0,0.0,0.0,0.0,0.0,0.0,0.0,0.0,0.0,0.0,0.0,0.0,0.0,0.0,0.0,0.0189705,0.0874403,0.0437084,0.0125212,0.0205528,0.029367,0.0261054,0.0271109,0.0200055,0.0216085,0.0287283,0.03983,0.0360844,0.0182276],"lower":[0.0052428,0.0067324,0.0058719,0.0066007,0.0070829,0.008712,0.0056639,0.001361,0.0008233,0.0004235,0.0002355,0.0,0.0,0.0387397,0.070853,0.0290526,0.0,0.0,0.0,0.0,0.0,0.0,0.0,0.0,0.0,0.0,0.0,0.0,0.0,0.0,0.0,0.0,0.0,0.0,0.0,0.0,0.0,0.0,0.0094169,0.0418776,0.0205767,0.0069443,0.0106799,0.0152985,0.0124499,0.0136647,0.010299,0.0108202,0.0135918,0.0177072,0.0133688,0.0074201],"upper":[0.0275671,0.0447656,0.0491302,0.0526929,0.0615354,0.0858224,0.0612155,0.0094018,0.0074252,0.0044371,0.0019489,0.0,0.0,0.1597519,0.2097596,0.0846063,0.0,0.0,0.0,0.0,0.0,0.0,0.0,0.0,0.0,0.0,0.0,0.0,0.0,0.0,0.0,0.0,0.0,0.0,0.0,0.0,0.0,0.0,0.0329893,0.1437152,0.0774744,0.0224259,0.0336883,0.0474039,0.044817,0.047657,0.0359176,0.037402,0.0517022,0.0694433,0.0637918,0.0348315],"occurrence":[0.0133785,0.0195521,0.0197315,0.0234493,0.0258715,0.0342149,0.0222693,0.004382,0.0033617,0.0016427,0.0005449,0.0,0.0,0.0735378,0.1045296,0.0420759,0.0,0.0,0.0,0.0,0.0,0.0,0.0,0.0,0.0,0.0,0.0,0.0,0.0,0.0,0.0,0.0,0.0,0.0,0.0,0.0,0.0,0.0,0.0154217,0.0688794,0.0346963,0.0099995,0.0168517,0.0237302,0.0210768,0.023136,0.0179563,0.0202595,0.0271029,0.0374322,0.0339689,0.0171685],"regions":["south"]},"geometry":{"type":"Polygon","coordinates":[[[-86.3298,42.13393],[-86.00767,42.13393],[-85.86814,41.88777],[-86.18974,41.88777],[-86.3298,42.13393]]]}},{"type":"Feature","properties":{"cell_id":582.0,"area_km2":729.0,"elevation_m":266.4355469,"longitude":-85.7767879,"latitude":42.0107859,"abundance":[0.0142283,0.0183742,0.0174216,0.0162322,0.0174667,0.0204902,0.0204967,0.0073044,0.0070838,0.0028566,0.0022121,0.0,0.0,0.1693777,0.1877615,0.1001365,0.0039239,0.0019183,0.0,0.0,0.0,0.0,0.0,0.0,0.0,0.0,0.0,0.0,0.0,0.0,0.0,0.0,0.0,0.0,0.0,0.0,0.0,0.0,0.0327418,0.1165378,0.0834902,0.0459214,0.0439059,0.0452194,0.036127,0.0305285,0.0238686,0.0234801,0.0270344,0.029767,0.0191253,0.0142268],"lower":[0.0059564,0.008215,0.0063134,0.0052227,0.0053852,0.0058022,0.0061564,0.0024766,0.002401,0.0011122,0.0010211,0.0,0.0,0.0817629,0.1065188,0.0535287,0.0016989,0.0008495,0.0,0.0,0.0,0.0,0.0,0.0,0.0,0.0,0.0,0.0,0.0,0.0,0.0,0.0,0.0,0.0,0.0,0.0,0.0,0.0,0.0175733,0.0630438,0.0453978,0.0262766,0.0247555,0.024598,0.017902,0.015954,0.0120661,0.0109295,0.0115774,0.0118035,0.0070567,0.0063785],"upper":[0.0284663,0.039688,0.0388733,0.0388706,0.0419821,0.0528818,0.0507505,0.0175094,0.0170996,0.0069383,0.0055933,0.0,0.0,0.2908766,0.2966399,0.1561929,0.0064015,0.0037142,0.0,0.0,0.0,0.0,0.0,0.0,0.0,0.0,0.0,0.0,0.0,0.0,0.0,0.0,0.0,0.0,0.0,0.0,0.0,0.0,0.0562756,0.1918832,0.1359143,0.080805,0.0715416,0.072321,0.0609466,0.0562243,0.0462973,0.044729,0.0516202,0.0566652,0.0385367,0.0276489],"occurrence":[0.0133493,0.0175813,0.0166184,0.0158188,0.016726,0.0195462,0.0194725,0.0069823,0.0067847,0.0025571,0.0018471,0.0,0.0,0.1276858,0.1485306,0.0777837,0.0035276,0.0017651,0.0,0.0,0.0,0.0,0.0,0.0,0.0,0.0,0.0,0.0,0.0,0.0,0.0,0.0,0.0,0.0,0.0,0.0,0.0,0.0,0.0265094,0.0888609,0.0661288,0.0366165,0.0362687,0.0374316,0.0299792,0.0262871,0.0213858,0.0215749,0.0246507,0.0275304,0.0177321,0.0131771],"regions":["south"]},"geometry":{"type":"Polygon","coordinates":[[[-86.00767,42.13393],[-85.68555,42.13393],[-85.54653,41.88777],[-85.86814,41.88777],[-86.00767,42.13393]]]}},{"type":"Feature","properties":{"cell_id":583.0,"area_km2":729.0,"elevation_m":265.2923584,"longitude":-85.4549237,"latitude":42.0107859,"abundance":[0.0,0.0,0.0,0.0009234,0.0012225,0.0018871,0.0010476,0.0006495,0.0003035,0.0,0.0,0.0,0.0,0.0736663,0.1234668,0.0363711,0.0015755,0.0,0.0,0.0,0.0,0.0,0.0,0.0,0.0,0.0,0.0,0.0,0.0,0.0,0.0,0.0,0.0,0.0,0.0,0.0,0.0,0.0,0.023486,0.0758184,0.0424713,0.0062496,0.0061382,0.0098385,0.0112499,0.0088351,0.0038849,0.0052086,0.0022435,0.001626,0.0,0.0],"lower":[0.0,0.0,0.0,0.0001812,0.0003063,0.0003864,0.0002229,0.0001465,6.44e-05,0.0,0.0,0.0,0.0,0.0289612,0.06064,0.0188893,0.0006652,0.0,0.0,0.0,0.0,0.0,0.0,0.0,0.0,0.0,0.0,0.0,0.0,0.0,0.0,0.0,0.0,0.0,0.0,0.0,0.0,0.0,0.0120637,0.039149,0.0223926,0.0031202,0.0033067,0.0049737,0.0055611,0.0042108,0.0015955,0.0020553,0.0007553,0.000468,0.0,0.0],"upper":[0.0,0.0,0.0,0.0025512,0.0034917,0.0058847,0.0033546,0.0015489,0.0007906,0.0,0.0,0.0,0.0,0.1346476,0.2083264,0.0578358,0.00248,0.0,0.0,0.0,0.0,0.0,0.0,0.0,0.0,0.0,0.0,0.0,0.0,0.0,0.0,0.0,0.0,0.0,0.0,0.0,0.0,0.0,0.0404496,0.127642,0.0689062,0.0115143,0.010391,0.0163883,0.0204666,0.017351,0.008661,0.0112134,0.0046687,0.0034243,0.0,0.0],"occurrence":[0.0,0.0,0.0,0.0009141,0.0011704,0.0017945,0.0009981,0.0006049,0.0002868,0.0,0.0,0.0,0.0,0.055197,0.102513,0.0298623,0.001379,0.0,0.0,0.0,0.0,0.0,0.0,0.0,0.0,0.0,0.0,0.0,0.0,0.0,0.0,0.0,0.0,0.0,0.0,0.0,0.0,0.0,0.0192153,0.0589499,0.0345411,0.0049505,0.005266,0.0084392,0.0097869,0.0078962,0.0035815,0.0049618,0.0021241,0.0014972,0.0,0.0],"regions":["south"]},"geometry":{"type":"Polygon","coordinates":[[[-85.68555,42.13393],[-85.36342,42.13393],[-85.22493,41.88777],[-85.54653,41.88777],[-85.68555,42.13393]]]}},{"type":"Feature","properties":{"cell_id":584.0,"area_km2":729.0,"elevation_m":286.1534424,"longitude":-85.1330596,"latitude":42.0107859,"abundance":[0.0011559,0.0011894,0.001763,0.0012524,0.001099,0.0009328,0.0003201,0.0,0.0,0.0,0.0,0.0,0.0,0.0930583,0.1763059,0.0665719,0.0036895,0.0,0.0,0.0,0.0,0.0,0.0,0.0,0.0,0.0,0.0,0.0,0.0,0.0,0.0,0.0,0.0,0.0,0.0,0.0,0.0,0.0,0.0159172,0.0730532,0.040225,0.0034388,0.0057277,0.0067158,0.0090117,0.0077106,0.0045904,0.0059357,0.0028378,0.0019477,0.001634,0.0011807],"lower":[0.0005347,0.0005825,0.0006605,0.0004154,0.0003683,0.0001748,6.2e-05,0.0,0.0,0.0,0.0,0.0,0.0,0.038866,0.0832795,0.032288,0.0013852,0.0,0.0,0.0,0.0,0.0,0.0,0.0,0.0,0.0,0.0,0.0,0.0,0.0,0.0,0.0,0.0,0.0,0.0,0.0,0.0,0.0,0.0083653,0.0368772,0.0193347,0.0017522,0.0027488,0.0031866,0.0037695,0.002943,0.0012806,0.0021541,0.0011437,0.0007337,0.0007033,0.0005463],"upper":[0.0024275,0.0028108,0.0038685,0.0027423,0.0025705,0.0025194,0.0011152,0.0,0.0,0.0,0.0,0.0,0.0,0.1609158,0.2883624,0.1105341,0.0074286,0.0,0.0,0.0,0.0,0.0,0.0,0.0,0.0,0.0,0.0,0.0,0.0,0.0,0.0,0.0,0.0,0.0,0.0,0.0,0.0,0.0,0.0264618,0.1296107,0.0691439,0.0067213,0.0100254,0.0118618,0.0165889,0.015485,0.0102942,0.0136058,0.0062461,0.003843,0.0036247,0.0024263],"occurrence":[0.0011123,0.0011373,0.0015939,0.0011641,0.0010504,0.0008995,0.000298,0.0,0.0,0.0,0.0,0.0,0.0,0.0670413,0.1370437,0.0501061,0.0023874,0.0,0.0,0.0,0.0,0.0,0.0,0.0,0.0,0.0,0.0,0.0,0.0,0.0,0.0,0.0,0.0,0.0,0.0,0.0,0.0,0.0,0.0130955,0.0582164,0.0337366,0.0029544,0.0051554,0.0060789,0.0079451,0.0069375,0.004103,0.0053888,0.0025808,0.0017963,0.0015673,0.0011226],"regions":["south"]},"geometry":{"type":"Polygon","coordinates":[[[-85.36342,42.13393],[-85.0413,42.13393],[-84.90333,41.88777],[-85.22493,41.88777],[-85.36342,42.13393]]]}},{"type":"Feature","properties":{"cell_id":585.0,"area_km2":729.0,"elevation_m":316.2495117,"longitude":-84.8111955,"latitude":42.0107859,"abundance":[0.0017286,0.0021395,0.0030561,0.0024952,0.0023695,0.0016229,0.000956,0.0,0.0,0.00106,0.0,0.0,0.0,0.0942921,0.1938158,0.0627226,0.0015198,0.0,0.0,0.0,0.0,0.0,0.0,0.0,0.0,0.0,0.0,0.0,0.0,0.0,0.0,0.0,0.0,0.0,0.0,0.0,0.0,0.0,0.0070913,0.0704567,0.0332703,0.0,0.0074459,0.0068191,0.0127156,0.0151215,0.0093151,0.009912,0.0052062,0.0033807,0.001971,0.0020263],"lower":[0.0007157,0.0008026,0.0006942,0.0003886,0.0003815,0.0,0.0,0.0,0.0,0.0,0.0,0.0,0.0,0.0422535,0.0863939,0.0310656,0.0007005,0.0,0.0,0.0,0.0,0.0,0.0,0.0,0.0,0.0,0.0,0.0,0.0,0.0,0.0,0.0,0.0,0.0,0.0,0.0,0.0,0.0,0.003752,0.0360843,0.016072,0.0,0.0035777,0.0022111,0.0033542,0.0041592,0.0022853,0.00311,0.001149,0.0001334,0.0003987,0.0006796],"upper":[0.003765,0.0052594,0.0066698,0.0062511,0.0058306,0.0045262,0.0018888,0.0,0.0,0.0028705,0.0,0.0,0.0,0.1719555,0.3559096,0.1048865,0.0025488,0.0,0.0,0.0,0.0,0.0,0.0,0.0,0.0,0.0,0.0,0.0,0.0,0.0,0.0,0.0,0.0,0.0,0.0,0.0,0.0,0.0,0.012061,0.117951,0.0554207,0.0,0.0141039,0.012942,0.0241418,0.0307108,0.0215908,0.0233812,0.0118819,0.0075902,0.0046179,0.0047333],"occurrence":[0.0016303,0.0019663,0.0028335,0.0022494,0.0021191,0.0014471,0.0008575,0.0,0.0,0.0008422,0.0,0.0,0.0,0.06806,0.1511662,0.0503239,0.0012622,0.0,0.0,0.0,0.0,0.0,0.0,0.0,0.0,0.0,0.0,0.0,0.0,0.0,0.0,0.0,0.0,0.0,0.0,0.0,0.0,0.0,0.0053287,0.0527837,0.025938,0.0,0.0055183,0.0051759,0.0099907,0.0123943,0.007768,0.0084146,0.0045505,0.0029684,0.0018023,0.0018332],"regions":["south"]},"geometry":{"type":"Polygon","coordinates":[[[-85.0413,42.13393],[-84.71917,42.13393],[-84.58172,41.88777],[-84.90333,41.88777],[-85.0413,42.13393]]]}},{"type":"Feature","properties":{"cell_id":586.0,"area_km2":729.0,"elevation_m":326.3817139,"longitude":-84.4893314,"latitude":42.0107859,"abundance":[0.0060513,0.0063479,0.0078876,0.0061204,0.0057319,0.0044664,0.0030684,0.0014339,0.0021255,0.0025664,0.000725,0.0,0.0,0.1135909,0.1946302,0.1275964,0.0,0.0,0.0,0.0,0.0,0.0,0.0,0.0,0.0,0.0,0.0,0.0,0.0,0.0,0.0,0.0,0.0,0.0,0.0,0.0,0.0,0.0,0.0080906,0.0924727,0.0425852,0.0,0.0218533,0.0201765,0.0239972,0.0288411,0.0220708,0.0274023,0.0118558,0.0121532,0.0104351,0.0073569],"lower":[0.0025032,0.0025782,0.0034339,0.002462,0.0020605,0.0013077,0.0008653,0.0002527,0.0004443,0.0007576,0.0001692,0.0,0.0,0.0578099,0.1044312,0.0663597,0.0,0.0,0.0,0.0,0.0,0.0,0.0,0.0,0.0,0.0,0.0,0.0,0.0,0.0,0.0,0.0,0.0,0.0,0.0,0.0,0.0,0.0,0.004486,0.0485615,0.0223971,0.0,0.0102781,0.0097573,0.0105073,0.0127484,0.0096536,0.0115792,0.0050493,0.0039163,0.0036279,0.0030271],"upper":[0.0116163,0.0121768,0.0154135,0.0128076,0.0129561,0.0104101,0.0066213,0.0034485,0.0050922,0.0058515,0.0018432,0.0,0.0,0.1922333,0.3313274,0.2066783,0.0,0.0,0.0,0.0,0.0,0.0,0.0,0.0,0.0,0.0,0.0,0.0,0.0,0.0,0.0,0.0,0.0,0.0,0.0,0.0,0.0,0.0,0.0124169,0.1448624,0.0661311,0.0,0.0404428,0.0375212,0.0475124,0.0614651,0.0504102,0.0618991,0.0246662,0.0249102,0.0215682,0.014879],"occurrence":[0.0056448,0.005917,0.0071892,0.0053536,0.0049889,0.0036746,0.0023932,0.0011517,0.0016877,0.0020389,0.0005661,0.0,0.0,0.0802918,0.1503341,0.1028607,0.0,0.0,0.0,0.0,0.0,0.0,0.0,0.0,0.0,0.0,0.0,0.0,0.0,0.0,0.0,0.0,0.0,0.0,0.0,0.0,0.0,0.0,0.0063765,0.0707014,0.0332795,0.0,0.0175249,0.0159595,0.0191368,0.0236547,0.0183854,0.0229965,0.0104312,0.0109095,0.0095282,0.0067476],"regions":["south"]},"geometry":{"type":"Polygon","coordinates":[[[-84.71917,42.13393],[-84.39704,42.13393],[-84.26012,41.88777],[-84.58172,41.88777],[-84.71917,42.13393]]]}},{"type":"Feature","properties":{"cell_id":587.0,"area_km2":729.0,"elevation_m":286.3113098,"longitude":-84.1674673,"latitude":42.0107859,"abundance":[0.0116268,0.0084385,0.0100848,0.0100335,0.0107255,0.0054184,0.0023,0.0009989,0.0013014,0.0019413,0.0007284,0.0,0.0,0.1818804,0.2522441,0.2072378,0.0066403,0.0,0.0,0.0,0.0,0.0,0.0,0.0,0.0,0.0,0.0,0.0,0.0,0.0,0.0,0.0,0.0,0.0,0.0,0.0,0.0,0.0008567,0.0279968,0.1428846,0.0820414,0.0,0.0203257,0.0263568,0.0284161,0.0310401,0.025475,0.0252063,0.0171022,0.0197278,0.0157024,0.0154193],"lower":[0.0037596,0.0023088,0.0021982,0.0024989,0.002677,0.0012319,0.0006553,0.0002028,0.0002267,0.0003957,0.000158,0.0,0.0,0.1072459,0.1588038,0.1292198,0.0032758,0.0,0.0,0.0,0.0,0.0,0.0,0.0,0.0,0.0,0.0,0.0,0.0,0.0,0.0,0.0,0.0,0.0,0.0,0.0,0.0,0.0002452,0.0154989,0.0866791,0.0513536,0.0,0.0080912,0.0103986,0.0113414,0.0120017,0.010199,0.0100883,0.0071295,0.0076311,0.0058292,0.00578],"upper":[0.0245189,0.0189164,0.022978,0.0255022,0.0293277,0.0152681,0.0054532,0.0030964,0.0036691,0.005462,0.0019846,0.0,0.0,0.2938887,0.396074,0.3198605,0.0117327,0.0,0.0,0.0,0.0,0.0,0.0,0.0,0.0,0.0,0.0,0.0,0.0,0.0,0.0,0.0,0.0,0.0,0.0,0.0,0.0,0.0015527,0.0403832,0.2075263,0.1192369,0.0,0.0405824,0.0550056,0.0599067,0.0665483,0.0588829,0.0600919,0.0367294,0.041259,0.0322132,0.0318326],"occurrence":[0.0109892,0.007881,0.0091681,0.0089129,0.0096287,0.0047961,0.0019626,0.0008891,0.0011396,0.0016835,0.0005528,0.0,0.0,0.1333188,0.1970504,0.1690337,0.0054877,0.0,0.0,0.0,0.0,0.0,0.0,0.0,0.0,0.0,0.0,0.0,0.0,0.0,0.0,0.0,0.0,0.0,0.0,0.0,0.0,0.0006721,0.0223097,0.1139434,0.0687176,0.0,0.0178552,0.0228596,0.0247176,0.0272145,0.0225896,0.0226556,0.0156527,0.0180971,0.0144258,0.0141425],"regions":["south"]},"geometry":{"type":"Polygon","coordinates":[[[-84.39704,42.13393],[-84.07492,42.13393],[-83.93852,41.88777],[-84.26012,41.88777],[-84.39704,42.13393]]]}},{"type":"Feature","properties":{"cell_id":588.0,"area_km2":729.0,"elevation_m":232.285141,"longitude":-83.8456031,"latitude":42.0107859,"abundance":[0.0010832,0.0010084,0.0013124,0.0015526,0.0016513,0.0004795,0.0003222,0.0001979,0.0002037,0.0002381,0.0,0.0,0.0,0.0897225,0.1347372,0.1061116,0.0073053,0.0,0.0,0.0,0.0,0.0,0.0,0.0,0.0,0.0,0.0,0.0,0.0,0.0,0.0,0.0,0.0,0.0,0.0,0.0,0.0,0.0,0.0141594,0.0651106,0.0294471,0.002056,0.0013613,0.0017375,0.0016728,0.0027169,0.0047813,0.0065603,0.005478,0.0074931,0.0025013,0.001601],"lower":[0.0002955,0.000235,0.0003275,0.0004022,0.0003771,0.0001087,9.32e-05,6.46e-05,5.03e-05,5.71e-05,0.0,0.0,0.0,0.0550699,0.0843868,0.0656297,0.0039841,0.0,0.0,0.0,0.0,0.0,0.0,0.0,0.0,0.0,0.0,0.0,0.0,0.0,0.0,0.0,0.0,0.0,0.0,0.0,0.0,0.0,0.0083528,0.0396428,0.0180334,0.0008562,0.0004134,0.0005329,0.0004973,0.0009615,0.0019734,0.0027526,0.0023947,0.003344,0.0008358,0.0005708],"upper":[0.002179,0.0022247,0.0030931,0.0042561,0.0045477,0.0014588,0.000787,0.0006042,0.0005273,0.0006881,0.0,0.0,0.0,0.1398353,0.2048299,0.1616351,0.0107653,0.0,0.0,0.0,0.0,0.0,0.0,0.0,0.0,0.0,0.0,0.0,0.0,0.0,0.0,0.0,0.0,0.0,0.0,0.0,0.0,0.0,0.0210033,0.0958583,0.0440855,0.0040606,0.003159,0.0046253,0.0040605,0.0061483,0.0107137,0.0149434,0.0115707,0.0154004,0.0048447,0.0033268],"occurrence":[0.0010649,0.00099,0.0012106,0.0014716,0.0015788,0.0004642,0.0002861,0.0001801,0.0001844,0.0002142,0.0,0.0,0.0,0.0645191,0.1007712,0.0836954,0.0062423,0.0,0.0,0.0,0.0,0.0,0.0,0.0,0.0,0.0,0.0,0.0,0.0,0.0,0.0,0.0,0.0,0.0,0.0,0.0,0.0,0.0,0.0118076,0.0521875,0.0246863,0.0016552,0.0011314,0.0015073,0.0014566,0.0023889,0.0043925,0.0059311,0.0050557,0.0068085,0.0023002,0.0015231],"regions":["south"]},"geometry":{"type":"Polygon","coordinates":[[[-84.07492,42.13393],[-83.75279,42.13393],[-83.61691,41.88777],[-83.93852,41.88777],[-84.07492,42.13393]]]}},{"type":"Feature","properties":{"cell_id":589.0,"area_km2":729.0,"elevation_m":196.4105225,"longitude":-83.523739,"latitude":42.0107859,"abundance":[0.0,0.0,0.0,0.0,0.0,0.0,0.0,0.0,0.0,0.0,0.0,0.0,0.0,0.1811683,0.2667908,0.1894672,0.0241202,0.0,0.0,0.0,0.0,0.0,0.0,0.0,0.0,0.0,0.0,0.0,0.0,0.0,0.0,0.0,0.0,0.0,0.0,0.0,0.0,0.0015276,0.102419,0.1936836,0.0959365,0.0161888,0.0,0.0,0.0,0.0,0.0,0.0,0.0,0.0003285,0.0003092,0.0003821],"lower":[0.0,0.0,0.0,0.0,0.0,0.0,0.0,0.0,0.0,0.0,0.0,0.0,0.0,0.104388,0.1664339,0.1120683,0.0137997,0.0,0.0,0.0,0.0,0.0,0.0,0.0,0.0,0.0,0.0,0.0,0.0,0.0,0.0,0.0,0.0,0.0,0.0,0.0,0.0,0.0007421,0.0649006,0.1248292,0.0609925,0.0087244,0.0,0.0,0.0,0.0,0.0,0.0,0.0,0.0001282,0.0001318,0.00011],"upper":[0.0,0.0,0.0,0.0,0.0,0.0,0.0,0.0,0.0,0.0,0.0,0.0,0.0,0.2741089,0.4230761,0.3046156,0.0408538,0.0,0.0,0.0,0.0,0.0,0.0,0.0,0.0,0.0,0.0,0.0,0.0,0.0,0.0,0.0,0.0,0.0,0.0,0.0,0.0,0.0033074,0.1451481,0.2757916,0.1401819,0.0242954,0.0,0.0,0.0,0.0,0.0,0.0,0.0,0.0006253,0.0009541,0.0011362],"occurrence":[0.0,0.0,0.0,0.0,0.0,0.0,0.0,0.0,0.0,0.0,0.0,0.0,0.0,0.1423903,0.2135632,0.1552162,0.0203196,0.0,0.0,0.0,0.0,0.0,0.0,0.0,0.0,0.0,0.0,0.0,0.0,0.0,0.0,0.0,0.0,0.0,0.0,0.0,0.0,0.0010983,0.082491,0.155698,0.0790881,0.0133154,0.0,0.0,0.0,0.0,0.0,0.0,0.0,0.0003242,0.0002865,0.0003563],"regions":["south"]},"geometry":{"type":"Polygon","coordinates":[[[-83.75279,42.13393],[-83.43067,42.13393],[-83.29531,41.88777],[-83.61691,41.88777],[-83.75279,42.13393]]]}},{"type":"Feature","properties":{"cell_id":590.0,"area_km2":480.107024,"elevation_m":178.530838,"longitude":-83.2594897,"latitude":42.0267616,"abundance":[0.0,0.0,0.0,0.0,0.0,0.0,0.0,0.0,0.0,0.0,0.0,0.0,0.0,0.2724335,0.3594498,0.2912157,0.0713354,0.004619,0.0046639,0.0,0.0,0.0,0.0,0.0,0.0,0.0,0.0,0.0,0.0,0.0,0.0,0.0,0.0,0.0,0.0,0.0,0.0,0.0,0.2523801,0.384418,0.2693122,0.0805255,0.0,0.0,0.0,0.0,0.0,0.0,0.0016829,0.0031817,0.0006256,0.0],"lower":[0.0,0.0,0.0,0.0,0.0,0.0,0.0,0.0,0.0,0.0,0.0,0.0,0.0,0.1610664,0.2263542,0.1684057,0.0352081,0.0024468,0.0021174,0.0,0.0,0.0,0.0,0.0,0.0,0.0,0.0,0.0,0.0,0.0,0.0,0.0,0.0,0.0,0.0,0.0,0.0,0.0,0.1491731,0.2515414,0.1726049,0.0446664,0.0,0.0,0.0,0.0,0.0,0.0,0.0006227,0.0012467,0.0001212,0.0],"upper":[0.0,0.0,0.0,0.0,0.0,0.0,0.0,0.0,0.0,0.0,0.0,0.0,0.0,0.4087142,0.5247505,0.4319139,0.1269436,0.0081462,0.0102634,0.0,0.0,0.0,0.0,0.0,0.0,0.0,0.0,0.0,0.0,0.0,0.0,0.0,0.0,0.0,0.0,0.0,0.0,0.0,0.3675131,0.5348101,0.3827162,0.1245037,0.0,0.0,0.0,0.0,0.0,0.0,0.0041019,0.0081119,0.0017725,0.0],"occurrence":[0.0,0.0,0.0,0.0,0.0,0.0,0.0,0.0,0.0,0.0,0.0,0.0,0.0,0.2137175,0.2817826,0.2364638,0.0603411,0.0038781,0.0039506,0.0,0.0,0.0,0.0,0.0,0.0,0.0,0.0,0.0,0.0,0.0,0.0,0.0,0.0,0.0,0.0,0.0,0.0,0.0,0.1878083,0.2922749,0.2111736,0.0646231,0.0,0.0,0.0,0.0,0.0,0.0,0.0016087,0.0029845,0.0005865,0.0],"regions":["south"]},"geometry":{"type":"Polygon","coordinates":[[[-83.43067,42.13393],[-83.14929,42.13393],[-83.14195,41.97586],[-83.12167,41.95],[-83.22276,41.88777],[-83.29531,41.88777],[-83.43067,42.13393]]]}},{"type":"Feature","properties":{"cell_id":601.0,"area_km2":377.2094481,"elevation_m":187.9013214,"longitude":-86.9573948,"latitude":41.824173,"abundance":[0.0113281,0.0202406,0.0135469,0.0091753,0.0080997,0.0088376,0.0053389,0.0,0.0,0.0,0.0,0.0,0.0,0.3057843,0.3553451,0.2339268,0.0,0.0,0.0010886,0.0,0.0,0.0,0.0,0.0,0.0,0.0,0.0,0.0,0.0,0.0,0.0,0.0,0.0,0.0,0.0,0.0,0.0,0.0113303,0.1102712,0.1316458,0.0627577,0.0048627,0.0048008,0.0152196,0.0133713,0.0146495,0.0173534,0.0224092,0.0250141,0.0318498,0.0332092,0.0152146],"lower":[0.0045125,0.0080969,0.0045247,0.0022209,0.002085,0.0023146,0.0014059,0.0,0.0,0.0,0.0,0.0,0.0,0.1425572,0.2137725,0.1334457,0.0,0.0,0.0005386,0.0,0.0,0.0,0.0,0.0,0.0,0.0,0.0,0.0,0.0,0.0,0.0,0.0,0.0,0.0,0.0,0.0,0.0,0.0043838,0.0562055,0.0724113,0.0309976,0.0025445,0.0029224,0.0073515,0.0054887,0.0060505,0.0065892,0.008014,0.0068703,0.0095292,0.0132624,0.0056029],"upper":[0.0220832,0.0460997,0.031797,0.0234043,0.0231602,0.0252161,0.0178698,0.0,0.0,0.0,0.0,0.0,0.0,0.5385399,0.5584688,0.3679037,0.0,0.0,0.0024322,0.0,0.0,0.0,0.0,0.0,0.0,0.0,0.0,0.0,0.0,0.0,0.0,0.0,0.0,0.0,0.0,0.0,0.0,0.0212005,0.1828467,0.2049119,0.1059617,0.0075283,0.0082079,0.0258877,0.0243133,0.0283784,0.0368529,0.0476079,0.0546968,0.0645788,0.06484,0.0325805],"occurrence":[0.0106162,0.0195246,0.0132564,0.0089941,0.0079129,0.0087065,0.0052079,0.0,0.0,0.0,0.0,0.0,0.0,0.2020099,0.2443708,0.1662963,0.0,0.0,0.0010082,0.0,0.0,0.0,0.0,0.0,0.0,0.0,0.0,0.0,0.0,0.0,0.0,0.0,0.0,0.0,0.0,0.0,0.0,0.0082054,0.0764459,0.0930147,0.0476429,0.0038815,0.0039159,0.0122924,0.0106281,0.0125526,0.0152881,0.020491,0.0231799,0.0298644,0.0310577,0.0140966],"regions":["south"]},"geometry":{"type":"Polygon","coordinates":[[[-87.15455,41.88777],[-86.83295,41.88777],[-86.76049,41.76055],[-86.91816,41.76061],[-87.08189,41.76067],[-87.15455,41.88777]]]}},{"type":"Feature","properties":{"cell_id":602.0,"area_km2":377.5653134,"elevation_m":214.5393524,"longitude":-86.6358914,"latitude":41.824113,"abundance":[0.0216199,0.0260937,0.0196071,0.0166133,0.0149978,0.0212913,0.0145119,0.0,0.0,0.0,0.0,0.0,0.0,0.1241092,0.1582074,0.1051081,0.0,0.0,0.0011166,0.0,0.0,0.0,0.0,0.0,0.0,0.0,0.0,0.0,0.0,0.0,0.0,0.0,0.0,0.0,0.0,0.0,0.0,0.0019462,0.0364914,0.0758333,0.0207487,0.0028824,0.005337,0.0206089,0.0202806,0.0218729,0.0202342,0.0225297,0.0302374,0.0453374,0.0448739,0.0244138],"lower":[0.0099769,0.0102294,0.0067808,0.0046083,0.0041951,0.0060359,0.0031011,0.0,0.0,0.0,0.0,0.0,0.0,0.0627097,0.1007,0.0672876,0.0,0.0,0.0005622,0.0,0.0,0.0,0.0,0.0,0.0,0.0,0.0,0.0,0.0,0.0,0.0,0.0,0.0,0.0,0.0,0.0,0.0,0.0006376,0.0191042,0.0430951,0.0113282,0.0015572,0.0025509,0.0098402,0.0088554,0.0093985,0.0089491,0.0089002,0.0110686,0.0188264,0.0211443,0.0117494],"upper":[0.041153,0.0563867,0.0484796,0.0403303,0.0391208,0.0545231,0.0455575,0.0,0.0,0.0,0.0,0.0,0.0,0.2165755,0.242753,0.1575727,0.0,0.0,0.0022754,0.0,0.0,0.0,0.0,0.0,0.0,0.0,0.0,0.0,0.0,0.0,0.0,0.0,0.0,0.0,0.0,0.0,0.0,0.0042607,0.0580034,0.1174158,0.0338444,0.0048641,0.0092642,0.0343482,0.0363443,0.0411832,0.041335,0.0445005,0.0589907,0.0850074,0.0804416,0.0477153],"occurrence":[0.0202072,0.0246665,0.0189665,0.0163933,0.0147505,0.0209,0.0141814,0.0,0.0,0.0,0.0,0.0,0.0,0.0848387,0.1162983,0.0771141,0.0,0.0,0.0009937,0.0,0.0,0.0,0.0,0.0,0.0,0.0,0.0,0.0,0.0,0.0,0.0,0.0,0.0,0.0,0.0,0.0,0.0,0.001444,0.0260187,0.0548054,0.0141392,0.0020548,0.0043233,0.0171495,0.0170779,0.0190595,0.0182078,0.0208024,0.0284011,0.0427699,0.0420201,0.0226915],"regions":["south"]},"geometry":{"type":"Polygon","coordinates":[[[-86.83295,41.88777],[-86.51134,41.88777],[-86.43909,41.76043],[-86.61504,41.7605],[-86.76049,41.76055],[-86.83295,41.88777]]]}},{"type":"Feature","properties":{"cell_id":603.0,"area_km2":377.9489018,"elevation_m":233.2408447,"longitude":-86.3143831,"latitude":41.8240483,"abundance":[0.0317417,0.0343961,0.0337508,0.0286129,0.0316257,0.0413022,0.0324481,0.0066797,0.0061121,0.0045249,0.0018045,0.0,0.0038787,0.2903139,0.3279988,0.2300713,0.0228872,0.0,0.0,0.0,0.0,0.0,0.0,0.0,0.0,0.0,0.0,0.0,0.0,0.0,0.0,0.0,0.0,0.0,0.0,0.0,0.0,0.0,0.0646233,0.1563451,0.0658299,0.0093913,0.0188044,0.0446826,0.0453429,0.0513276,0.0432923,0.0451015,0.0621108,0.0688958,0.0597092,0.0356025],"lower":[0.0155542,0.0156329,0.0142932,0.0114063,0.0112121,0.0141619,0.0096287,0.0027665,0.002736,0.0020865,0.0008197,0.0,0.0013018,0.1588504,0.2140261,0.1439732,0.0118007,0.0,0.0,0.0,0.0,0.0,0.0,0.0,0.0,0.0,0.0,0.0,0.0,0.0,0.0,0.0,0.0,0.0,0.0,0.0,0.0,0.0,0.0311512,0.0842585,0.0298415,0.0048428,0.00832,0.0219324,0.0220313,0.0266005,0.0214553,0.0206825,0.0296706,0.0359788,0.0292351,0.0179876],"upper":[0.0554539,0.0668739,0.0731182,0.0617913,0.0704129,0.0951412,0.0835037,0.014393,0.0117241,0.0088015,0.0039944,0.0,0.0083831,0.4674053,0.487582,0.333794,0.0373666,0.0,0.0,0.0,0.0,0.0,0.0,0.0,0.0,0.0,0.0,0.0,0.0,0.0,0.0,0.0,0.0,0.0,0.0,0.0,0.0,0.0,0.1089697,0.2482367,0.1095841,0.0176823,0.0311138,0.0718972,0.0779437,0.0894823,0.0794191,0.0810072,0.107948,0.1148739,0.1042347,0.0667419],"occurrence":[0.0297906,0.032832,0.0330479,0.0280917,0.0310008,0.0405361,0.0315278,0.0064206,0.0058142,0.0041368,0.0015721,0.0,0.0027916,0.2004489,0.2495665,0.1764971,0.0192668,0.0,0.0,0.0,0.0,0.0,0.0,0.0,0.0,0.0,0.0,0.0,0.0,0.0,0.0,0.0,0.0,0.0,0.0,0.0,0.0,0.0,0.050767,0.121706,0.0530827,0.0081482,0.0155631,0.036244,0.0373272,0.0439858,0.0388014,0.0420848,0.0584601,0.0649474,0.0561118,0.0335785],"regions":["south"]},"geometry":{"type":"Polygon","coordinates":[[[-86.51134,41.88777],[-86.18974,41.88777],[-86.11767,41.76029],[-86.31193,41.76038],[-86.43909,41.76043],[-86.51134,41.88777]]]}},{"type":"Feature","properties":{"cell_id":604.0,"area_km2":378.3616366,"elevation_m":250.1793823,"longitude":-85.992874,"latitude":41.8239788,"abundance":[0.0197255,0.021539,0.0268053,0.0196174,0.0217973,0.0316301,0.0259895,0.0043402,0.0040093,0.0019737,0.0,0.0,0.0140211,0.2899128,0.3132543,0.2248366,0.0213576,0.0099333,0.0012829,0.0,0.0,0.0,0.0,0.0,0.0,0.0,0.0,0.0,0.0,0.0,0.0,0.0,0.0,0.0,0.0,0.0,0.0,0.0,0.0611456,0.1733367,0.1253147,0.0419819,0.0231622,0.0484046,0.0476917,0.0433518,0.0319733,0.0350167,0.0395549,0.0444017,0.0289735,0.0205725],"lower":[0.0089201,0.0092159,0.0100598,0.0072184,0.0072149,0.010784,0.0080268,0.001636,0.0014658,0.0006652,0.0,0.0,0.0037263,0.1639896,0.1907306,0.1307332,0.0107382,0.0041575,0.0003934,0.0,0.0,0.0,0.0,0.0,0.0,0.0,0.0,0.0,0.0,0.0,0.0,0.0,0.0,0.0,0.0,0.0,0.0,0.0,0.0287068,0.0906864,0.0588307,0.0219721,0.0119721,0.024507,0.022993,0.0224533,0.0155242,0.015478,0.018296,0.0210914,0.0130223,0.0096099],"upper":[0.0365089,0.0459671,0.0582338,0.0435602,0.0490669,0.0745344,0.0645396,0.0102325,0.0087067,0.0045103,0.0,0.0,0.0277212,0.485743,0.4859627,0.3413915,0.0325095,0.0177996,0.0026082,0.0,0.0,0.0,0.0,0.0,0.0,0.0,0.0,0.0,0.0,0.0,0.0,0.0,0.0,0.0,0.0,0.0,0.0,0.0,0.109137,0.2707415,0.2065661,0.0764603,0.0388627,0.0794022,0.083651,0.0787129,0.060848,0.0653186,0.0705315,0.0781959,0.0521298,0.0377649],"occurrence":[0.0187405,0.0208006,0.0259729,0.0192631,0.0212244,0.0306855,0.0249191,0.0041348,0.0037755,0.0017259,0.0,0.0,0.0106225,0.2051872,0.2438994,0.1749675,0.0184071,0.0089177,0.0012103,0.0,0.0,0.0,0.0,0.0,0.0,0.0,0.0,0.0,0.0,0.0,0.0,0.0,0.0,0.0,0.0,0.0,0.0,0.0,0.0500517,0.1340622,0.1023794,0.0350811,0.0194346,0.0401321,0.0404303,0.0379155,0.0288217,0.0321744,0.0364612,0.0413195,0.0271956,0.0194222],"regions":["south"]},"geometry":{"type":"Polygon","coordinates":[[[-86.18974,41.88777],[-85.86814,41.88777],[-85.79626,41.76015],[-86.00883,41.76024],[-86.11767,41.76029],[-86.18974,41.88777]]]}},{"type":"Feature","properties":{"cell_id":605.0,"area_km2":378.7762633,"elevation_m":260.6443787,"longitude":-85.6713662,"latitude":41.8239089,"abundance":[0.0063718,0.0090848,0.0145593,0.009925,0.0124312,0.0187497,0.0177536,0.00129,0.0014251,0.0004552,0.0004825,0.0,0.0,0.169879,0.1960614,0.1103535,0.0,0.000807,0.0,0.0,0.0,0.0,0.0,0.0,0.0,0.0,0.0,0.0,0.0,0.0,0.0,0.0,0.0,0.0,0.0,0.0,0.0,0.0,0.0301227,0.113507,0.0779843,0.0411759,0.0216928,0.0306245,0.0287353,0.0241109,0.0173164,0.0168861,0.0221114,0.0242968,0.0110874,0.0062394],"lower":[0.0025734,0.0033841,0.0043197,0.0027741,0.0035447,0.005608,0.0054863,0.0004874,0.0006225,0.0002012,0.0002284,0.0,0.0,0.0919908,0.1138205,0.0616941,0.0,0.0003843,0.0,0.0,0.0,0.0,0.0,0.0,0.0,0.0,0.0,0.0,0.0,0.0,0.0,0.0,0.0,0.0,0.0,0.0,0.0,0.0,0.0150688,0.0644656,0.0442627,0.0227845,0.0118727,0.0159893,0.0148253,0.0129038,0.0091737,0.0077923,0.0100317,0.0096955,0.0039888,0.0026186],"upper":[0.0125726,0.0207703,0.0344748,0.0235452,0.0306205,0.046647,0.0440163,0.0030619,0.0037216,0.0010062,0.0011218,0.0,0.0,0.3104303,0.3114552,0.1777926,0.0,0.0018367,0.0,0.0,0.0,0.0,0.0,0.0,0.0,0.0,0.0,0.0,0.0,0.0,0.0,0.0,0.0,0.0,0.0,0.0,0.0,0.0,0.0526278,0.1802638,0.1246662,0.0720835,0.0371884,0.0504249,0.0480531,0.0425711,0.033057,0.0326007,0.041877,0.0469799,0.0223622,0.012011],"occurrence":[0.005967,0.0085163,0.0139258,0.0096217,0.0118976,0.017808,0.0167413,0.0012338,0.0013587,0.0003777,0.0004074,0.0,0.0,0.1129228,0.1579542,0.0874338,0.0,0.0007614,0.0,0.0,0.0,0.0,0.0,0.0,0.0,0.0,0.0,0.0,0.0,0.0,0.0,0.0,0.0,0.0,0.0,0.0,0.0,0.0,0.0245218,0.087085,0.062819,0.0337941,0.0182508,0.0258785,0.0244964,0.0212006,0.0158107,0.0156407,0.0205016,0.0227236,0.0103596,0.0057322],"regions":["south"]},"geometry":{"type":"Polygon","coordinates":[[[-85.86814,41.88777],[-85.54653,41.88777],[-85.47485,41.76001],[-85.70571,41.76011],[-85.79626,41.76015],[-85.86814,41.88777]]]}},{"type":"Feature","properties":{"cell_id":606.0,"area_km2":379.1792246,"elevation_m":279.126709,"longitude":-85.3498615,"latitude":41.8238409,"abundance":[0.0049304,0.0060485,0.0079583,0.003951,0.0035574,0.0053036,0.0074292,0.0012896,0.0017136,0.0008594,0.0,0.0,0.0,0.1132612,0.1890986,0.0916508,0.0013845,0.0,0.0,0.0,0.0,0.0,0.0,0.0,0.0,0.0,0.0,0.0,0.0,0.0,0.0,0.0,0.0,0.0,0.0,0.0,0.0,0.0,0.024097,0.0875868,0.0580017,0.0221051,0.0147535,0.0172913,0.018883,0.0165993,0.0107658,0.0118396,0.0108988,0.0108372,0.0066918,0.0047739],"lower":[0.0016257,0.0023974,0.0019858,0.0009179,0.0009302,0.0008374,0.0014618,0.0003215,0.0005418,0.0002583,0.0,0.0,0.0,0.0591618,0.1071788,0.0499211,0.0006935,0.0,0.0,0.0,0.0,0.0,0.0,0.0,0.0,0.0,0.0,0.0,0.0,0.0,0.0,0.0,0.0,0.0,0.0,0.0,0.0,0.0,0.0129825,0.0478561,0.0315078,0.0114876,0.0071752,0.0074204,0.0075066,0.0074288,0.004985,0.0051546,0.004533,0.0033204,0.0022761,0.0018579],"upper":[0.0116635,0.0176914,0.023666,0.0123762,0.0108585,0.016015,0.0219333,0.0043013,0.005207,0.0024312,0.0,0.0,0.0,0.2045775,0.2894718,0.1413748,0.0024388,0.0,0.0,0.0,0.0,0.0,0.0,0.0,0.0,0.0,0.0,0.0,0.0,0.0,0.0,0.0,0.0,0.0,0.0,0.0,0.0,0.0,0.0437187,0.1390726,0.0894742,0.0391791,0.0274574,0.0311603,0.0342131,0.0324442,0.0217294,0.0240482,0.021159,0.0215207,0.0165504,0.0105242],"occurrence":[0.0047621,0.0058043,0.0076824,0.0038087,0.0033945,0.0049608,0.0068657,0.0012559,0.0015802,0.0007948,0.0,0.0,0.0,0.0765493,0.1509831,0.0719271,0.0011636,0.0,0.0,0.0,0.0,0.0,0.0,0.0,0.0,0.0,0.0,0.0,0.0,0.0,0.0,0.0,0.0,0.0,0.0,0.0,0.0,0.0,0.0197225,0.0670822,0.0467545,0.0180994,0.0127191,0.0148233,0.0166064,0.0149307,0.0098854,0.0109371,0.0100241,0.0100052,0.0063281,0.0045547],"regions":["south"]},"geometry":{"type":"Polygon","coordinates":[[[-85.54653,41.88777],[-85.22493,41.88777],[-85.15344,41.75988],[-85.40261,41.75998],[-85.47485,41.76001],[-85.54653,41.88777]]]}},{"type":"Feature","properties":{"cell_id":607.0,"area_km2":379.5728212,"elevation_m":305.2773743,"longitude":-85.028354,"latitude":41.8237746,"abundance":[0.0012961,0.0013244,0.001708,0.0004493,0.0004302,0.0003494,0.001194,0.0,0.0,0.0002453,0.0,0.0,0.0,0.1473175,0.2561906,0.1369153,0.0,0.0,0.0,0.0,0.0,0.0,0.0,0.0,0.0,0.0,0.0,0.0,0.0,0.0,0.0,0.0,0.0,0.0,0.0,0.0,0.0,0.0,0.0143246,0.1275381,0.0938337,0.0064076,0.0081592,0.0066751,0.0153682,0.0177132,0.0144707,0.015063,0.0055076,0.0040528,0.001454,0.0017196],"lower":[0.0002677,0.0002681,0.0,0.0,0.0,0.0,0.0,0.0,0.0,0.0,0.0,0.0,0.0,0.0752335,0.1329627,0.0706128,0.0,0.0,0.0,0.0,0.0,0.0,0.0,0.0,0.0,0.0,0.0,0.0,0.0,0.0,0.0,0.0,0.0,0.0,0.0,0.0,0.0,0.0,0.0071713,0.0676557,0.0487913,0.0024799,0.0035475,0.0018485,0.0033103,0.0040235,0.0018665,0.0040296,0.0002065,0.0,0.0,0.000479],"upper":[0.0030459,0.0028137,0.0045989,0.0012751,0.0012687,0.0011258,0.0040271,0.0,0.0,0.0006884,0.0,0.0,0.0,0.2475453,0.3915366,0.2206793,0.0,0.0,0.0,0.0,0.0,0.0,0.0,0.0,0.0,0.0,0.0,0.0,0.0,0.0,0.0,0.0,0.0,0.0,0.0,0.0,0.0,0.0,0.0259738,0.2129262,0.1574046,0.0126553,0.0167412,0.0127783,0.0323648,0.039653,0.0361564,0.0357815,0.0150322,0.0103859,0.0039055,0.004205],"occurrence":[0.0012001,0.0011933,0.0015697,0.0004209,0.0004037,0.0003061,0.0010955,0.0,0.0,0.000201,0.0,0.0,0.0,0.1064333,0.203803,0.1089189,0.0,0.0,0.0,0.0,0.0,0.0,0.0,0.0,0.0,0.0,0.0,0.0,0.0,0.0,0.0,0.0,0.0,0.0,0.0,0.0,0.0,0.0,0.0109333,0.0962853,0.0708957,0.0043788,0.006099,0.0052681,0.0125976,0.0151163,0.0128623,0.0133151,0.0049688,0.0035583,0.0013372,0.0015897],"regions":["south"]},"geometry":{"type":"Polygon","coordinates":[[[-85.22493,41.88777],[-84.90333,41.88777],[-84.83203,41.75974],[-85.0995,41.75986],[-85.15344,41.75988],[-85.22493,41.88777]]]}},{"type":"Feature","properties":{"cell_id":608.0,"area_km2":529.231572,"elevation_m":308.6065063,"longitude":-84.6909389,"latitude":41.7979157,"abundance":[0.0,0.0,0.0,0.0,0.0,0.0,0.0,0.0,0.0,0.0,0.0,0.0,0.0,0.1313511,0.2649218,0.1775874,0.0,0.0,0.0,0.0,0.0,0.0,0.0,0.0,0.0,0.0,0.0,0.0,0.0,0.0,0.0,0.0,0.0,0.0,0.0,0.0,0.0,0.0,0.0026601,0.1582229,0.0938877,0.0012255,0.0047114,0.0055361,0.009283,0.0094928,0.0074259,0.0068064,0.0023658,0.0017824,0.0007497,0.0],"lower":[0.0,0.0,0.0,0.0,0.0,0.0,0.0,0.0,0.0,0.0,0.0,0.0,0.0,0.0692225,0.1509332,0.0908261,0.0,0.0,0.0,0.0,0.0,0.0,0.0,0.0,0.0,0.0,0.0,0.0,0.0,0.0,0.0,0.0,0.0,0.0,0.0,0.0,0.0,0.0,0.0012717,0.0830237,0.0478635,0.000548,0.0020594,0.001627,0.0023255,0.0026005,0.0017182,0.0020019,0.0002084,0.0,0.0001033,0.0],"upper":[0.0,0.0,0.0,0.0,0.0,0.0,0.0,0.0,0.0,0.0,0.0,0.0,0.0,0.2216048,0.4017493,0.2736832,0.0,0.0,0.0,0.0,0.0,0.0,0.0,0.0,0.0,0.0,0.0,0.0,0.0,0.0,0.0,0.0,0.0,0.0,0.0,0.0,0.0,0.0,0.0060024,0.2519612,0.1456033,0.0022403,0.0103246,0.0110161,0.0185559,0.0201361,0.0173642,0.0160965,0.0061645,0.0043225,0.0017736,0.0],"occurrence":[0.0,0.0,0.0,0.0,0.0,0.0,0.0,0.0,0.0,0.0,0.0,0.0,0.0,0.0977763,0.2126495,0.1454809,0.0,0.0,0.0,0.0,0.0,0.0,0.0,0.0,0.0,0.0,0.0,0.0,0.0,0.0,0.0,0.0,0.0,0.0,0.0,0.0,0.0,0.0,0.0021301,0.1228753,0.0753352,0.0009156,0.0038476,0.0046133,0.0077843,0.0081907,0.0064427,0.0058814,0.0020545,0.0015289,0.0006958,0.0],"regions":["south"]},"geometry":{"type":"Polygon","coordinates":[[[-84.90333,41.88777],[-84.58172,41.88777],[-84.48338,41.71036],[-84.79611,41.70143],[-84.7964,41.75973],[-84.83203,41.75974],[-84.90333,41.88777]]]}},{"type":"Feature","properties":{"cell_id":609.0,"area_km2":512.9712868,"elevation_m":271.8395996,"longitude":-84.3743923,"latitude":41.801272,"abundance":[0.0,0.0,0.0,0.0,0.0,0.0,0.0,0.0,0.0,0.0,0.0,0.0,0.0,0.0975191,0.23476,0.1883706,0.0,0.0,0.0,0.0,0.0,0.0,0.0,0.0,0.0,0.0,0.0,0.0,0.0,0.0,0.0,0.0,0.0,0.0,0.0,0.0,0.0,0.0,0.005011,0.135385,0.0193105,0.0,0.004234,0.0037117,0.0043637,0.0040733,0.0031713,0.0032443,0.0024269,0.0020657,0.001962,0.0018843],"lower":[0.0,0.0,0.0,0.0,0.0,0.0,0.0,0.0,0.0,0.0,0.0,0.0,0.0,0.0519702,0.1437636,0.1094888,0.0,0.0,0.0,0.0,0.0,0.0,0.0,0.0,0.0,0.0,0.0,0.0,0.0,0.0,0.0,0.0,0.0,0.0,0.0,0.0,0.0,0.0,0.0025606,0.0680981,0.0101556,0.0,0.0018539,0.0011712,0.0011909,0.0011271,0.0010005,0.0009816,0.000748,0.0001404,0.000426,0.0004956],"upper":[0.0,0.0,0.0,0.0,0.0,0.0,0.0,0.0,0.0,0.0,0.0,0.0,0.0,0.1623473,0.3663271,0.2894384,0.0,0.0,0.0,0.0,0.0,0.0,0.0,0.0,0.0,0.0,0.0,0.0,0.0,0.0,0.0,0.0,0.0,0.0,0.0,0.0,0.0,0.0,0.0082948,0.2221462,0.0279396,0.0,0.007852,0.0069988,0.0081901,0.0081546,0.0070195,0.0073853,0.004865,0.0040324,0.0043779,0.0044465],"occurrence":[0.0,0.0,0.0,0.0,0.0,0.0,0.0,0.0,0.0,0.0,0.0,0.0,0.0,0.0709848,0.1843546,0.1535549,0.0,0.0,0.0,0.0,0.0,0.0,0.0,0.0,0.0,0.0,0.0,0.0,0.0,0.0,0.0,0.0,0.0,0.0,0.0,0.0,0.0,0.0,0.0040246,0.1063554,0.0157737,0.0,0.0035142,0.0031224,0.003654,0.003382,0.0027743,0.00278,0.0021198,0.0018404,0.0018101,0.0017278],"regions":["south"]},"geometry":{"type":"Polygon","coordinates":[[[-84.58172,41.88777],[-84.26012,41.88777],[-84.16713,41.7194],[-84.46313,41.71094],[-84.48338,41.71036],[-84.58172,41.88777]]]}},{"type":"Feature","properties":{"cell_id":610.0,"area_km2":486.1521445,"elevation_m":231.4652405,"longitude":-84.0555379,"latitude":41.8057907,"abundance":[0.0,0.0,0.0,0.0,0.0,0.0,0.0,0.0,0.0,0.0,0.0,0.0,0.0,0.0507675,0.1281022,0.0969455,0.0,0.0,0.0,0.0,0.0,0.0,0.0,0.0,0.0,0.0,0.0,0.0,0.0,0.0,0.0,0.0,0.0,0.0,0.0,0.0,0.0,0.0,0.0024308,0.0739869,0.0078979,0.0,0.0,0.0,0.0006508,0.0006341,0.0012275,0.0005166,0.0004437,0.0004289,0.0,0.0],"lower":[0.0,0.0,0.0,0.0,0.0,0.0,0.0,0.0,0.0,0.0,0.0,0.0,0.0,0.0260369,0.076056,0.0575743,0.0,0.0,0.0,0.0,0.0,0.0,0.0,0.0,0.0,0.0,0.0,0.0,0.0,0.0,0.0,0.0,0.0,0.0,0.0,0.0,0.0,0.0,0.001164,0.0378621,0.0047702,0.0,0.0,0.0,0.0002849,0.0002958,0.0004106,0.0001883,0.0001555,0.000152,0.0,0.0],"upper":[0.0,0.0,0.0,0.0,0.0,0.0,0.0,0.0,0.0,0.0,0.0,0.0,0.0,0.0837449,0.2143951,0.1549756,0.0,0.0,0.0,0.0,0.0,0.0,0.0,0.0,0.0,0.0,0.0,0.0,0.0,0.0,0.0,0.0,0.0,0.0,0.0,0.0,0.0,0.0,0.0037011,0.1169102,0.0115583,0.0,0.0,0.0,0.0015617,0.001594,0.0030821,0.0011859,0.0010321,0.0009918,0.0,0.0],"occurrence":[0.0,0.0,0.0,0.0,0.0,0.0,0.0,0.0,0.0,0.0,0.0,0.0,0.0,0.0378201,0.0996484,0.0796275,0.0,0.0,0.0,0.0,0.0,0.0,0.0,0.0,0.0,0.0,0.0,0.0,0.0,0.0,0.0,0.0,0.0,0.0,0.0,0.0,0.0,0.0,0.0018532,0.0587965,0.0062523,0.0,0.0,0.0,0.0006055,0.0006261,0.0011274,0.0004797,0.0003824,0.000362,0.0,0.0],"regions":["south"]},"geometry":{"type":"Polygon","coordinates":[[[-84.26012,41.88777],[-83.93852,41.88777],[-83.85084,41.72842],[-84.13015,41.72045],[-84.16713,41.7194],[-84.26012,41.88777]]]}},{"type":"Feature","properties":{"cell_id":611.0,"area_km2":459.3612606,"elevation_m":202.4937744,"longitude":-83.736671,"latitude":41.8103047,"abundance":[0.0108279,0.0068986,0.0066937,0.0101021,0.0116175,0.004991,0.0028201,0.0011046,0.000384,0.0,0.0,0.0,0.0,0.2326521,0.2652341,0.1986517,0.0619046,0.009078,0.0,0.0,0.0,0.0,0.0,0.0,0.0,0.0,0.0,0.0,0.0,0.0,0.0,0.0,0.0,0.0,0.0,0.0,0.0,0.0,0.1490925,0.2082934,0.1591242,0.0511506,0.0083977,0.0097355,0.0166386,0.0162396,0.0123789,0.0079368,0.0056838,0.0076004,0.0108647,0.016507],"lower":[0.0041958,0.0024406,0.0024865,0.0034339,0.0035147,0.001359,0.0007218,0.0002991,0.0001165,0.0,0.0,0.0,0.0,0.1615151,0.1831721,0.1257417,0.0338213,0.004388,0.0,0.0,0.0,0.0,0.0,0.0,0.0,0.0,0.0,0.0,0.0,0.0,0.0,0.0,0.0,0.0,0.0,0.0,0.0,0.0,0.0923784,0.1441942,0.1047569,0.0288573,0.0035922,0.0033889,0.0052135,0.0061839,0.0050424,0.0035501,0.002633,0.0037905,0.0044176,0.0068461],"upper":[0.020172,0.0125508,0.0121255,0.0207947,0.024459,0.0108429,0.007963,0.0025613,0.0008174,0.0,0.0,0.0,0.0,0.3243397,0.387453,0.2820348,0.1007191,0.0164519,0.0,0.0,0.0,0.0,0.0,0.0,0.0,0.0,0.0,0.0,0.0,0.0,0.0,0.0,0.0,0.0,0.0,0.0,0.0,0.0,0.2120172,0.2832239,0.2276397,0.0809198,0.0150779,0.0204831,0.0328747,0.0331582,0.0275003,0.015831,0.0109748,0.0153089,0.0209436,0.0311048],"occurrence":[0.0105786,0.0066852,0.006434,0.0096796,0.0112723,0.0048307,0.0027193,0.0010477,0.0003618,0.0,0.0,0.0,0.0,0.1691249,0.1948004,0.1523436,0.0481072,0.0074768,0.0,0.0,0.0,0.0,0.0,0.0,0.0,0.0,0.0,0.0,0.0,0.0,0.0,0.0,0.0,0.0,0.0,0.0,0.0,0.0,0.1172838,0.1621816,0.1254237,0.0387415,0.0065613,0.007346,0.0138777,0.0134922,0.0110624,0.0067339,0.0050184,0.0068847,0.0102511,0.0159772],"regions":["south"]},"geometry":{"type":"Polygon","coordinates":[[[-83.93852,41.88777],[-83.61691,41.88777],[-83.5345,41.73744],[-83.79718,41.72995],[-83.85084,41.72842],[-83.93852,41.88777]]]}},{"type":"Feature","properties":{"cell_id":612.0,"area_km2":308.1063142,"elevation_m":179.3565521,"longitude":-83.4574199,"latitude":41.8288546,"abundance":[0.0009777,0.001231,0.0025693,0.0032307,0.0031502,0.0017138,0.0004645,0.0003367,0.0,0.0,0.0,0.0,0.0,0.2086911,0.2444278,0.1698332,0.0193581,0.0092938,0.0105465,0.0,0.0,0.0,0.0,0.0,0.0,0.0,0.0,0.0,0.0,0.0,0.0,0.0,0.0,0.0,0.0,0.0,0.0,0.0155639,0.1622354,0.2670706,0.1847718,0.1018778,0.0,0.0,0.0,0.0,0.0013937,0.0014704,0.0008142,0.0009151,0.0008596,0.0009428],"lower":[0.000327,0.0003147,0.0007819,0.0009537,0.0008015,0.0003872,7.85e-05,5.84e-05,0.0,0.0,0.0,0.0,0.0,0.1223309,0.150513,0.0985391,0.010839,0.0045593,0.0042723,0.0,0.0,0.0,0.0,0.0,0.0,0.0,0.0,0.0,0.0,0.0,0.0,0.0,0.0,0.0,0.0,0.0,0.0,0.0065586,0.0985968,0.1737276,0.1237424,0.0513682,0.0,0.0,0.0,0.0,0.0005531,0.0006428,0.0002994,0.0003798,0.0002979,0.0002663],"upper":[0.002057,0.0023372,0.0054922,0.0063665,0.0076856,0.0042703,0.0009646,0.000631,0.0,0.0,0.0,0.0,0.0,0.3207164,0.3731738,0.2668633,0.0333532,0.0182483,0.0220872,0.0,0.0,0.0,0.0,0.0,0.0,0.0,0.0,0.0,0.0,0.0,0.0,0.0,0.0,0.0,0.0,0.0,0.0,0.0304133,0.2304043,0.3792412,0.2641774,0.1573315,0.0,0.0,0.0,0.0,0.0029658,0.0030736,0.0013474,0.0014938,0.0013173,0.0017619],"occurrence":[0.0009663,0.0012296,0.0024163,0.0030447,0.002974,0.001669,0.0004582,0.0003227,0.0,0.0,0.0,0.0,0.0,0.1609242,0.1945259,0.1407859,0.015872,0.0084299,0.0099923,0.0,0.0,0.0,0.0,0.0,0.0,0.0,0.0,0.0,0.0,0.0,0.0,0.0,0.0,0.0,0.0,0.0,0.0,0.0107247,0.1074332,0.170608,0.1318644,0.0788501,0.0,0.0,0.0,0.0,0.0012223,0.0012853,0.0007705,0.0008776,0.0008224,0.0009181],"regions":["south"]},"geometry":{"type":"Polygon","coordinates":[[[-83.61691,41.88777],[-83.29531,41.88777],[-83.27703,41.85437],[-83.30395,41.83781],[-83.4642,41.73945],[-83.5345,41.73744],[-83.61691,41.88777]]]}}]}